{
	"format_version": "1.12.0",
	"minecraft:geometry": [
		{
			"description": {
				"identifier": "geometry.unknown",
				"texture_width": 32,
				"texture_height": 32,
				"visible_bounds_width": 2,
				"visible_bounds_height": 4.5,
				"visible_bounds_offset": [0, 1.75, 0]
			},
			"bones": [
				{
					"name": "bipedHead",
					"pivot": [0, 24, 0]
				},
				{
					"name": "armorHead",
					"parent": "bipedHead",
					"pivot": [0, 24, 0]
				},
				{
					"name": "bone",
					"parent": "armorHead",
					"pivot": [-1.8125, 35.34061, -0.94428],
					"rotation": [0, -90, 0]
				},
				{
					"name": "bone6",
					"parent": "bone",
					"pivot": [-1.75, 33.42395, -0.94428],
					"cubes": [
						{"origin": [-0.75, 31.59061, -6.44428], "size": [1, 3, 3], "uv": [0, 16]},
						{"origin": [-2.75, 31.59061, -6.44428], "size": [2, 5, 3], "uv": [20, 8]},
						{"origin": [-3.5, 31.59061, -5.94428], "size": [1, 3, 2], "uv": [9, 16]}
					]
				},
				{
					"name": "bone7",
					"parent": "bone6",
					"pivot": [-1.75, 35.09061, -0.94428],
					"cubes": [
						{"origin": [-2.75, 35.59061, -6.44428], "size": [2, 3, 3], "uv": [0, 6]}
					]
				},
				{
					"name": "bone8",
					"parent": "bone7",
					"pivot": [-2, 35.59061, -0.94428],
					"cubes": [
						{"origin": [-2.5, 38.59061, -5.94428], "size": [1, 3, 2], "uv": [22, 11]}
					]
				},
				{
					"name": "bone2",
					"parent": "armorHead",
					"pivot": [-5.8125, 35.34061, -0.94428],
					"rotation": [0, -90, 0]
				},
				{
					"name": "bone3",
					"parent": "bone2",
					"pivot": [-5.75, 33.42395, -0.94428],
					"cubes": [
						{"origin": [-4.75, 31.59061, -6.44428], "size": [1, 3, 3], "uv": [0, 16]},
						{"origin": [-6.75, 31.59061, -6.44428], "size": [2, 5, 3], "uv": [20, 8]},
						{"origin": [-7.5, 31.59061, -5.94428], "size": [1, 3, 2], "uv": [9, 16]}
					]
				},
				{
					"name": "bone4",
					"parent": "bone3",
					"pivot": [-5.75, 35.09061, -0.94428],
					"cubes": [
						{"origin": [-6.75, 35.59061, -6.44428], "size": [2, 3, 3], "uv": [0, 6]}
					]
				},
				{
					"name": "bone5",
					"parent": "bone4",
					"pivot": [-6, 35.59061, -0.94428],
					"cubes": [
						{"origin": [-6.5, 38.59061, -5.94428], "size": [1, 3, 2], "uv": [22, 11]}
					]
				},
				{
					"name": "bipedBody",
					"pivot": [0, 24, 0]
				},
				{
					"name": "armorBody",
					"parent": "bipedBody",
					"pivot": [0, 24, 0]
				},
				{
					"name": "bipedRightArm",
					"pivot": [-4, 22, 0]
				},
				{
					"name": "armorRightArm",
					"parent": "bipedRightArm",
					"pivot": [-4, 22, 0]
				},
				{
					"name": "bipedLeftArm",
					"pivot": [4, 22, 0]
				},
				{
					"name": "armorLeftArm",
					"parent": "bipedLeftArm",
					"pivot": [4, 22, 0]
				},
				{
					"name": "bipedLeftLeg",
					"pivot": [2, 12, 0]
				},
				{
					"name": "armorLeftLeg",
					"parent": "bipedLeftLeg",
					"pivot": [2, 12, 0]
				},
				{
					"name": "armorLeftBoot",
					"parent": "bipedLeftLeg",
					"pivot": [2, 12, 0]
				},
				{
					"name": "bipedRightLeg",
					"pivot": [-2, 12, 0]
				},
				{
					"name": "armorRightLeg",
					"parent": "bipedRightLeg",
					"pivot": [-2, 12, 0]
				},
				{
					"name": "armorRightBoot",
					"parent": "bipedRightLeg",
					"pivot": [-2, 12, 0]
				}
			]
		}
	]
}