{
	"format_version": "1.12.0",
	"minecraft:geometry": [
		{
			"description": {
				"identifier": "geometry.unknown",
				"texture_width": 64,
				"texture_height": 64,
				"visible_bounds_width": 2,
				"visible_bounds_height": 3.5,
				"visible_bounds_offset": [0, 1.25, 0]
			},
			"bones": [
				{
					"name": "bipedHead",
					"pivot": [0, 24, 0]
				},
				{
					"name": "armorHead",
					"parent": "bipedHead",
					"pivot": [0, 24, 0],
					"cubes": [
						{
							"origin": [-4, 24, -4],
							"size": [8, 8, 8],
							"uv": {
								"north": {"uv": [48, 32], "uv_size": [13, 12]},
								"east": {"uv": [0, 8], "uv_size": [8, 8]},
								"south": {"uv": [24, 8], "uv_size": [8, 8]},
								"west": {"uv": [16, 8], "uv_size": [8, 8]},
								"up": {"uv": [8, 0], "uv_size": [8, 8]},
								"down": {"uv": [16, 8], "uv_size": [8, -8]}
							}
						},
						{"origin": [-4, 24, -4], "size": [8, 8, 8], "inflate": 0.5, "uv": [0, 48]},
						{
							"origin": [-4, 34, -5.5],
							"size": [8, 1.25, 9],
							"pivot": [0, 24, 0],
							"rotation": [-7.5, 0, 0],
							"uv": {
								"north": {"uv": [56, 24], "uv_size": [8, 3]},
								"east": {"uv": [56, 24], "uv_size": [8, 3]},
								"south": {"uv": [56, 24], "uv_size": [8, 3]},
								"west": {"uv": [56, 24], "uv_size": [8, 3]},
								"up": {"uv": [61, 20], "uv_size": [3, 3]},
								"down": {"uv": [61, 23], "uv_size": [3, -3]}
							}
						},
						{
							"origin": [-4.75, 30, -6],
							"size": [9.5, 4, 10.5],
							"pivot": [0, 24, 0],
							"rotation": [-7.5, 0, 0],
							"uv": {
								"north": {"uv": [56, 26], "uv_size": [8, 4]},
								"east": {"uv": [56, 26], "uv_size": [8, 4]},
								"south": {"uv": [56, 26], "uv_size": [8, 4]},
								"west": {"uv": [56, 26], "uv_size": [8, 4]},
								"up": {"uv": [61, 20], "uv_size": [3, 3]},
								"down": {"uv": [61, 23], "uv_size": [3, -3]}
							}
						},
						{
							"origin": [-5.75, 30, -7.5],
							"size": [11.5, 1, 12.5],
							"pivot": [0, 24, 0],
							"rotation": [-7.5, 0, 0],
							"uv": {
								"north": {"uv": [53, 30], "uv_size": [11, 2]},
								"east": {"uv": [52, 29], "uv_size": [12, 2]},
								"south": {"uv": [53, 30], "uv_size": [11, 2]},
								"west": {"uv": [52, 30], "uv_size": [12, 2]},
								"up": {"uv": [61, 20], "uv_size": [3, 2]},
								"down": {"uv": [61, 22], "uv_size": [3, -2]}
							}
						},
						{"origin": [-0.75, 25.5, -9], "size": [1, 1, 5], "pivot": [0, 24, 0], "rotation": [10, 7.5, 0], "uv": [48, 57]},
						{
							"origin": [-3, 32.5, -4.7],
							"size": [2, 3, 0],
							"pivot": [0, 24, 0],
							"rotation": [2.5, 2.5, -5],
							"uv": {
								"north": {"uv": [48, 56], "uv_size": [5, 6]},
								"east": {"uv": [2, 2], "uv_size": [0, 3]},
								"south": {"uv": [4, 2], "uv_size": [2, 3]},
								"west": {"uv": [4, 2], "uv_size": [0, 3]},
								"up": {"uv": [2, 2], "uv_size": [2, 0]},
								"down": {"uv": [4, 2], "uv_size": [2, 0]}
							}
						},
						{
							"origin": [-5.25, 18, 4],
							"size": [9.5, 11, 2],
							"pivot": [4, 18, -3],
							"rotation": [5, 0, 2.5],
							"uv": {
								"north": {"uv": [3, 52], "uv_size": [4, 4]},
								"east": {"uv": [48, 0], "uv_size": [1, 14]},
								"south": {"uv": [48, 0], "uv_size": [9, 14]},
								"west": {"uv": [57, 0], "uv_size": [-1, 14]},
								"up": {"uv": [49, 1], "uv_size": [7, 2]},
								"down": {"uv": [0, 55], "uv_size": [2, -2]}
							}
						},
						{
							"origin": [4, 24, -5],
							"size": [1, 7, 4],
							"pivot": [0, 24, 0],
							"rotation": [-7.5, 0, -2.5],
							"uv": {
								"north": {"uv": [9, 0], "uv_size": [2, 7]},
								"east": {"uv": [8, 0], "uv_size": [4, 7]},
								"south": {"uv": [9, 0], "uv_size": [2, 7]},
								"west": {"uv": [9, 0], "uv_size": [4, 7]},
								"up": {"uv": [8, 0], "uv_size": [3, 6]},
								"down": {"uv": [9, 6], "uv_size": [2, -5]}
							}
						},
						{
							"origin": [-5, 24, -5],
							"size": [1, 7, 4],
							"pivot": [0, 24, 0],
							"rotation": [-7.5, 0, 2.5],
							"uv": {
								"north": {"uv": [11, 0], "uv_size": [-2, 7]},
								"east": {"uv": [13, 0], "uv_size": [-4, 7]},
								"south": {"uv": [11, 0], "uv_size": [-2, 7]},
								"west": {"uv": [12, 0], "uv_size": [-4, 7]},
								"up": {"uv": [11, 0], "uv_size": [-3, 6]},
								"down": {"uv": [11, 6], "uv_size": [-2, -5]}
							}
						}
					]
				},
				{
					"name": "bipedBody",
					"pivot": [0, 24, 0]
				},
				{
					"name": "armorBody",
					"parent": "bipedBody",
					"pivot": [0, 24, 0],
					"cubes": [
						{"origin": [-3.5, 12, -2], "size": [7, 12, 4], "uv": [0, 16]},
						{
							"origin": [-4.25, 18.5, -5.2],
							"size": [4, 4, 3],
							"pivot": [0, 24, 0],
							"rotation": [17.5, 0, 2.5],
							"uv": {
								"north": {"uv": [11, 23], "uv_size": [-4, 3]},
								"east": {"uv": [10, 23], "uv_size": [-3, 3]},
								"south": {"uv": [9, 22], "uv_size": [-5, 3]},
								"west": {"uv": [9, 24], "uv_size": [-3, 3]},
								"up": {"uv": [45, 28], "uv_size": [-4, 4]},
								"down": {"uv": [10, 26], "uv_size": [-3, -3]}
							}
						},
						{
							"origin": [0.25, 18.5, -5.2],
							"size": [4, 4, 3],
							"pivot": [0, 24, 0],
							"rotation": [17.5, 0, -2.5],
							"uv": {
								"north": {"uv": [7, 23], "uv_size": [4, 3]},
								"east": {"uv": [6, 24], "uv_size": [3, 3]},
								"south": {"uv": [4, 22], "uv_size": [5, 3]},
								"west": {"uv": [7, 23], "uv_size": [3, 3]},
								"up": {"uv": [41, 28], "uv_size": [4, 4]},
								"down": {"uv": [7, 26], "uv_size": [3, -3]}
							}
						},
						{
							"origin": [-4.5, 15.25, -2.25],
							"size": [9, -2, 5],
							"uv": {
								"north": {"uv": [32, 5], "uv_size": [9, 3]},
								"east": {"uv": [36, 13], "uv_size": [3, 2]},
								"south": {"uv": [32, 5], "uv_size": [9, 4]},
								"west": {"uv": [32, 5], "uv_size": [4, 4]},
								"up": {"uv": [33, 6], "uv_size": [9, 3]},
								"down": {"uv": [33, 9], "uv_size": [8, -3]}
							}
						},
						{
							"origin": [-5, 14, -2.5],
							"size": [10, -3, 5],
							"uv": {
								"north": {"uv": [55, 44], "uv_size": [9, 3]},
								"east": {"uv": [61, 44], "uv_size": [3, 2]},
								"south": {"uv": [55, 44], "uv_size": [9, 4]},
								"west": {"uv": [60, 44], "uv_size": [4, 4]},
								"up": {"uv": [55, 45], "uv_size": [9, 3]},
								"down": {"uv": [56, 48], "uv_size": [8, -3]}
							}
						},
						{
							"origin": [0.25, 10.5, 1],
							"size": [4.25, 3.5, 4],
							"pivot": [0, 24, 0],
							"rotation": [-5, 7.5, 2.5],
							"uv": {
								"north": {"uv": [60, 45], "uv_size": [4, 3]},
								"east": {"uv": [60, 45], "uv_size": [4, 3]},
								"south": {"uv": [60, 45], "uv_size": [4, 3]},
								"west": {"uv": [56, 45], "uv_size": [4, 3]},
								"up": {"uv": [60, 44], "uv_size": [4, 4]},
								"down": {"uv": [60, 48], "uv_size": [4, -4]}
							}
						},
						{
							"origin": [-4.5, 10.5, 1],
							"size": [4.25, 3.5, 4],
							"pivot": [0, 24, 0],
							"rotation": [-5, -7.5, -2.5],
							"uv": {
								"north": {"uv": [64, 45], "uv_size": [-4, 3]},
								"east": {"uv": [60, 45], "uv_size": [-4, 3]},
								"south": {"uv": [64, 45], "uv_size": [-4, 3]},
								"west": {"uv": [64, 45], "uv_size": [-4, 3]},
								"up": {"uv": [64, 44], "uv_size": [-4, 4]},
								"down": {"uv": [64, 48], "uv_size": [-4, -4]}
							}
						}
					]
				},
				{
					"name": "bipedRightArm",
					"pivot": [-4, 22, 0]
				},
				{
					"name": "armorRightArm",
					"parent": "bipedRightArm",
					"pivot": [-4, 22, 0],
					"cubes": [
						{"origin": [-7, 11.5, -1], "size": [3, 12, 3.5], "pivot": [-4, 22, 0], "rotation": [-5, 0, 5], "uv": [17, 33]}
					]
				},
				{
					"name": "bipedLeftArm",
					"pivot": [4, 22, 0]
				},
				{
					"name": "armorLeftArm",
					"parent": "bipedLeftArm",
					"pivot": [4, 22, 0],
					"cubes": [
						{"origin": [4, 11.5, -1], "size": [3, 12, 3.5], "pivot": [4, 22, 0], "rotation": [-5, 0, -5], "uv": [17, 33], "mirror": true}
					]
				},
				{
					"name": "bipedLeftLeg",
					"pivot": [2, 12, 0]
				},
				{
					"name": "armorLeftLeg",
					"parent": "bipedLeftLeg",
					"pivot": [2, 12, 0],
					"cubes": [
						{
							"origin": [1.2, 7, -2.5],
							"size": [4, 4, 5],
							"pivot": [4, 22, 0],
							"rotation": [0, 0, 3],
							"uv": {
								"north": {"uv": [4, 43], "uv_size": [4, 4]},
								"east": {"uv": [0, 43], "uv_size": [4, 4]},
								"south": {"uv": [12, 43], "uv_size": [4, 4]},
								"west": {"uv": [8, 43], "uv_size": [4, 4]},
								"up": {"uv": [6, 39], "uv_size": [4, 4]},
								"down": {"uv": [10, 43], "uv_size": [4, -4]}
							}
						},
						{"origin": [0.2, 0, -2], "size": [4, 12, 4], "uv": [0, 32]},
						{"origin": [0.1, -0.1, -2.25], "size": [4.5, 5, 4.5], "uv": [32, 39], "mirror": true},
						{"origin": [0.1, -0.1, -3.25], "size": [4.5, 1, 5], "uv": [32, 58], "mirror": true}
					]
				},
				{
					"name": "armorLeftBoot",
					"parent": "bipedLeftLeg",
					"pivot": [2, 12, 0]
				},
				{
					"name": "bipedRightLeg",
					"pivot": [-2, 12, 0]
				},
				{
					"name": "armorRightLeg",
					"parent": "bipedRightLeg",
					"pivot": [-2, 12, 0],
					"cubes": [
						{
							"origin": [-5.2, 7, -2.5],
							"size": [4, 4, 5],
							"pivot": [-4, 22, 0],
							"rotation": [0, 0, -3],
							"uv": {
								"north": {"uv": [8, 43], "uv_size": [-4, 4]},
								"east": {"uv": [12, 43], "uv_size": [-4, 4]},
								"south": {"uv": [16, 43], "uv_size": [-4, 4]},
								"west": {"uv": [4, 43], "uv_size": [-4, 4]},
								"up": {"uv": [10, 39], "uv_size": [-4, 4]},
								"down": {"uv": [14, 43], "uv_size": [-4, -4]}
							}
						},
						{"origin": [-4.2, 0, -2], "size": [4, 12, 4], "uv": [0, 32], "mirror": true},
						{"origin": [-4.6, -0.1, -3.25], "size": [4.5, 1, 5], "uv": [32, 58]},
						{"origin": [-4.6, -0.1, -2.25], "size": [4.5, 5, 4.5], "uv": [32, 39]}
					]
				},
				{
					"name": "armorRightBoot",
					"parent": "bipedRightLeg",
					"pivot": [-2, 12, 0]
				}
			]
		}
	]
}