{
	"format_version": "1.8.0",
	"animations": {
		"walk": {
			"loop": true,
			"animation_length": 1,
			"bones": {
				"bone2": {
					"rotation": {
						"0.0": {
							"vector": [-22.5, 0, 0]
						},
						"0.25": {
							"vector": [-44.56145, 7.05302, 7.10708],
							"easing": "easeInSine"
						},
						"0.5": {
							"vector": [-22.5, 0, 0],
							"easing": "easeOutSine"
						},
						"0.75": {
							"vector": [-44.00703, -10.54529, -10.72858],
							"easing": "easeInSine"
						},
						"1.0": {
							"vector": [-22.5, 0, 0],
							"easing": "easeOutSine"
						}
					},
					"position": {
						"0.0": {
							"vector": [0, 0.25, 0]
						},
						"0.25": {
							"vector": [0, -1.8, 0],
							"easing": "easeInSine"
						},
						"0.5": {
							"vector": [0, 0.25, 0],
							"easing": "easeOutSine"
						},
						"0.75": {
							"vector": [0, -1.9, 0.1],
							"easing": "easeInSine"
						},
						"1.0": {
							"vector": [0, 0.25, 0],
							"easing": "easeOutSine"
						}
					}
				},
				"bone3": {
					"rotation": {
						"0.0": {
							"vector": [-16.25, 0, 0]
						},
						"0.25": {
							"vector": [-32.5, 0, 0],
							"easing": "easeInSine"
						},
						"0.5": {
							"vector": [-16.25, 0, 0],
							"easing": "easeOutSine"
						},
						"0.75": {
							"vector": [-32.5, 0, 0],
							"easing": "easeInSine"
						},
						"1.0": {
							"vector": [-16.25, 0, 0],
							"easing": "easeOutSine"
						}
					},
					"position": {
						"0.0": {
							"vector": [0, -0.35, 0]
						},
						"0.25": {
							"vector": [0, -0.7, 0],
							"easing": "easeInSine"
						},
						"0.5": {
							"vector": [0, -0.35, 0],
							"easing": "easeOutSine"
						},
						"0.75": {
							"vector": [0, -0.7, 0],
							"easing": "easeInSine"
						},
						"1.0": {
							"vector": [0, -0.35, 0],
							"easing": "easeOutSine"
						}
					}
				}
			}
		},
		"idle": {
			"loop": true,
			"animation_length": 8,
			"bones": {
				"bone2": {
					"rotation": {
						"0.0": {
							"vector": [-4.95744, -0.65182, -12.47178]
						},
						"2.0": {
							"vector": [7.80014, 1.70818, 14.9299],
							"easing": "easeInOutQuad"
						},
						"4.0": {
							"vector": [17.54256, -0.65182, -12.47178],
							"easing": "easeInOutQuad"
						},
						"6.0": {
							"vector": [-19.69986, 1.70818, 14.9299],
							"easing": "easeInOutQuad"
						},
						"8.0": {
							"vector": [-4.95744, -0.65182, -12.47178]
						}
					},
					"position": {
						"0.0": {
							"vector": [0, 0, 0]
						},
						"2.0": {
							"vector": [0.4, 0.3, -0.2],
							"easing": "easeInOutQuad"
						},
						"4.0": {
							"vector": [0, 0, 0],
							"easing": "easeInOutQuad"
						},
						"6.0": {
							"vector": [-0.2, -0.4, -0.1],
							"easing": "easeInOutQuad"
						},
						"8.0": {
							"vector": [0, 0, 0]
						}
					}
				},
				"bone3": {
					"rotation": {
						"0.0": {
							"vector": [0, 0, -35],
							"easing": "easeInOutSine"
						},
						"2.0": {
							"vector": [0, 0, 35],
							"easing": "easeInOutQuad"
						},
						"4.0": {
							"vector": [0, 0, -35],
							"easing": "easeInOutQuad"
						},
						"6.0": {
							"vector": [0, 0, 35],
							"easing": "easeInOutQuad"
						},
						"8.0": {
							"vector": [0, 0, -35],
							"easing": "easeInOutSine"
						}
					},
					"position": {
						"0.0": {
							"vector": [0.5, -0.3, 0],
							"easing": "easeInOutSine"
						},
						"2.0": {
							"vector": [-0.4, -0.4, 0],
							"easing": "easeInOutQuad"
						},
						"4.0": {
							"vector": [0.6, -0.4, 0],
							"easing": "easeInOutQuad"
						},
						"6.0": {
							"vector": [-0.4, -0.4, 0],
							"easing": "easeInOutQuad"
						},
						"8.0": {
							"vector": [0.5, -0.3, 0],
							"easing": "easeInOutSine"
						}
					}
				}
			}
		},
		"run": {
			"loop": true,
			"animation_length": 1,
			"bones": {
				"bone2": {
					"rotation": {
						"0.0": {
							"vector": [-67.5, 0, 0]
						},
						"0.25": {
							"vector": [-51.83416, -9.88744, -7.68615]
						},
						"0.5": {
							"vector": [-67.5, 0, 0]
						},
						"0.75": {
							"vector": [-51.53653, 11.84911, 9.26433]
						},
						"1.0": {
							"vector": [-67.5, 0, 0]
						}
					},
					"position": {
						"0.0": {
							"vector": [0, -2.2, -1.7]
						},
						"0.25": {
							"vector": [0, -2.2, -0.2]
						},
						"0.5": {
							"vector": [0, -2.2, -1.7]
						},
						"0.75": {
							"vector": [0, -2.2, -0.2]
						},
						"1.0": {
							"vector": [0, -2.2, -1.7]
						}
					}
				},
				"bone3": {
					"rotation": {
						"0.0": {
							"vector": [-15, 0, 0]
						},
						"0.25": {
							"vector": [-15, 0, 0]
						},
						"0.3333": {
							"vector": [17.5, 0, 0]
						},
						"0.5": {
							"vector": [-15, 0, 0]
						},
						"0.75": {
							"vector": [-15, 0, 0]
						},
						"0.8333": {
							"vector": [17.5, 0, 0]
						},
						"1.0": {
							"vector": [-15, 0, 0]
						}
					},
					"position": {
						"0.0": {
							"vector": [0, 0.9, 0]
						},
						"0.25": {
							"vector": [0, 0.9, 0]
						},
						"0.3333": {
							"vector": [0, 0.9, 0]
						},
						"0.5": {
							"vector": [0, 0.9, 0]
						},
						"0.75": {
							"vector": [0, 0.9, 0]
						},
						"0.8333": {
							"vector": [0, 0.9, 0]
						},
						"1.0": {
							"vector": [0, 0.9, 0]
						}
					}
				}
			}
		}
	},
	"geckolib_format_version": 2
}