{
	"format_version": "1.12.0",
	"minecraft:geometry": [
		{
			"description": {
				"identifier": "geometry.unknown",
				"texture_width": 64,
				"texture_height": 64,
				"visible_bounds_width": 4,
				"visible_bounds_height": 2.5,
				"visible_bounds_offset": [0, 0.75, 0]
			},
			"bones": [
				{
					"name": "bipedHead",
					"pivot": [0, 24, 0]
				},
				{
					"name": "armorHead",
					"parent": "bipedHead",
					"pivot": [0, 24, 0]
				},
				{
					"name": "bipedBody",
					"pivot": [0, 24, 0]
				},
				{
					"name": "armorBody",
					"parent": "bipedBody",
					"pivot": [0, 24, 0]
				},
				{
					"name": "1",
					"parent": "armorBody",
					"pivot": [0, 14, 2],
					"cubes": [
						{"origin": [-1, 13, 2], "size": [2, 2, 2], "uv": [9, 27]},
						{"origin": [-2, 16, 3], "size": [4, 0, 3], "pivot": [0, 16, 4], "rotation": [22.5, 0, 0], "uv": [24, 21]},
						{"origin": [-2, 12, 3], "size": [4, 0, 3], "pivot": [0, 12, 4], "rotation": [-22.5, 0, 0], "uv": [24, 18]},
						{"origin": [0, 14, 3], "size": [4, 0, 3], "pivot": [2, 14, 4], "rotation": [-22.5, 0, -90], "uv": [16, 24]},
						{"origin": [-4, 14, 3], "size": [4, 0, 3], "pivot": [-2, 14, 4], "rotation": [22.5, 0, -90], "uv": [8, 24]}
					]
				},
				{
					"name": "2",
					"parent": "1",
					"pivot": [0, 14, 4],
					"cubes": [
						{"origin": [-2, 12, 4], "size": [4, 4, 4], "uv": [12, 4]},
						{"origin": [-2, 16, 7], "size": [4, 0, 3], "pivot": [0, 16, 8], "rotation": [22.5, 0, 0], "uv": [8, 21]},
						{"origin": [-2, 12, 7], "size": [4, 0, 3], "pivot": [0, 12, 8], "rotation": [-22.5, 0, 0], "uv": [21, 15]},
						{"origin": [0, 14, 7], "size": [4, 0, 3], "pivot": [2, 14, 8], "rotation": [-22.5, 0, -90], "uv": [16, 21]},
						{"origin": [-4, 14, 7], "size": [4, 0, 3], "pivot": [-2, 14, 8], "rotation": [22.5, 0, -90], "uv": [0, 22]}
					]
				},
				{
					"name": "3",
					"parent": "2",
					"pivot": [0, 14, 8],
					"cubes": [
						{"origin": [-2, 12, 8], "size": [4, 4, 4], "uv": [0, 8]},
						{"origin": [-2, 16, 11], "size": [4, 0, 3], "pivot": [0, 16, 12], "rotation": [22.5, 0, 0], "uv": [8, 18]},
						{"origin": [-2, 12, 11], "size": [4, 0, 3], "pivot": [0, 12, 12], "rotation": [-22.5, 0, 0], "uv": [16, 18]},
						{"origin": [0, 14, 11], "size": [4, 0, 3], "pivot": [2, 14, 12], "rotation": [-22.5, 0, -90], "uv": [0, 19]},
						{"origin": [-4, 14, 11], "size": [4, 0, 3], "pivot": [-2, 14, 12], "rotation": [22.5, 0, -90], "uv": [21, 3]}
					]
				},
				{
					"name": "4",
					"parent": "3",
					"pivot": [0, 14, 12],
					"cubes": [
						{"origin": [-2, 12, 12], "size": [4, 4, 4], "uv": [0, 0]},
						{"origin": [-2, 16, 15], "size": [4, 0, 3], "pivot": [0, 16, 16], "rotation": [-22.5, 0, 0], "uv": [9, 0]},
						{"origin": [-2, 12, 15], "size": [4, 0, 3], "pivot": [0, 12, 16], "rotation": [22.5, 0, 0], "uv": [0, 16]},
						{"origin": [0, 14, 15], "size": [4, 0, 3], "pivot": [2, 14, 16], "rotation": [22.5, 0, -90], "uv": [17, 0]},
						{"origin": [-4, 14, 15], "size": [4, 0, 3], "pivot": [-2, 14, 16], "rotation": [-22.5, 0, -90], "uv": [17, 12]}
					]
				},
				{
					"name": "5",
					"parent": "4",
					"pivot": [0, 14, 16],
					"cubes": [
						{"origin": [-1, 13, 14], "size": [2, 2, 4], "uv": [12, 12]},
						{"origin": [-1, 15, 17], "size": [2, 0, 3], "pivot": [0, 15, 18], "rotation": [-22.5, 0, 0], "uv": [24, 24]},
						{"origin": [-1, 13, 17], "size": [2, 0, 3], "pivot": [0, 13, 18], "rotation": [22.5, 0, 0], "uv": [0, 25]},
						{"origin": [0, 14, 17], "size": [2, 0, 3], "pivot": [1, 14, 18], "rotation": [22.5, 0, -90], "uv": [25, 0]},
						{"origin": [-2, 14, 17], "size": [2, 0, 3], "pivot": [-1, 14, 18], "rotation": [-22.5, 0, -90], "uv": [4, 25]}
					]
				},
				{
					"name": "bipedRightArm",
					"pivot": [-4, 22, 0]
				},
				{
					"name": "armorRightArm",
					"parent": "bipedRightArm",
					"pivot": [-4, 22, 0]
				},
				{
					"name": "bipedLeftArm",
					"pivot": [4, 22, 0]
				},
				{
					"name": "armorLeftArm",
					"parent": "bipedLeftArm",
					"pivot": [4, 22, 0]
				},
				{
					"name": "bipedLeftLeg",
					"pivot": [-2, 12, 0]
				},
				{
					"name": "armorLeftLeg",
					"parent": "bipedLeftLeg",
					"pivot": [-2, 12, 0]
				},
				{
					"name": "armorLeftBoot",
					"parent": "bipedLeftLeg",
					"pivot": [-2, 12, 0]
				},
				{
					"name": "bipedRightLeg",
					"pivot": [2, 12, 0]
				},
				{
					"name": "armorRightLeg",
					"parent": "bipedRightLeg",
					"pivot": [2, 12, 0]
				},
				{
					"name": "armorRightBoot",
					"parent": "bipedRightLeg",
					"pivot": [2, 12, 0]
				}
			]
		}
	]
}