{
	"format_version": "1.12.0",
	"minecraft:geometry": [
		{
			"description": {
				"identifier": "geometry.unknown",
				"texture_width": 128,
				"texture_height": 128,
				"visible_bounds_width": 4,
				"visible_bounds_height": 4.5,
				"visible_bounds_offset": [0, 1.75, 0]
			},
			"bones": [
				{
					"name": "bipedHead",
					"pivot": [0, 24, 0]
				},
				{
					"name": "armorHead",
					"parent": "bipedHead",
					"pivot": [0, 24, 0],
					"cubes": [
						{"origin": [-6, 24, -6], "size": [12, 9, 12], "uv": [0, 0]},
						{"origin": [-6, 27, -7], "size": [12, 6, 1], "uv": [0, 112]},
						{"origin": [-5, 25, -7], "size": [10, 2, 1], "uv": [1, 118]},
						{"origin": [-3, 24, -7], "size": [6, 1, 1], "uv": [0, 112]},
						{"origin": [-4.5, 33, -7], "size": [9, 1, 1], "uv": [35, 121]},
						{"origin": [-6, 33, -6], "size": [12, 1, 8], "uv": [32, 102]},
						{"origin": [-6, 34, -6], "size": [5, 3, 11], "uv": [0, 98]},
						{"origin": [-4.5, 34, -7], "size": [3.5, 3, 1], "uv": [38, 113]},
						{"origin": [-9.75, 28, 0], "size": [4, 4, 0], "uv": [19, 54]},
						{"origin": [5.75, 28, 0], "size": [4, 4, 0], "uv": [19, 54], "mirror": true}
					]
				},
				{
					"name": "bone13",
					"parent": "armorHead",
					"pivot": [1.85294, 35.48529, -2.64706]
				},
				{
					"name": "bone22",
					"parent": "bone13",
					"pivot": [-10, 36.5, 0],
					"cubes": [
						{"origin": [-14, 35, -3], "size": [8, 3, 6], "uv": [50, 51]}
					]
				},
				{
					"name": "bone23",
					"parent": "bone22",
					"pivot": [0, 22, -5],
					"cubes": [
						{"origin": [-18, 34, -3], "size": [4, 1, 6], "uv": [14, 73]}
					]
				},
				{
					"name": "bone25",
					"parent": "bone13",
					"pivot": [-10, 36.5, 4],
					"cubes": [
						{"origin": [-14, 35, 2], "size": [8, 3, 4], "uv": [68, 60]}
					]
				},
				{
					"name": "bone26",
					"parent": "bone25",
					"pivot": [0, 22, -5],
					"cubes": [
						{"origin": [-18, 34, 1], "size": [4, 1, 6], "uv": [54, 74]}
					]
				},
				{
					"name": "bone40",
					"parent": "bone13",
					"pivot": [-4, 36.5, 10],
					"cubes": [
						{"origin": [-7, 35, 6], "size": [5, 3, 8], "uv": [24, 51]}
					]
				},
				{
					"name": "bone41",
					"parent": "bone40",
					"pivot": [0, 22, -5],
					"cubes": [
						{"origin": [-7, 34, 14], "size": [6, 1, 4], "uv": [80, 8]}
					]
				},
				{
					"name": "bone42",
					"parent": "bone13",
					"pivot": [0, 36.5, 10],
					"cubes": [
						{"origin": [-3, 35, 6], "size": [6, 3, 8], "uv": [32, 40]}
					]
				},
				{
					"name": "bone43",
					"parent": "bone42",
					"pivot": [0, 22, -5],
					"cubes": [
						{"origin": [-3, 34, 14], "size": [6, 1, 4], "uv": [84, 42]},
						{"origin": [2, 34, 14], "size": [4, 1, 4], "uv": [100, 53]}
					]
				},
				{
					"name": "bone44",
					"parent": "bone13",
					"pivot": [4.5, 36.8, 10],
					"cubes": [
						{"origin": [2, 35, 6], "size": [5, 3, 8], "uv": [48, 29]}
					]
				},
				{
					"name": "bone45",
					"parent": "bone44",
					"pivot": [0, 22, -5],
					"cubes": [
						{"origin": [1, 34, 14], "size": [6, 1, 4], "uv": [86, 27]}
					]
				},
				{
					"name": "bone46",
					"parent": "bone13",
					"pivot": [8, 36.5, 8],
					"cubes": [
						{"origin": [6, 35, 6], "size": [4, 3, 4], "uv": [24, 40]}
					]
				},
				{
					"name": "bone50",
					"parent": "bone46",
					"pivot": [0, 22, -5],
					"cubes": [
						{"origin": [9, 35, 5], "size": [4, 3, 5], "uv": [74, 74]}
					]
				},
				{
					"name": "bone51",
					"parent": "bone50",
					"pivot": [0, 22, -5],
					"cubes": [
						{"origin": [12, 34, 5], "size": [5, 1, 5], "uv": [78, 21]}
					]
				},
				{
					"name": "bone49",
					"parent": "bone46",
					"pivot": [0, 22, -5],
					"cubes": [
						{"origin": [9, 34, 9], "size": [5, 1, 5], "uv": [72, 51]}
					]
				},
				{
					"name": "bone47",
					"parent": "bone46",
					"pivot": [0, 22, -5],
					"cubes": [
						{"origin": [5, 35, 9], "size": [5, 3, 4], "uv": [77, 82]}
					]
				},
				{
					"name": "bone48",
					"parent": "bone47",
					"pivot": [0, 22, -5],
					"cubes": [
						{"origin": [6, 34, 13], "size": [4, 1, 4], "uv": [87, 0]}
					]
				},
				{
					"name": "bone27",
					"parent": "bone13",
					"pivot": [0, 22, -5]
				},
				{
					"name": "bone28",
					"parent": "bone13",
					"pivot": [-8, 36.5, 8],
					"cubes": [
						{"origin": [-10, 35, 6], "size": [4, 3, 4], "uv": [87, 47]}
					]
				},
				{
					"name": "bone29",
					"parent": "bone28",
					"pivot": [-11, 36.5, 8],
					"cubes": [
						{"origin": [-13, 35, 6], "size": [4, 3, 4], "uv": [73, 89]}
					]
				},
				{
					"name": "bone30",
					"parent": "bone29",
					"pivot": [0, 22, -5],
					"cubes": [
						{"origin": [-17, 34, 5], "size": [5, 1, 5], "uv": [29, 78]}
					]
				},
				{
					"name": "bone32",
					"parent": "bone28",
					"pivot": [0, 22, -5],
					"cubes": [
						{"origin": [-10, 35, 9], "size": [4, 3, 4], "uv": [88, 63]}
					]
				},
				{
					"name": "bone33",
					"parent": "bone32",
					"pivot": [0, 22, -5],
					"cubes": [
						{"origin": [-10, 34, 12], "size": [5, 1, 5], "uv": [0, 80]}
					]
				},
				{
					"name": "bone31",
					"parent": "bone28",
					"pivot": [0, 22, -5],
					"cubes": [
						{"origin": [-14, 34, 9], "size": [5, 1, 5], "uv": [78, 36]}
					]
				},
				{
					"name": "bone14",
					"parent": "bone13",
					"pivot": [-4, 36.5, -10],
					"cubes": [
						{"origin": [-6, 35, -14], "size": [4, 3, 8], "uv": [56, 3]}
					]
				},
				{
					"name": "bone15",
					"parent": "bone14",
					"pivot": [0, 22, -5],
					"cubes": [
						{"origin": [-6, 34, -18], "size": [4, 1, 4], "uv": [36, 95]}
					]
				},
				{
					"name": "bone66",
					"parent": "bone13",
					"pivot": [0, 36.5, -10],
					"cubes": [
						{"origin": [-3, 35, -14], "size": [6, 3, 8], "uv": [36, 0]}
					]
				},
				{
					"name": "bone67",
					"parent": "bone66",
					"pivot": [0, 22, -5],
					"cubes": [
						{"origin": [-2, 34, -18], "size": [4, 1, 4], "uv": [85, 94]}
					]
				},
				{
					"name": "bone64",
					"parent": "bone13",
					"pivot": [4, 36.5, -10],
					"cubes": [
						{"origin": [2, 35, -14], "size": [4, 3, 8], "uv": [16, 62]}
					]
				},
				{
					"name": "bone65",
					"parent": "bone64",
					"pivot": [0, 22, -5],
					"cubes": [
						{"origin": [2, 34, -18], "size": [4, 1, 4], "uv": [93, 32]}
					]
				},
				{
					"name": "bone58",
					"parent": "bone13",
					"pivot": [8, 36.5, -8],
					"cubes": [
						{"origin": [6, 35, -10], "size": [4, 3, 4], "uv": [0, 86]}
					]
				},
				{
					"name": "bone59",
					"parent": "bone58",
					"pivot": [0, 22, -5],
					"cubes": [
						{"origin": [9, 35, -10], "size": [4, 3, 4], "uv": [88, 54]}
					]
				},
				{
					"name": "bone60",
					"parent": "bone59",
					"pivot": [0, 22, -5],
					"cubes": [
						{"origin": [13, 34, -10], "size": [4, 1, 4], "uv": [0, 93]}
					]
				},
				{
					"name": "bone61",
					"parent": "bone58",
					"pivot": [0, 22, -5],
					"cubes": [
						{"origin": [10, 34, -14], "size": [4, 1, 4], "uv": [93, 18]}
					]
				},
				{
					"name": "bone62",
					"parent": "bone58",
					"pivot": [0, 22, -5],
					"cubes": [
						{"origin": [6, 35, -13], "size": [4, 3, 4], "uv": [87, 70]}
					]
				},
				{
					"name": "bone63",
					"parent": "bone62",
					"pivot": [0, 22, -5],
					"cubes": [
						{"origin": [6, 34, -17], "size": [4, 1, 4], "uv": [24, 93]}
					]
				},
				{
					"name": "bone56",
					"parent": "bone13",
					"pivot": [10, 36.5, -4],
					"cubes": [
						{"origin": [6, 35, -6], "size": [8, 3, 4], "uv": [66, 29]}
					]
				},
				{
					"name": "bone57",
					"parent": "bone56",
					"pivot": [0, 22, -5],
					"cubes": [
						{"origin": [14, 34, -6], "size": [4, 1, 4], "uv": [91, 78]}
					]
				},
				{
					"name": "bone54",
					"parent": "bone13",
					"pivot": [10, 36.5, 0],
					"cubes": [
						{"origin": [6, 35, -2], "size": [8, 3, 4], "uv": [64, 67]}
					]
				},
				{
					"name": "bone55",
					"parent": "bone54",
					"pivot": [0, 22, -5],
					"cubes": [
						{"origin": [14, 34, -2], "size": [4, 1, 4], "uv": [56, 91]}
					]
				},
				{
					"name": "bone52",
					"parent": "bone13",
					"pivot": [10, 36.5, 4],
					"cubes": [
						{"origin": [6, 35, 2], "size": [8, 3, 4], "uv": [68, 14]}
					]
				},
				{
					"name": "bone53",
					"parent": "bone52",
					"pivot": [0, 22, -5],
					"cubes": [
						{"origin": [14, 34, 2], "size": [4, 1, 4], "uv": [12, 91]}
					]
				},
				{
					"name": "bone16",
					"parent": "bone13",
					"pivot": [0, 22, -5]
				},
				{
					"name": "bone17",
					"parent": "bone16",
					"pivot": [0, 22, -5]
				},
				{
					"name": "bone18",
					"parent": "bone13",
					"pivot": [0, 22, -5]
				},
				{
					"name": "bone19",
					"parent": "bone13",
					"pivot": [0, 22, -5]
				},
				{
					"name": "bone20",
					"parent": "bone19",
					"pivot": [0, 0, 0]
				},
				{
					"name": "bone34",
					"parent": "bone20",
					"pivot": [-8, 36.5, -8],
					"cubes": [
						{"origin": [-10, 35, -10], "size": [4, 3, 4], "uv": [32, 86]}
					]
				},
				{
					"name": "bone36",
					"parent": "bone34",
					"pivot": [0, 22, -5],
					"cubes": [
						{"origin": [-14, 34, -14], "size": [4, 1, 4], "uv": [89, 89]}
					]
				},
				{
					"name": "bone35",
					"parent": "bone34",
					"pivot": [-8, 36.5, -11],
					"cubes": [
						{"origin": [-10, 35, -13], "size": [5, 3, 5], "uv": [72, 0]}
					]
				},
				{
					"name": "bone39",
					"parent": "bone35",
					"pivot": [0, 22, -5],
					"cubes": [
						{"origin": [-10, 34, -17], "size": [4, 1, 4], "uv": [88, 13]}
					]
				},
				{
					"name": "bone37",
					"parent": "bone34",
					"pivot": [-10.5, 36.5, -7.5],
					"cubes": [
						{"origin": [-13, 35, -10], "size": [5, 3, 5], "uv": [0, 68]}
					]
				},
				{
					"name": "bone38",
					"parent": "bone37",
					"pivot": [0, 22, -5],
					"cubes": [
						{"origin": [-17, 34, -10], "size": [4, 1, 4], "uv": [44, 90]}
					]
				},
				{
					"name": "bone21",
					"parent": "bone13",
					"pivot": [-10, 36.5, -4],
					"cubes": [
						{"origin": [-14, 35, -6], "size": [8, 3, 4], "uv": [36, 71]}
					]
				},
				{
					"name": "bone24",
					"parent": "bone21",
					"pivot": [0, 22, -5],
					"cubes": [
						{"origin": [-18, 34, -7], "size": [4, 1, 6], "uv": [36, 29]}
					]
				},
				{
					"name": "bone",
					"parent": "bone13",
					"pivot": [0, 39, 0],
					"cubes": [
						{"origin": [-6, 37, -6], "size": [12, 4, 12], "uv": [0, 24]}
					]
				},
				{
					"name": "bone2",
					"parent": "bone",
					"pivot": [0, 42.5, 0],
					"cubes": [
						{"origin": [-5, 40, -5], "size": [10, 5, 10], "uv": [38, 14]}
					]
				},
				{
					"name": "bone3",
					"parent": "bone2",
					"pivot": [0, 46.5, 0],
					"cubes": [
						{"origin": [-4, 44, -4], "size": [8, 5, 8], "uv": [0, 40]}
					]
				},
				{
					"name": "bone4",
					"parent": "bone3",
					"pivot": [0, 50.5, 0],
					"cubes": [
						{"origin": [-3, 48, -3], "size": [6, 5, 6], "uv": [0, 53]}
					]
				},
				{
					"name": "bone5",
					"parent": "bone4",
					"pivot": [0, 54.5, 0],
					"cubes": [
						{"origin": [-3, 52, -3], "size": [6, 5, 6], "uv": [60, 40]}
					]
				},
				{
					"name": "bone6",
					"parent": "bone5",
					"pivot": [0, 58.5, 0],
					"cubes": [
						{"origin": [-3, 56, -3], "size": [6, 5, 6], "uv": [44, 60]}
					]
				},
				{
					"name": "bone7",
					"parent": "bone6",
					"pivot": [0, 62.5, 0],
					"cubes": [
						{"origin": [-2, 60, -2], "size": [4, 5, 4], "uv": [45, 81]}
					]
				},
				{
					"name": "bone8",
					"parent": "bone7",
					"pivot": [0, 66.5, 0],
					"cubes": [
						{"origin": [-2, 64, -2], "size": [4, 5, 4], "uv": [61, 81]}
					]
				},
				{
					"name": "bone9",
					"parent": "bone8",
					"pivot": [0, 71.5, 0],
					"cubes": [
						{"origin": [-2, 69, -2], "size": [4, 5, 4], "uv": [16, 82]}
					]
				},
				{
					"name": "bone10",
					"parent": "bone9",
					"pivot": [0, 75.5, 0],
					"cubes": [
						{"origin": [-1, 73, -1], "size": [2, 5, 2], "uv": [0, 40]}
					]
				},
				{
					"name": "bone11",
					"parent": "bone10",
					"pivot": [0, 79.5, 0],
					"cubes": [
						{"origin": [-1, 77, -1], "size": [2, 5, 2], "uv": [36, 0]}
					]
				},
				{
					"name": "bone12",
					"parent": "bone11",
					"pivot": [0, 83.5, 0],
					"cubes": [
						{"origin": [-0.45, 81, -0.5], "size": [1, 5, 1], "uv": [36, 29]}
					]
				},
				{
					"name": "bipedBody",
					"pivot": [0, 24, 0]
				},
				{
					"name": "armorBody",
					"parent": "bipedBody",
					"pivot": [0, 13, 11]
				},
				{
					"name": "bone68",
					"parent": "armorBody",
					"pivot": [0, 13, 1],
					"cubes": [
						{"origin": [-1, 12, 0], "size": [2, 2, 4], "uv": [52, 40]}
					]
				},
				{
					"name": "bone69",
					"parent": "bone68",
					"pivot": [0, 13, 3.75],
					"cubes": [
						{"origin": [-1, 12, 3.75], "size": [2, 2, 4], "uv": [42, 51]}
					]
				},
				{
					"name": "bone70",
					"parent": "bone69",
					"pivot": [0, 13, 7.25],
					"cubes": [
						{"origin": [-1.01764, 12, 7.18185], "size": [2, 2, 4], "uv": [0, 30]}
					]
				},
				{
					"name": "bone71",
					"parent": "bone70",
					"pivot": [-0.51764, 13, 10.93185],
					"cubes": [
						{"origin": [-1.01764, 12, 10.93185], "size": [2, 2, 4], "uv": [0, 24]}
					]
				},
				{
					"name": "bone72",
					"parent": "bone71",
					"pivot": [0, 13, 14.75],
					"cubes": [
						{"origin": [-1, 12, 14.75], "size": [2, 2, 4], "uv": [0, 6]}
					]
				},
				{
					"name": "bone73",
					"parent": "bone72",
					"pivot": [0, 13, 18.5],
					"cubes": [
						{"origin": [-1, 12, 18.5], "size": [2, 2, 4], "uv": [0, 0]}
					]
				},
				{
					"name": "bone74",
					"parent": "bone73",
					"pivot": [-0.51764, 24, 1.43185]
				},
				{
					"name": "bipedRightArm",
					"pivot": [-4, 22, 0]
				},
				{
					"name": "armorRightArm",
					"parent": "bipedRightArm",
					"pivot": [-4, 22, 0]
				},
				{
					"name": "bipedLeftArm",
					"pivot": [4, 22, 0]
				},
				{
					"name": "armorLeftArm",
					"parent": "bipedLeftArm",
					"pivot": [4, 22, 0]
				},
				{
					"name": "bipedLeftLeg",
					"pivot": [2, 12, 0]
				},
				{
					"name": "armorLeftLeg",
					"parent": "bipedLeftLeg",
					"pivot": [2, 12, 0]
				},
				{
					"name": "armorLeftBoot",
					"parent": "bipedLeftLeg",
					"pivot": [2, 12, 0]
				},
				{
					"name": "bipedRightLeg",
					"pivot": [-2, 12, 0]
				},
				{
					"name": "armorRightLeg",
					"parent": "bipedRightLeg",
					"pivot": [-2, 12, 0]
				},
				{
					"name": "armorRightBoot",
					"parent": "bipedRightLeg",
					"pivot": [-2, 12, 0]
				}
			]
		}
	]
}