{
	"format_version": "1.12.0",
	"minecraft:geometry": [
		{
			"description": {
				"identifier": "geometry.unknown",
				"texture_width": 64,
				"texture_height": 64,
				"visible_bounds_width": 3,
				"visible_bounds_height": 3.5,
				"visible_bounds_offset": [0, 1.25, 0]
			},
			"bones": [
				{
					"name": "bipedHead",
					"pivot": [0, 24, 0]
				},
				{
					"name": "armorHead",
					"parent": "bipedHead",
					"pivot": [0, 24, 0]
				},
				{
					"name": "vulpixiehead",
					"parent": "armorHead",
					"pivot": [0, 24, 0],
					"cubes": [
						{
							"origin": [-4, 24, -4],
							"size": [8, 8, 8],
							"uv": {
								"north": {"uv": [8.06, 56.06], "uv_size": [7.88, 7.88]},
								"east": {"uv": [0.06, 56.06], "uv_size": [7.88, 7.88]},
								"south": {"uv": [24.06, 56.06], "uv_size": [7.88, 7.88]},
								"west": {"uv": [16.06, 56.06], "uv_size": [7.88, 7.88]},
								"up": {"uv": [47.94, 55.94], "uv_size": [-7.88, -7.88]},
								"down": {"uv": [23.94, 55.94], "uv_size": [-7.88, -7.88]}
							}
						}
					]
				},
				{
					"name": "ropes",
					"parent": "vulpixiehead",
					"pivot": [0.95, 22.65, 0.775],
					"cubes": [
						{
							"origin": [-1.8, 29.65, -4.325],
							"size": [1, 1, 1],
							"inflate": 0.25,
							"uv": {
								"north": {"uv": [11, 9], "uv_size": [3, 3]}
							}
						},
						{
							"origin": [-3.8, 29.65, -4.325],
							"size": [1, 1, 1],
							"inflate": 0.25,
							"uv": {
								"north": {"uv": [11, 9], "uv_size": [3, 3]}
							}
						},
						{
							"origin": [-2.8, 28.9, -4.275],
							"size": [1, 1, 1],
							"inflate": 0.25,
							"uv": {
								"north": {"uv": [11, 9], "uv_size": [3, 3]}
							}
						},
						{
							"origin": [-2.8, 30.4, -4.275],
							"size": [1, 1, 1],
							"inflate": 0.25,
							"uv": {
								"north": {"uv": [11, 9], "uv_size": [3, 3]}
							}
						}
					]
				},
				{
					"name": "Flower9",
					"parent": "vulpixiehead",
					"pivot": [-3.5, 30.94186, -4.7],
					"rotation": [90, 0, 0],
					"cubes": [
						{
							"origin": [-4, 31, -5.2],
							"size": [1, 0, 1],
							"inflate": -0.175,
							"uv": {
								"up": {"uv": [8.9975, 8.9975], "uv_size": [-0.9375, -0.9375]}
							}
						},
						{
							"origin": [-4, 30.8, -4.45],
							"size": [1, 0, 1],
							"pivot": [-3.5, 30.8, -4.7],
							"rotation": [10, 0, 0],
							"uv": {
								"up": {"uv": [9.9975, 11.9975], "uv_size": [-2.9375, -2.9375]}
							}
						},
						{
							"origin": [-4, 30.8, -4.45],
							"size": [1, 0, 1],
							"pivot": [-3.5, 30.8, -4.7],
							"rotation": [10, -72, 0],
							"uv": {
								"up": {"uv": [9.9975, 11.9975], "uv_size": [-2.9375, -2.9375]}
							}
						},
						{
							"origin": [-4, 30.8, -4.45],
							"size": [1, 0, 1],
							"pivot": [-3.5, 30.8, -4.7],
							"rotation": [10, 72, 0],
							"uv": {
								"up": {"uv": [9.9975, 11.9975], "uv_size": [-2.9375, -2.9375]}
							}
						},
						{
							"origin": [-4, 30.8, -4.45],
							"size": [1, 0, 1],
							"pivot": [-3.5, 30.8, -4.7],
							"rotation": [10, -144, 0],
							"uv": {
								"up": {"uv": [9.9975, 11.9975], "uv_size": [-2.9375, -2.9375]}
							}
						},
						{
							"origin": [-4, 30.8, -4.45],
							"size": [1, 0, 1],
							"pivot": [-3.5, 30.8, -4.7],
							"rotation": [10, 144, 0],
							"uv": {
								"up": {"uv": [9.9975, 11.9975], "uv_size": [-2.9375, -2.9375]}
							}
						}
					]
				},
				{
					"name": "Flower10",
					"parent": "vulpixiehead",
					"pivot": [-4, 28.94186, -4.7],
					"rotation": [90, 0, -25],
					"cubes": [
						{
							"origin": [-4.41875, 28.94172, -5.11875],
							"size": [0.8375, 0.0875, 0.8375],
							"inflate": -0.175,
							"uv": {
								"up": {"uv": [8.9975, 8.9975], "uv_size": [-0.9375, -0.9375]}
							}
						},
						{
							"origin": [-4.375, 28.83547, -4.5125],
							"size": [0.75, 0, 0.75],
							"pivot": [-4, 28.83547, -4.7],
							"rotation": [10, 0, 0],
							"uv": {
								"up": {"uv": [9.9975, 11.9975], "uv_size": [-2.9375, -2.9375]}
							}
						},
						{
							"origin": [-4.375, 28.83547, -4.5125],
							"size": [0.75, 0, 0.75],
							"pivot": [-4, 28.83547, -4.7],
							"rotation": [10, -72, 0],
							"uv": {
								"up": {"uv": [9.9975, 11.9975], "uv_size": [-2.9375, -2.9375]}
							}
						},
						{
							"origin": [-4.375, 28.83547, -4.5125],
							"size": [0.75, 0, 0.75],
							"pivot": [-4, 28.83547, -4.7],
							"rotation": [10, 72, 0],
							"uv": {
								"up": {"uv": [9.9975, 11.9975], "uv_size": [-2.9375, -2.9375]}
							}
						},
						{
							"origin": [-4.375, 28.83547, -4.5125],
							"size": [0.75, 0, 0.75],
							"pivot": [-4, 28.83547, -4.7],
							"rotation": [10, -144, 0],
							"uv": {
								"up": {"uv": [9.9975, 11.9975], "uv_size": [-2.9375, -2.9375]}
							}
						},
						{
							"origin": [-4.375, 28.83547, -4.5125],
							"size": [0.75, 0, 0.75],
							"pivot": [-4, 28.83547, -4.7],
							"rotation": [10, 144, 0],
							"uv": {
								"up": {"uv": [9.9975, 11.9975], "uv_size": [-2.9375, -2.9375]}
							}
						}
					]
				},
				{
					"name": "Hair",
					"parent": "vulpixiehead",
					"pivot": [0, 24, 0],
					"cubes": [
						{
							"origin": [-4, 24, -4],
							"size": [8, 8, 8],
							"inflate": 0.5,
							"uv": {
								"north": {"uv": [40.06, 56.06], "uv_size": [7.88, 7.88]},
								"east": {"uv": [32.06, 56.06], "uv_size": [7.88, 7.88]},
								"south": {"uv": [56.06, 56.06], "uv_size": [7.88, 7.88]},
								"west": {"uv": [48.06, 56.06], "uv_size": [7.88, 7.88]},
								"down": {"uv": [55.94, 55.94], "uv_size": [-7.88, -7.88]}
							}
						},
						{
							"origin": [4, 32, 4],
							"size": [-8, -8, -8],
							"inflate": -0.475,
							"uv": {
								"north": {"uv": [56.12, 38.94], "uv_size": [7.88, -7.88]},
								"east": {"uv": [48.12, 38.94], "uv_size": [7.88, -7.88]},
								"west": {"uv": [32.12, 38.94], "uv_size": [7.88, -7.88]},
								"up": {"uv": [48, 31.06], "uv_size": [-7.88, 7.88]}
							}
						},
						{
							"origin": [-4, 30.925, -4],
							"size": [8, 0, 8],
							"inflate": 0.5,
							"uv": {
								"up": {"uv": [48, 56], "uv_size": [-8, -8]}
							}
						}
					]
				},
				{
					"name": "Blink",
					"parent": "vulpixiehead",
					"pivot": [0, 24, 0],
					"cubes": [
						{
							"origin": [-4, 24, -4.025],
							"size": [8, 8, 8],
							"uv": {
								"north": {"uv": [0.06, 48.06], "uv_size": [7.88, 7.88]}
							}
						}
					]
				},
				{
					"name": "ears",
					"parent": "vulpixiehead",
					"pivot": [-4, 25, 0]
				},
				{
					"name": "ear_R",
					"parent": "ears",
					"pivot": [-2.5, 31.5, 1],
					"rotation": [0, 20, -35],
					"cubes": [
						{
							"origin": [-4.5, 31.25, -1],
							"size": [3, 6, 3],
							"uv": {
								"north": {"uv": [31, 11], "uv_size": [3, 6]},
								"east": {"uv": [28, 11], "uv_size": [3, 6]},
								"south": {"uv": [37, 11], "uv_size": [3, 6]},
								"west": {"uv": [34, 11], "uv_size": [3, 6]},
								"up": {"uv": [31, 8], "uv_size": [3, 3]},
								"down": {"uv": [34, 11], "uv_size": [3, -3]}
							}
						},
						{
							"origin": [-4.425, 31.25, -0.925],
							"size": [3, 6, 3],
							"inflate": -0.125,
							"uv": {
								"north": {"uv": [54, 4], "uv_size": [3, 6]},
								"east": {"uv": [51, 4], "uv_size": [3, 6]},
								"south": {"uv": [60, 4], "uv_size": [3, 6]},
								"west": {"uv": [57, 4], "uv_size": [3, 6]},
								"up": {"uv": [54, 1], "uv_size": [3, 3]},
								"down": {"uv": [57, 4], "uv_size": [3, -3]}
							}
						},
						{
							"origin": [-3.95, 32, 1.325],
							"size": [2, 2, 0],
							"inflate": 0.25,
							"uv": {
								"north": {"uv": [18, 11], "uv_size": [3, 3]},
								"east": {"uv": [15, 11], "uv_size": [3, 3]},
								"south": {"uv": [24, 11], "uv_size": [3, 3]},
								"west": {"uv": [21, 11], "uv_size": [3, 3]},
								"up": {"uv": [18, 8], "uv_size": [3, 3]},
								"down": {"uv": [21, 11], "uv_size": [3, -3]}
							}
						},
						{
							"origin": [-3.85, 32, 1.275],
							"size": [2, 2, 0],
							"inflate": 0.25,
							"pivot": [-2.5, 31.75, 1],
							"rotation": [0, -90, 0],
							"uv": {
								"north": {"uv": [18, 11], "uv_size": [3, 3]},
								"east": {"uv": [15, 11], "uv_size": [3, 3]},
								"south": {"uv": [24, 11], "uv_size": [3, 3]},
								"west": {"uv": [21, 11], "uv_size": [3, 3]},
								"up": {"uv": [18, 8], "uv_size": [3, 3]},
								"down": {"uv": [21, 11], "uv_size": [3, -3]}
							}
						},
						{
							"origin": [-1.425, 37.25, 2.075],
							"size": [-3, -6, -3],
							"inflate": 0.125,
							"uv": {
								"north": {"uv": [60, 10], "uv_size": [3, -6]},
								"east": {"uv": [57, 10], "uv_size": [3, -6]},
								"south": {"uv": [54, 10], "uv_size": [3, -6]},
								"west": {"uv": [51, 10], "uv_size": [3, -6]},
								"up": {"uv": [60, 4], "uv_size": [-3, -3]},
								"down": {"uv": [57, 1], "uv_size": [-3, 3]}
							}
						}
					]
				},
				{
					"name": "ear_L",
					"parent": "ears",
					"pivot": [2.5, 31.5, 1],
					"rotation": [0, -20, 35],
					"cubes": [
						{
							"origin": [1.5, 31.25, -1],
							"size": [3, 6, 3],
							"uv": {
								"north": {"uv": [34, 11], "uv_size": [-3, 6]},
								"east": {"uv": [37, 11], "uv_size": [-3, 6]},
								"south": {"uv": [40, 11], "uv_size": [-3, 6]},
								"west": {"uv": [31, 11], "uv_size": [-3, 6]},
								"up": {"uv": [34, 8], "uv_size": [-3, 3]},
								"down": {"uv": [37, 11], "uv_size": [-3, -3]}
							}
						},
						{
							"origin": [1.425, 31.25, -0.925],
							"size": [3, 6, 3],
							"inflate": -0.125,
							"uv": {
								"north": {"uv": [57, 4], "uv_size": [-3, 6]},
								"east": {"uv": [60, 4], "uv_size": [-3, 6]},
								"south": {"uv": [63, 4], "uv_size": [-3, 6]},
								"west": {"uv": [54, 4], "uv_size": [-3, 6]},
								"up": {"uv": [57, 1], "uv_size": [-3, 3]},
								"down": {"uv": [60, 4], "uv_size": [-3, -3]}
							}
						},
						{
							"origin": [1.95, 32, 1.325],
							"size": [2, 2, 0],
							"inflate": 0.25,
							"uv": {
								"north": {"uv": [21, 11], "uv_size": [-3, 3]},
								"east": {"uv": [24, 11], "uv_size": [-3, 3]},
								"south": {"uv": [27, 11], "uv_size": [-3, 3]},
								"west": {"uv": [18, 11], "uv_size": [-3, 3]},
								"up": {"uv": [21, 8], "uv_size": [-3, 3]},
								"down": {"uv": [24, 11], "uv_size": [-3, -3]}
							}
						},
						{
							"origin": [1.85, 32, 1.275],
							"size": [2, 2, 0],
							"inflate": 0.25,
							"pivot": [2.5, 31.75, 1],
							"rotation": [0, 90, 0],
							"uv": {
								"north": {"uv": [21, 11], "uv_size": [-3, 3]},
								"east": {"uv": [24, 11], "uv_size": [-3, 3]},
								"south": {"uv": [27, 11], "uv_size": [-3, 3]},
								"west": {"uv": [18, 11], "uv_size": [-3, 3]},
								"up": {"uv": [21, 8], "uv_size": [-3, 3]},
								"down": {"uv": [24, 11], "uv_size": [-3, -3]}
							}
						},
						{
							"origin": [4.425, 37.25, 2.075],
							"size": [-3, -6, -3],
							"inflate": 0.125,
							"uv": {
								"north": {"uv": [63, 10], "uv_size": [-3, -6]},
								"east": {"uv": [54, 10], "uv_size": [-3, -6]},
								"south": {"uv": [57, 10], "uv_size": [-3, -6]},
								"west": {"uv": [60, 10], "uv_size": [-3, -6]},
								"up": {"uv": [57, 4], "uv_size": [3, -3]},
								"down": {"uv": [54, 1], "uv_size": [3, 3]}
							}
						}
					]
				},
				{
					"name": "bipedBody",
					"pivot": [0, 24, 0]
				},
				{
					"name": "armorBody",
					"parent": "bipedBody",
					"pivot": [0, 24, 0]
				},
				{
					"name": "Body",
					"parent": "armorBody",
					"pivot": [0, 24, 0],
					"cubes": [
						{
							"origin": [-4, 11.75, -2],
							"size": [8, 4, 4],
							"inflate": 0.025,
							"uv": {
								"north": {"uv": [25, 40], "uv_size": [4, 4]},
								"east": {"uv": [25, 40], "uv_size": [4, 4]},
								"south": {"uv": [25, 40], "uv_size": [4, 4]},
								"west": {"uv": [25, 40], "uv_size": [4, 4]},
								"up": {"uv": [29, 44], "uv_size": [-4, -4]},
								"down": {"uv": [29, 44], "uv_size": [-4, -4]}
							}
						}
					]
				},
				{
					"name": "skirt",
					"parent": "Body",
					"pivot": [0, 14.75, 0],
					"cubes": [
						{
							"origin": [-4, 10.75, -2],
							"size": [8, 4, 4],
							"inflate": 0.25,
							"uv": {
								"north": {"uv": [44, 26], "uv_size": [8, 4]},
								"east": {"uv": [40, 26], "uv_size": [4, 4]},
								"south": {"uv": [56, 26], "uv_size": [8, 4]},
								"west": {"uv": [52, 26], "uv_size": [4, 4]},
								"up": {"uv": [44, 22], "uv_size": [8, 4]},
								"down": {"uv": [52, 26], "uv_size": [8, -4]}
							}
						},
						{
							"origin": [-4, 10.75, -2],
							"size": [8, 4, 4],
							"inflate": 0.125,
							"uv": {
								"north": {"uv": [25, 50.25], "uv_size": [9, 4.75]}
							}
						},
						{
							"origin": [4, 14.75, 2],
							"size": [-8, -4, -4],
							"inflate": -0.25,
							"uv": {
								"north": {"uv": [56, 30], "uv_size": [8, -4]},
								"east": {"uv": [52, 30], "uv_size": [4, -4]},
								"south": {"uv": [44, 30], "uv_size": [8, -4]},
								"west": {"uv": [40, 30], "uv_size": [4, -4]},
								"up": {"uv": [60, 26], "uv_size": [-8, -4]},
								"down": {"uv": [52, 22], "uv_size": [-8, 4]}
							}
						}
					]
				},
				{
					"name": "skirt2",
					"parent": "Body",
					"pivot": [0, 14.75, 0],
					"cubes": [
						{
							"origin": [-4, 10.75, -2],
							"size": [8, 4, 4],
							"inflate": 0.2,
							"uv": {
								"north": {"uv": [44, 26], "uv_size": [8, 4]},
								"east": {"uv": [40, 26], "uv_size": [4, 4]},
								"south": {"uv": [56, 26], "uv_size": [8, 4]},
								"west": {"uv": [52, 26], "uv_size": [4, 4]},
								"up": {"uv": [44, 22], "uv_size": [8, 4]},
								"down": {"uv": [52, 26], "uv_size": [8, -4]}
							}
						},
						{
							"origin": [-4, 10.75, -2],
							"size": [8, 4, 4],
							"inflate": 0.075,
							"uv": {
								"south": {"uv": [34, 50.25], "uv_size": [-9, 4.75]}
							}
						},
						{
							"origin": [4, 14.75, 2],
							"size": [-8, -4, -4],
							"inflate": -0.2,
							"uv": {
								"north": {"uv": [56, 30], "uv_size": [8, -4]},
								"east": {"uv": [52, 30], "uv_size": [4, -4]},
								"south": {"uv": [44, 30], "uv_size": [8, -4]},
								"west": {"uv": [40, 30], "uv_size": [4, -4]},
								"up": {"uv": [60, 26], "uv_size": [-8, -4]},
								"down": {"uv": [52, 22], "uv_size": [-8, 4]}
							}
						}
					]
				},
				{
					"name": "Flower",
					"parent": "Body",
					"pivot": [-2.75, 16.39186, -2.5],
					"rotation": [90, 0, 0],
					"cubes": [
						{
							"origin": [-3.25, 16.45, -3],
							"size": [1, 0, 1],
							"inflate": -0.175,
							"uv": {
								"up": {"uv": [8.9975, 8.9975], "uv_size": [-0.9375, -0.9375]}
							}
						},
						{
							"origin": [-3.25, 16.25, -2.25],
							"size": [1, 0, 1],
							"pivot": [-2.75, 16.25, -2.5],
							"rotation": [10, 0, 0],
							"uv": {
								"up": {"uv": [9.9975, 11.9975], "uv_size": [-2.9375, -2.9375]}
							}
						},
						{
							"origin": [-3.25, 16.25, -2.25],
							"size": [1, 0, 1],
							"pivot": [-2.75, 16.25, -2.5],
							"rotation": [10, -72, 0],
							"uv": {
								"up": {"uv": [9.9975, 11.9975], "uv_size": [-2.9375, -2.9375]}
							}
						},
						{
							"origin": [-3.25, 16.25, -2.25],
							"size": [1, 0, 1],
							"pivot": [-2.75, 16.25, -2.5],
							"rotation": [10, 72, 0],
							"uv": {
								"up": {"uv": [9.9975, 11.9975], "uv_size": [-2.9375, -2.9375]}
							}
						},
						{
							"origin": [-3.25, 16.25, -2.25],
							"size": [1, 0, 1],
							"pivot": [-2.75, 16.25, -2.5],
							"rotation": [10, -144, 0],
							"uv": {
								"up": {"uv": [9.9975, 11.9975], "uv_size": [-2.9375, -2.9375]}
							}
						},
						{
							"origin": [-3.25, 16.25, -2.25],
							"size": [1, 0, 1],
							"pivot": [-2.75, 16.25, -2.5],
							"rotation": [10, 144, 0],
							"uv": {
								"up": {"uv": [9.9975, 11.9975], "uv_size": [-2.9375, -2.9375]}
							}
						}
					]
				},
				{
					"name": "boob",
					"parent": "Body",
					"pivot": [-4.25, 22.6245, -2.00043],
					"cubes": [
						{
							"origin": [-4, 19.283, -4.90892],
							"size": [8, 3, 3],
							"pivot": [0, 22.283, -1.90892],
							"rotation": [60, 0, 0],
							"uv": {
								"north": {"uv": [9, 3], "uv_size": [8, 3]},
								"east": {"uv": [21, 0], "uv_size": [-3, 3]},
								"west": {"uv": [18, 4], "uv_size": [3, 3]},
								"up": {"uv": [8, 0], "uv_size": [9, 3]}
							}
						},
						{
							"origin": [-4, 19.283, -4.90892],
							"size": [8, 3, 3],
							"inflate": 0.25,
							"pivot": [0, 22.283, -1.90892],
							"rotation": [60, 0, 0],
							"uv": {
								"north": {"uv": [24, 3], "uv_size": [8, 3]},
								"east": {"uv": [35.94, 0.06], "uv_size": [-2.88, 2.88]},
								"west": {"uv": [33.06, 0.06], "uv_size": [2.88, 2.88]},
								"up": {"uv": [24, 0], "uv_size": [8, 3]}
							}
						},
						{
							"origin": [-4, 20.5, -3.25],
							"size": [3, 1, 3],
							"pivot": [-2.25, 20.6245, -2.00043],
							"rotation": [60, 0, 0],
							"uv": {
								"up": {"uv": [40, 4], "uv_size": [-3, -3]}
							}
						}
					]
				},
				{
					"name": "Hair2",
					"parent": "armorBody",
					"pivot": [0, 24, 2],
					"cubes": [
						{
							"origin": [-4, 15.025, -1],
							"size": [8, 8, 3],
							"inflate": 0.45,
							"uv": {
								"east": {"uv": [16, 40], "uv_size": [-3, 8]},
								"south": {"uv": [16, 40], "uv_size": [8, 8]},
								"west": {"uv": [13, 40], "uv_size": [3, 8]}
							}
						},
						{
							"origin": [4, 23.025, 2],
							"size": [-8, -8, -3],
							"inflate": -0.4,
							"uv": {
								"north": {"uv": [56, 48], "uv_size": [8, -8]},
								"east": {"uv": [53, 48], "uv_size": [3, -8]},
								"west": {"uv": [56, 48], "uv_size": [-3, -8]}
							}
						},
						{
							"origin": [-5, 15, 1.5],
							"size": [10, 8, -0.95],
							"inflate": 0.5,
							"uv": {
								"north": {"uv": [19.06, 30.06], "uv_size": [9.88, 7.88]},
								"south": {"uv": [8.06, 30.06], "uv_size": [9.88, 7.88]}
							}
						}
					]
				},
				{
					"name": "evenmoretails",
					"parent": "armorBody",
					"pivot": [0, 12.75, 3.5]
				},
				{
					"name": "moretails",
					"parent": "evenmoretails",
					"pivot": [0, 13.80079, 1.5119]
				},
				{
					"name": "tails",
					"parent": "moretails",
					"pivot": [0.07511, 13.30647, 1.5119],
					"rotation": [0, 12.5, 0]
				},
				{
					"name": "down",
					"parent": "tails",
					"pivot": [0.07511, -0.69353, 1.5119]
				},
				{
					"name": "fulltail6",
					"parent": "down",
					"pivot": [-0.14133, 13.30647, 2.4882],
					"rotation": [11.59055, 46, 30.78195]
				},
				{
					"name": "tailbase6",
					"parent": "fulltail6",
					"pivot": [-0.14133, 13.30647, 2.4882],
					"cubes": [
						{
							"origin": [-1.14133, 12.30647, 2.4882],
							"size": [2, 2, 4],
							"uv": {
								"east": {"uv": [4, 22], "uv_size": [-4, 2]},
								"south": {"uv": [0.06, 24.06], "uv_size": [1.88, 1.88]},
								"west": {"uv": [0, 22], "uv_size": [4, 2]},
								"up": {"uv": [0, 18], "uv_size": [2, 4]},
								"down": {"uv": [2, 22], "uv_size": [2, -4]}
							}
						}
					]
				},
				{
					"name": "tail_A6",
					"parent": "tailbase6",
					"pivot": [-0.14133, 13.30647, 4.4882],
					"cubes": [
						{
							"origin": [-2.14133, 11.30647, 4.4882],
							"size": [4, 4, 3],
							"pivot": [0.35867, 13.30647, 3.4882],
							"rotation": [0, 0, 0],
							"uv": {
								"north": {"uv": [5, 21], "uv_size": [4, 4]},
								"east": {"uv": [12, 21], "uv_size": [-3, 4]},
								"west": {"uv": [9, 21], "uv_size": [3, 4]},
								"up": {"uv": [5, 18], "uv_size": [4, 3]},
								"down": {"uv": [9, 21], "uv_size": [4, -3]}
							}
						}
					]
				},
				{
					"name": "tail_B6",
					"parent": "tail_A6",
					"pivot": [-0.14133, 13.30647, 5.4882],
					"cubes": [
						{
							"origin": [-2.64133, 10.80647, 5.4882],
							"size": [5, 5, 4],
							"uv": {
								"north": {"uv": [14, 22], "uv_size": [5, 5]},
								"east": {"uv": [23, 22], "uv_size": [-4, 5]},
								"south": {"uv": [23, 22], "uv_size": [5, 5]},
								"west": {"uv": [19, 22], "uv_size": [4, 5]},
								"up": {"uv": [14, 18], "uv_size": [5, 4]},
								"down": {"uv": [19, 22], "uv_size": [5, -4]}
							}
						}
					]
				},
				{
					"name": "Flower11",
					"parent": "tail_B6",
					"pivot": [2.525, 11.94186, 6],
					"rotation": [0, 0, 90],
					"cubes": [
						{
							"origin": [2.10625, 11.94172, 5.58125],
							"size": [0.8375, 0.0875, 0.8375],
							"inflate": -0.175,
							"uv": {
								"up": {"uv": [8.06, 8.9975], "uv_size": [0.9375, -0.9375]}
							}
						},
						{
							"origin": [2.15, 11.83547, 6.1875],
							"size": [0.75, 0, 0.75],
							"pivot": [2.525, 11.83547, 6],
							"rotation": [10, 0, 0],
							"uv": {
								"up": {"uv": [7.06, 11.9975], "uv_size": [2.9375, -2.9375]}
							}
						},
						{
							"origin": [2.15, 11.83547, 6.1875],
							"size": [0.75, 0, 0.75],
							"pivot": [2.525, 11.83547, 6],
							"rotation": [10, 72, 0],
							"uv": {
								"up": {"uv": [7.06, 11.9975], "uv_size": [2.9375, -2.9375]}
							}
						},
						{
							"origin": [2.15, 11.83547, 6.1875],
							"size": [0.75, 0, 0.75],
							"pivot": [2.525, 11.83547, 6],
							"rotation": [10, -72, 0],
							"uv": {
								"up": {"uv": [7.06, 11.9975], "uv_size": [2.9375, -2.9375]}
							}
						},
						{
							"origin": [2.15, 11.83547, 6.1875],
							"size": [0.75, 0, 0.75],
							"pivot": [2.525, 11.83547, 6],
							"rotation": [10, 144, 0],
							"uv": {
								"up": {"uv": [7.06, 11.9975], "uv_size": [2.9375, -2.9375]}
							}
						},
						{
							"origin": [2.15, 11.83547, 6.1875],
							"size": [0.75, 0, 0.75],
							"pivot": [2.525, 11.83547, 6],
							"rotation": [10, -144, 0],
							"uv": {
								"up": {"uv": [7.06, 11.9975], "uv_size": [2.9375, -2.9375]}
							}
						}
					]
				},
				{
					"name": "Flower5",
					"parent": "tail_B6",
					"pivot": [2.525, 13.94186, 7],
					"rotation": [0, 0, 90],
					"cubes": [
						{
							"origin": [2.025, 14, 6.5],
							"size": [1, 0, 1],
							"inflate": -0.175,
							"uv": {
								"up": {"uv": [8.06, 8.9975], "uv_size": [0.9375, -0.9375]}
							}
						},
						{
							"origin": [2.025, 13.8, 7.25],
							"size": [1, 0, 1],
							"pivot": [2.525, 13.8, 7],
							"rotation": [10, 0, 0],
							"uv": {
								"up": {"uv": [7.06, 11.9975], "uv_size": [2.9375, -2.9375]}
							}
						},
						{
							"origin": [2.025, 13.8, 7.25],
							"size": [1, 0, 1],
							"pivot": [2.525, 13.8, 7],
							"rotation": [10, 72, 0],
							"uv": {
								"up": {"uv": [7.06, 11.9975], "uv_size": [2.9375, -2.9375]}
							}
						},
						{
							"origin": [2.025, 13.8, 7.25],
							"size": [1, 0, 1],
							"pivot": [2.525, 13.8, 7],
							"rotation": [10, -72, 0],
							"uv": {
								"up": {"uv": [7.06, 11.9975], "uv_size": [2.9375, -2.9375]}
							}
						},
						{
							"origin": [2.025, 13.8, 7.25],
							"size": [1, 0, 1],
							"pivot": [2.525, 13.8, 7],
							"rotation": [10, 144, 0],
							"uv": {
								"up": {"uv": [7.06, 11.9975], "uv_size": [2.9375, -2.9375]}
							}
						},
						{
							"origin": [2.025, 13.8, 7.25],
							"size": [1, 0, 1],
							"pivot": [2.525, 13.8, 7],
							"rotation": [10, -144, 0],
							"uv": {
								"up": {"uv": [7.06, 11.9975], "uv_size": [2.9375, -2.9375]}
							}
						}
					]
				},
				{
					"name": "tail_C6",
					"parent": "tail_B6",
					"pivot": [-0.14133, 13.30647, 8.4882],
					"cubes": [
						{
							"origin": [-2.14133, 11.30647, 8.4882],
							"size": [4, 4, 3],
							"pivot": [0.35867, 13.30647, 9.4882],
							"rotation": [0, 0, 0],
							"uv": {
								"east": {"uv": [32, 23], "uv_size": [-3, 4]},
								"south": {"uv": [32, 23], "uv_size": [4, 4]},
								"west": {"uv": [29, 23], "uv_size": [3, 4]},
								"up": {"uv": [29, 20], "uv_size": [4, 3]},
								"down": {"uv": [33, 23], "uv_size": [4, -3]}
							}
						}
					]
				},
				{
					"name": "tail_D6",
					"parent": "tail_C6",
					"pivot": [-0.14133, 13.30647, 10.4882],
					"cubes": [
						{
							"origin": [-1.64133, 12.23147, 10.4382],
							"size": [3, 3, 3],
							"pivot": [0.35867, 13.80647, 10.4882],
							"rotation": [0, 0, 0],
							"uv": {
								"east": {"uv": [6, 29], "uv_size": [-3, 3]},
								"west": {"uv": [3, 29], "uv_size": [3, 3]},
								"up": {"uv": [0, 26], "uv_size": [3, 3]},
								"down": {"uv": [3, 29], "uv_size": [3, -3]}
							}
						},
						{
							"origin": [1.35867, 15.23147, 13.4382],
							"size": [-3, -3, -3],
							"pivot": [0.35867, 13.80647, 10.4882],
							"rotation": [0, 0, 0],
							"uv": {
								"east": {"uv": [3, 32], "uv_size": [3, -3]},
								"west": {"uv": [6, 32], "uv_size": [-3, -3]},
								"up": {"uv": [6, 29], "uv_size": [-3, -3]},
								"down": {"uv": [3, 26], "uv_size": [-3, 3]}
							}
						}
					]
				},
				{
					"name": "fulltail5",
					"parent": "down",
					"pivot": [-0.14133, 13.30647, 2.4882],
					"rotation": [45.00087, -63.17628, -58.00103]
				},
				{
					"name": "tailbase5",
					"parent": "fulltail5",
					"pivot": [-0.14133, 13.30647, 2.4882],
					"cubes": [
						{
							"origin": [-1.14133, 12.30647, 2.4882],
							"size": [2, 2, 4],
							"uv": {
								"east": {"uv": [4, 22], "uv_size": [-4, 2]},
								"south": {"uv": [0.06, 24.06], "uv_size": [1.88, 1.88]},
								"west": {"uv": [0, 22], "uv_size": [4, 2]},
								"up": {"uv": [0, 18], "uv_size": [2, 4]},
								"down": {"uv": [2, 22], "uv_size": [2, -4]}
							}
						}
					]
				},
				{
					"name": "tail_A5",
					"parent": "tailbase5",
					"pivot": [-0.14133, 13.30647, 4.4882],
					"cubes": [
						{
							"origin": [-2.14133, 11.30647, 4.4882],
							"size": [4, 4, 3],
							"pivot": [0.35867, 13.30647, 3.4882],
							"rotation": [0, 0, 0],
							"uv": {
								"north": {"uv": [5, 21], "uv_size": [4, 4]},
								"east": {"uv": [12, 21], "uv_size": [-3, 4]},
								"west": {"uv": [9, 21], "uv_size": [3, 4]},
								"up": {"uv": [5, 18], "uv_size": [4, 3]},
								"down": {"uv": [9, 21], "uv_size": [4, -3]}
							}
						}
					]
				},
				{
					"name": "tail_B5",
					"parent": "tail_A5",
					"pivot": [-0.14133, 13.30647, 5.4882],
					"cubes": [
						{
							"origin": [-2.64133, 10.80647, 5.4882],
							"size": [5, 5, 4],
							"uv": {
								"north": {"uv": [14, 22], "uv_size": [5, 5]},
								"east": {"uv": [23, 22], "uv_size": [-4, 5]},
								"south": {"uv": [23, 22], "uv_size": [5, 5]},
								"west": {"uv": [19, 22], "uv_size": [4, 5]},
								"up": {"uv": [14, 18], "uv_size": [5, 4]},
								"down": {"uv": [19, 22], "uv_size": [5, -4]}
							}
						}
					]
				},
				{
					"name": "Flower2",
					"parent": "tail_B5",
					"pivot": [-2.775, 13.94186, 7],
					"rotation": [0, 0, -90],
					"cubes": [
						{
							"origin": [-3.275, 14, 6.5],
							"size": [1, 0, 1],
							"inflate": -0.175,
							"uv": {
								"up": {"uv": [8.9975, 8.9975], "uv_size": [-0.9375, -0.9375]}
							}
						},
						{
							"origin": [-3.275, 13.8, 7.25],
							"size": [1, 0, 1],
							"pivot": [-2.775, 13.8, 7],
							"rotation": [10, 0, 0],
							"uv": {
								"up": {"uv": [9.9975, 11.9975], "uv_size": [-2.9375, -2.9375]}
							}
						},
						{
							"origin": [-3.275, 13.8, 7.25],
							"size": [1, 0, 1],
							"pivot": [-2.775, 13.8, 7],
							"rotation": [10, -72, 0],
							"uv": {
								"up": {"uv": [9.9975, 11.9975], "uv_size": [-2.9375, -2.9375]}
							}
						},
						{
							"origin": [-3.275, 13.8, 7.25],
							"size": [1, 0, 1],
							"pivot": [-2.775, 13.8, 7],
							"rotation": [10, 72, 0],
							"uv": {
								"up": {"uv": [9.9975, 11.9975], "uv_size": [-2.9375, -2.9375]}
							}
						},
						{
							"origin": [-3.275, 13.8, 7.25],
							"size": [1, 0, 1],
							"pivot": [-2.775, 13.8, 7],
							"rotation": [10, -144, 0],
							"uv": {
								"up": {"uv": [9.9975, 11.9975], "uv_size": [-2.9375, -2.9375]}
							}
						},
						{
							"origin": [-3.275, 13.8, 7.25],
							"size": [1, 0, 1],
							"pivot": [-2.775, 13.8, 7],
							"rotation": [10, 144, 0],
							"uv": {
								"up": {"uv": [9.9975, 11.9975], "uv_size": [-2.9375, -2.9375]}
							}
						}
					]
				},
				{
					"name": "Flower8",
					"parent": "tail_B5",
					"pivot": [-2.775, 11.94186, 6],
					"rotation": [0, 0, -90],
					"cubes": [
						{
							"origin": [-3.19375, 11.94172, 5.58125],
							"size": [0.8375, 0.0875, 0.8375],
							"inflate": -0.175,
							"uv": {
								"up": {"uv": [8.9975, 8.9975], "uv_size": [-0.9375, -0.9375]}
							}
						},
						{
							"origin": [-3.15, 11.83547, 6.1875],
							"size": [0.75, 0, 0.75],
							"pivot": [-2.775, 11.83547, 6],
							"rotation": [10, 0, 0],
							"uv": {
								"up": {"uv": [9.9975, 11.9975], "uv_size": [-2.9375, -2.9375]}
							}
						},
						{
							"origin": [-3.15, 11.83547, 6.1875],
							"size": [0.75, 0, 0.75],
							"pivot": [-2.775, 11.83547, 6],
							"rotation": [10, -72, 0],
							"uv": {
								"up": {"uv": [9.9975, 11.9975], "uv_size": [-2.9375, -2.9375]}
							}
						},
						{
							"origin": [-3.15, 11.83547, 6.1875],
							"size": [0.75, 0, 0.75],
							"pivot": [-2.775, 11.83547, 6],
							"rotation": [10, 72, 0],
							"uv": {
								"up": {"uv": [9.9975, 11.9975], "uv_size": [-2.9375, -2.9375]}
							}
						},
						{
							"origin": [-3.15, 11.83547, 6.1875],
							"size": [0.75, 0, 0.75],
							"pivot": [-2.775, 11.83547, 6],
							"rotation": [10, -144, 0],
							"uv": {
								"up": {"uv": [9.9975, 11.9975], "uv_size": [-2.9375, -2.9375]}
							}
						},
						{
							"origin": [-3.15, 11.83547, 6.1875],
							"size": [0.75, 0, 0.75],
							"pivot": [-2.775, 11.83547, 6],
							"rotation": [10, 144, 0],
							"uv": {
								"up": {"uv": [9.9975, 11.9975], "uv_size": [-2.9375, -2.9375]}
							}
						}
					]
				},
				{
					"name": "tail_C5",
					"parent": "tail_B5",
					"pivot": [-0.14133, 13.30647, 8.4882],
					"cubes": [
						{
							"origin": [-2.14133, 11.30647, 8.4882],
							"size": [4, 4, 3],
							"pivot": [0.35867, 13.30647, 9.4882],
							"rotation": [0, 0, 0],
							"uv": {
								"east": {"uv": [32, 23], "uv_size": [-3, 4]},
								"south": {"uv": [32, 23], "uv_size": [4, 4]},
								"west": {"uv": [29, 23], "uv_size": [3, 4]},
								"up": {"uv": [29, 20], "uv_size": [4, 3]},
								"down": {"uv": [33, 23], "uv_size": [4, -3]}
							}
						}
					]
				},
				{
					"name": "tail_D5",
					"parent": "tail_C5",
					"pivot": [-0.14133, 13.30647, 10.4882],
					"cubes": [
						{
							"origin": [-1.64133, 12.23147, 10.4382],
							"size": [3, 3, 3],
							"pivot": [0.35867, 13.80647, 10.4882],
							"rotation": [0, 0, 0],
							"uv": {
								"east": {"uv": [6, 29], "uv_size": [-3, 3]},
								"west": {"uv": [3, 29], "uv_size": [3, 3]},
								"up": {"uv": [0, 26], "uv_size": [3, 3]},
								"down": {"uv": [3, 29], "uv_size": [3, -3]}
							}
						},
						{
							"origin": [1.35867, 15.23147, 13.4382],
							"size": [-3, -3, -3],
							"pivot": [0.35867, 13.80647, 10.4882],
							"rotation": [0, 0, 0],
							"uv": {
								"east": {"uv": [3, 32], "uv_size": [3, -3]},
								"west": {"uv": [6, 32], "uv_size": [-3, -3]},
								"up": {"uv": [6, 29], "uv_size": [-3, -3]},
								"down": {"uv": [3, 26], "uv_size": [-3, 3]}
							}
						}
					]
				},
				{
					"name": "fulltail",
					"parent": "down",
					"pivot": [-0.14133, 13.30647, 2.4882],
					"rotation": [13.97707, 13.5, 1.30031]
				},
				{
					"name": "tailbase",
					"parent": "fulltail",
					"pivot": [-0.14133, 13.30647, 2.4882],
					"cubes": [
						{
							"origin": [-1.14133, 12.30647, 2.4882],
							"size": [2, 2, 4],
							"uv": {
								"east": {"uv": [4, 22], "uv_size": [-4, 2]},
								"south": {"uv": [0.06, 24.06], "uv_size": [1.88, 1.88]},
								"west": {"uv": [0, 22], "uv_size": [4, 2]},
								"up": {"uv": [0, 18], "uv_size": [2, 4]},
								"down": {"uv": [2, 22], "uv_size": [2, -4]}
							}
						}
					]
				},
				{
					"name": "tail_A",
					"parent": "tailbase",
					"pivot": [-0.14133, 13.30647, 4.4882],
					"cubes": [
						{
							"origin": [-2.14133, 11.30647, 4.4882],
							"size": [4, 4, 3],
							"pivot": [0.35867, 13.30647, 3.4882],
							"rotation": [0, 0, 0],
							"uv": {
								"north": {"uv": [5, 21], "uv_size": [4, 4]},
								"east": {"uv": [12, 21], "uv_size": [-3, 4]},
								"west": {"uv": [9, 21], "uv_size": [3, 4]},
								"up": {"uv": [5, 18], "uv_size": [4, 3]},
								"down": {"uv": [9, 21], "uv_size": [4, -3]}
							}
						}
					]
				},
				{
					"name": "tail_B",
					"parent": "tail_A",
					"pivot": [-0.14133, 13.30647, 5.4882],
					"cubes": [
						{
							"origin": [-2.64133, 10.80647, 5.4882],
							"size": [5, 5, 4],
							"uv": {
								"north": {"uv": [14, 22], "uv_size": [5, 5]},
								"east": {"uv": [23, 22], "uv_size": [-4, 5]},
								"south": {"uv": [23, 22], "uv_size": [5, 5]},
								"west": {"uv": [19, 22], "uv_size": [4, 5]},
								"up": {"uv": [14, 18], "uv_size": [5, 4]},
								"down": {"uv": [19, 22], "uv_size": [5, -4]}
							}
						}
					]
				},
				{
					"name": "Flower7",
					"parent": "tail_B",
					"pivot": [2.525, 13.94186, 7],
					"rotation": [0, 0, 90],
					"cubes": [
						{
							"origin": [2.025, 14, 6.5],
							"size": [1, 0, 1],
							"inflate": -0.175,
							"uv": {
								"up": {"uv": [8.06, 8.9975], "uv_size": [0.9375, -0.9375]}
							}
						},
						{
							"origin": [2.025, 13.8, 7.25],
							"size": [1, 0, 1],
							"pivot": [2.525, 13.8, 7],
							"rotation": [10, 0, 0],
							"uv": {
								"up": {"uv": [7.06, 11.9975], "uv_size": [2.9375, -2.9375]}
							}
						},
						{
							"origin": [2.025, 13.8, 7.25],
							"size": [1, 0, 1],
							"pivot": [2.525, 13.8, 7],
							"rotation": [10, 72, 0],
							"uv": {
								"up": {"uv": [7.06, 11.9975], "uv_size": [2.9375, -2.9375]}
							}
						},
						{
							"origin": [2.025, 13.8, 7.25],
							"size": [1, 0, 1],
							"pivot": [2.525, 13.8, 7],
							"rotation": [10, -72, 0],
							"uv": {
								"up": {"uv": [7.06, 11.9975], "uv_size": [2.9375, -2.9375]}
							}
						},
						{
							"origin": [2.025, 13.8, 7.25],
							"size": [1, 0, 1],
							"pivot": [2.525, 13.8, 7],
							"rotation": [10, 144, 0],
							"uv": {
								"up": {"uv": [7.06, 11.9975], "uv_size": [2.9375, -2.9375]}
							}
						},
						{
							"origin": [2.025, 13.8, 7.25],
							"size": [1, 0, 1],
							"pivot": [2.525, 13.8, 7],
							"rotation": [10, -144, 0],
							"uv": {
								"up": {"uv": [7.06, 11.9975], "uv_size": [2.9375, -2.9375]}
							}
						}
					]
				},
				{
					"name": "tail_C",
					"parent": "tail_B",
					"pivot": [-0.14133, 13.30647, 8.4882],
					"cubes": [
						{
							"origin": [-2.14133, 11.30647, 8.4882],
							"size": [4, 4, 3],
							"pivot": [0.35867, 13.30647, 9.4882],
							"rotation": [0, 0, 0],
							"uv": {
								"east": {"uv": [32, 23], "uv_size": [-3, 4]},
								"south": {"uv": [32, 23], "uv_size": [4, 4]},
								"west": {"uv": [29, 23], "uv_size": [3, 4]},
								"up": {"uv": [29, 20], "uv_size": [4, 3]},
								"down": {"uv": [33, 23], "uv_size": [4, -3]}
							}
						}
					]
				},
				{
					"name": "tail_D",
					"parent": "tail_C",
					"pivot": [-0.14133, 13.30647, 10.4882],
					"cubes": [
						{
							"origin": [-1.64133, 12.23147, 10.4382],
							"size": [3, 3, 3],
							"pivot": [0.35867, 13.80647, 10.4882],
							"rotation": [0, 0, 0],
							"uv": {
								"east": {"uv": [6, 29], "uv_size": [-3, 3]},
								"west": {"uv": [3, 29], "uv_size": [3, 3]},
								"up": {"uv": [0, 26], "uv_size": [3, 3]},
								"down": {"uv": [3, 29], "uv_size": [3, -3]}
							}
						},
						{
							"origin": [1.35867, 15.23147, 13.4382],
							"size": [-3, -3, -3],
							"pivot": [0.35867, 13.80647, 10.4882],
							"rotation": [0, 0, 0],
							"uv": {
								"east": {"uv": [3, 32], "uv_size": [3, -3]},
								"west": {"uv": [6, 32], "uv_size": [-3, -3]},
								"up": {"uv": [6, 29], "uv_size": [-3, -3]},
								"down": {"uv": [3, 26], "uv_size": [-3, 3]}
							}
						}
					]
				},
				{
					"name": "fulltail4",
					"parent": "down",
					"pivot": [-0.14133, 13.30647, 2.4882],
					"rotation": [14.75666, -36, -2.52468]
				},
				{
					"name": "tailbase4",
					"parent": "fulltail4",
					"pivot": [-0.14134, 13.30647, 2.4882],
					"cubes": [
						{
							"origin": [-1.14134, 12.30647, 2.4882],
							"size": [2, 2, 4],
							"uv": {
								"east": {"uv": [4, 22], "uv_size": [-4, 2]},
								"south": {"uv": [0.06, 24.06], "uv_size": [1.88, 1.88]},
								"west": {"uv": [0, 22], "uv_size": [4, 2]},
								"up": {"uv": [0, 18], "uv_size": [2, 4]},
								"down": {"uv": [2, 22], "uv_size": [2, -4]}
							}
						}
					]
				},
				{
					"name": "tail_A4",
					"parent": "tailbase4",
					"pivot": [-0.14134, 13.30647, 4.4882],
					"cubes": [
						{
							"origin": [-2.14134, 11.30647, 4.4882],
							"size": [4, 4, 3],
							"pivot": [0.35866, 13.30647, 3.4882],
							"rotation": [0, 0, 0],
							"uv": {
								"north": {"uv": [5, 21], "uv_size": [4, 4]},
								"east": {"uv": [12, 21], "uv_size": [-3, 4]},
								"west": {"uv": [9, 21], "uv_size": [3, 4]},
								"up": {"uv": [5, 18], "uv_size": [4, 3]},
								"down": {"uv": [9, 21], "uv_size": [4, -3]}
							}
						}
					]
				},
				{
					"name": "tail_B4",
					"parent": "tail_A4",
					"pivot": [-0.14134, 13.30647, 5.4882],
					"cubes": [
						{
							"origin": [-2.64134, 10.80647, 5.4882],
							"size": [5, 5, 4],
							"uv": {
								"north": {"uv": [14, 22], "uv_size": [5, 5]},
								"east": {"uv": [23, 22], "uv_size": [-4, 5]},
								"south": {"uv": [23, 22], "uv_size": [5, 5]},
								"west": {"uv": [19, 22], "uv_size": [4, 5]},
								"up": {"uv": [14, 18], "uv_size": [5, 4]},
								"down": {"uv": [19, 22], "uv_size": [5, -4]}
							}
						}
					]
				},
				{
					"name": "Flower3",
					"parent": "tail_B4",
					"pivot": [-2.775, 13.94186, 7],
					"rotation": [0, 0, -90],
					"cubes": [
						{
							"origin": [-3.275, 14, 6.5],
							"size": [1, 0, 1],
							"inflate": -0.175,
							"uv": {
								"up": {"uv": [8.9975, 8.9975], "uv_size": [-0.9375, -0.9375]}
							}
						},
						{
							"origin": [-3.275, 13.8, 7.25],
							"size": [1, 0, 1],
							"pivot": [-2.775, 13.8, 7],
							"rotation": [10, 0, 0],
							"uv": {
								"up": {"uv": [9.9975, 11.9975], "uv_size": [-2.9375, -2.9375]}
							}
						},
						{
							"origin": [-3.275, 13.8, 7.25],
							"size": [1, 0, 1],
							"pivot": [-2.775, 13.8, 7],
							"rotation": [10, -72, 0],
							"uv": {
								"up": {"uv": [9.9975, 11.9975], "uv_size": [-2.9375, -2.9375]}
							}
						},
						{
							"origin": [-3.275, 13.8, 7.25],
							"size": [1, 0, 1],
							"pivot": [-2.775, 13.8, 7],
							"rotation": [10, 72, 0],
							"uv": {
								"up": {"uv": [9.9975, 11.9975], "uv_size": [-2.9375, -2.9375]}
							}
						},
						{
							"origin": [-3.275, 13.8, 7.25],
							"size": [1, 0, 1],
							"pivot": [-2.775, 13.8, 7],
							"rotation": [10, -144, 0],
							"uv": {
								"up": {"uv": [9.9975, 11.9975], "uv_size": [-2.9375, -2.9375]}
							}
						},
						{
							"origin": [-3.275, 13.8, 7.25],
							"size": [1, 0, 1],
							"pivot": [-2.775, 13.8, 7],
							"rotation": [10, 144, 0],
							"uv": {
								"up": {"uv": [9.9975, 11.9975], "uv_size": [-2.9375, -2.9375]}
							}
						}
					]
				},
				{
					"name": "tail_C4",
					"parent": "tail_B4",
					"pivot": [-0.14134, 13.30647, 8.4882],
					"cubes": [
						{
							"origin": [-2.14134, 11.30647, 8.4882],
							"size": [4, 4, 3],
							"pivot": [0.35866, 13.30647, 9.4882],
							"rotation": [0, 0, 0],
							"uv": {
								"east": {"uv": [32, 23], "uv_size": [-3, 4]},
								"south": {"uv": [32, 23], "uv_size": [4, 4]},
								"west": {"uv": [29, 23], "uv_size": [3, 4]},
								"up": {"uv": [29, 20], "uv_size": [4, 3]},
								"down": {"uv": [33, 23], "uv_size": [4, -3]}
							}
						}
					]
				},
				{
					"name": "tail_D4",
					"parent": "tail_C4",
					"pivot": [-0.14134, 13.30647, 10.4882],
					"cubes": [
						{
							"origin": [-1.64134, 12.23147, 10.4382],
							"size": [3, 3, 3],
							"pivot": [0.35866, 13.80647, 10.4882],
							"rotation": [0, 0, 0],
							"uv": {
								"east": {"uv": [6, 29], "uv_size": [-3, 3]},
								"west": {"uv": [3, 29], "uv_size": [3, 3]},
								"up": {"uv": [0, 26], "uv_size": [3, 3]},
								"down": {"uv": [3, 29], "uv_size": [3, -3]}
							}
						},
						{
							"origin": [1.35866, 15.23147, 13.4382],
							"size": [-3, -3, -3],
							"pivot": [0.35866, 13.80647, 10.4882],
							"rotation": [0, 0, 0],
							"uv": {
								"east": {"uv": [3, 32], "uv_size": [3, -3]},
								"west": {"uv": [6, 32], "uv_size": [-3, -3]},
								"up": {"uv": [6, 29], "uv_size": [-3, -3]},
								"down": {"uv": [3, 26], "uv_size": [-3, 3]}
							}
						}
					]
				},
				{
					"name": "up",
					"parent": "tails",
					"pivot": [0.07511, -0.69353, 1.5119]
				},
				{
					"name": "fulltail3",
					"parent": "up",
					"pivot": [-0.14133, 13.30647, 2.4882],
					"rotation": [12.61783, 30, 24.56196]
				},
				{
					"name": "tailbase3",
					"parent": "fulltail3",
					"pivot": [-0.14133, 13.30647, 2.4882],
					"cubes": [
						{
							"origin": [-1.14133, 12.30647, 2.4882],
							"size": [2, 2, 4],
							"uv": {
								"east": {"uv": [4, 22], "uv_size": [-4, 2]},
								"west": {"uv": [0, 22], "uv_size": [4, 2]},
								"up": {"uv": [0, 18], "uv_size": [2, 4]},
								"down": {"uv": [2, 22], "uv_size": [2, -4]}
							}
						}
					]
				},
				{
					"name": "tail_A3",
					"parent": "tailbase3",
					"pivot": [-0.14133, 13.30647, 4.4882],
					"cubes": [
						{
							"origin": [-2.14133, 11.30647, 4.4882],
							"size": [4, 4, 3],
							"pivot": [0.35867, 13.30647, 3.4882],
							"rotation": [0, 0, 0],
							"uv": {
								"north": {"uv": [5, 21], "uv_size": [4, 4]},
								"east": {"uv": [12, 21], "uv_size": [-3, 4]},
								"west": {"uv": [9, 21], "uv_size": [3, 4]},
								"up": {"uv": [5, 18], "uv_size": [4, 3]},
								"down": {"uv": [9, 21], "uv_size": [4, -3]}
							}
						}
					]
				},
				{
					"name": "tail_B3",
					"parent": "tail_A3",
					"pivot": [-0.14133, 13.30647, 5.4882],
					"cubes": [
						{
							"origin": [-2.64133, 10.80647, 5.4882],
							"size": [5, 5, 4],
							"uv": {
								"north": {"uv": [14, 22], "uv_size": [5, 5]},
								"east": {"uv": [23, 22], "uv_size": [-4, 5]},
								"south": {"uv": [23, 22], "uv_size": [5, 5]},
								"west": {"uv": [19, 22], "uv_size": [4, 5]},
								"up": {"uv": [14, 18], "uv_size": [5, 4]},
								"down": {"uv": [19, 22], "uv_size": [5, -4]}
							}
						}
					]
				},
				{
					"name": "Flower6",
					"parent": "tail_B3",
					"pivot": [2.525, 13.94186, 7],
					"rotation": [0, 0, 90],
					"cubes": [
						{
							"origin": [2.025, 14, 6.5],
							"size": [1, 0, 1],
							"inflate": -0.175,
							"uv": {
								"up": {"uv": [8.06, 8.9975], "uv_size": [0.9375, -0.9375]}
							}
						},
						{
							"origin": [2.025, 13.8, 7.25],
							"size": [1, 0, 1],
							"pivot": [2.525, 13.8, 7],
							"rotation": [10, 0, 0],
							"uv": {
								"up": {"uv": [7.06, 11.9975], "uv_size": [2.9375, -2.9375]}
							}
						},
						{
							"origin": [2.025, 13.8, 7.25],
							"size": [1, 0, 1],
							"pivot": [2.525, 13.8, 7],
							"rotation": [10, 72, 0],
							"uv": {
								"up": {"uv": [7.06, 11.9975], "uv_size": [2.9375, -2.9375]}
							}
						},
						{
							"origin": [2.025, 13.8, 7.25],
							"size": [1, 0, 1],
							"pivot": [2.525, 13.8, 7],
							"rotation": [10, -72, 0],
							"uv": {
								"up": {"uv": [7.06, 11.9975], "uv_size": [2.9375, -2.9375]}
							}
						},
						{
							"origin": [2.025, 13.8, 7.25],
							"size": [1, 0, 1],
							"pivot": [2.525, 13.8, 7],
							"rotation": [10, 144, 0],
							"uv": {
								"up": {"uv": [7.06, 11.9975], "uv_size": [2.9375, -2.9375]}
							}
						},
						{
							"origin": [2.025, 13.8, 7.25],
							"size": [1, 0, 1],
							"pivot": [2.525, 13.8, 7],
							"rotation": [10, -144, 0],
							"uv": {
								"up": {"uv": [7.06, 11.9975], "uv_size": [2.9375, -2.9375]}
							}
						}
					]
				},
				{
					"name": "tail_C3",
					"parent": "tail_B3",
					"pivot": [-0.14133, 13.30647, 8.4882],
					"cubes": [
						{
							"origin": [-2.14133, 11.30647, 8.4882],
							"size": [4, 4, 3],
							"pivot": [0.35867, 13.30647, 9.4882],
							"rotation": [0, 0, 0],
							"uv": {
								"east": {"uv": [32, 23], "uv_size": [-3, 4]},
								"south": {"uv": [32, 23], "uv_size": [4, 4]},
								"west": {"uv": [29, 23], "uv_size": [3, 4]},
								"up": {"uv": [29, 20], "uv_size": [4, 3]},
								"down": {"uv": [33, 23], "uv_size": [4, -3]}
							}
						}
					]
				},
				{
					"name": "tail_D3",
					"parent": "tail_C3",
					"pivot": [-0.14133, 13.30647, 10.4882],
					"cubes": [
						{
							"origin": [-1.64133, 12.23147, 10.4382],
							"size": [3, 3, 3],
							"pivot": [0.35867, 13.80647, 10.4882],
							"rotation": [0, 0, 0],
							"uv": {
								"east": {"uv": [6, 29], "uv_size": [-3, 3]},
								"west": {"uv": [3, 29], "uv_size": [3, 3]},
								"up": {"uv": [0, 26], "uv_size": [3, 3]},
								"down": {"uv": [3, 29], "uv_size": [3, -3]}
							}
						},
						{
							"origin": [1.35867, 15.23147, 13.4382],
							"size": [-3, -3, -3],
							"pivot": [0.35867, 13.80647, 10.4882],
							"rotation": [0, 0, 0],
							"uv": {
								"east": {"uv": [3, 32], "uv_size": [3, -3]},
								"west": {"uv": [6, 32], "uv_size": [-3, -3]},
								"up": {"uv": [6, 29], "uv_size": [-3, -3]},
								"down": {"uv": [3, 26], "uv_size": [-3, 3]}
							}
						}
					]
				},
				{
					"name": "fulltail2",
					"parent": "up",
					"pivot": [-0.14133, 13.30647, 2.4882],
					"rotation": [28.31767, -50, -32.86958]
				},
				{
					"name": "tailbase2",
					"parent": "fulltail2",
					"pivot": [-0.14133, 13.30647, 2.4882],
					"cubes": [
						{
							"origin": [-1.14133, 12.30647, 2.4882],
							"size": [2, 2, 4],
							"uv": {
								"east": {"uv": [4, 22], "uv_size": [-4, 2]},
								"south": {"uv": [0.06, 24.06], "uv_size": [1.88, 1.88]},
								"west": {"uv": [0, 22], "uv_size": [4, 2]},
								"up": {"uv": [0, 18], "uv_size": [2, 4]},
								"down": {"uv": [2, 22], "uv_size": [2, -4]}
							}
						}
					]
				},
				{
					"name": "tail_A2",
					"parent": "tailbase2",
					"pivot": [-0.14133, 13.30647, 4.4882],
					"cubes": [
						{
							"origin": [-2.14133, 11.30647, 4.4882],
							"size": [4, 4, 3],
							"pivot": [0.35867, 13.30647, 3.4882],
							"rotation": [0, 0, 0],
							"uv": {
								"north": {"uv": [5, 21], "uv_size": [4, 4]},
								"east": {"uv": [12, 21], "uv_size": [-3, 4]},
								"west": {"uv": [9, 21], "uv_size": [3, 4]},
								"up": {"uv": [5, 18], "uv_size": [4, 3]},
								"down": {"uv": [9, 21], "uv_size": [4, -3]}
							}
						}
					]
				},
				{
					"name": "tail_B2",
					"parent": "tail_A2",
					"pivot": [-0.14133, 13.30647, 5.4882],
					"cubes": [
						{
							"origin": [-2.64133, 10.80647, 5.4882],
							"size": [5, 5, 4],
							"uv": {
								"north": {"uv": [14, 22], "uv_size": [5, 5]},
								"east": {"uv": [23, 22], "uv_size": [-4, 5]},
								"south": {"uv": [23, 22], "uv_size": [5, 5]},
								"west": {"uv": [19, 22], "uv_size": [4, 5]},
								"up": {"uv": [14, 18], "uv_size": [5, 4]},
								"down": {"uv": [19, 22], "uv_size": [5, -4]}
							}
						}
					]
				},
				{
					"name": "Flower4",
					"parent": "tail_B2",
					"pivot": [-2.775, 13.94186, 7],
					"rotation": [0, 0, -90],
					"cubes": [
						{
							"origin": [-3.275, 14, 6.5],
							"size": [1, 0, 1],
							"inflate": -0.175,
							"uv": {
								"up": {"uv": [8.9975, 8.9975], "uv_size": [-0.9375, -0.9375]}
							}
						},
						{
							"origin": [-3.275, 13.8, 7.25],
							"size": [1, 0, 1],
							"pivot": [-2.775, 13.8, 7],
							"rotation": [10, 0, 0],
							"uv": {
								"up": {"uv": [9.9975, 11.9975], "uv_size": [-2.9375, -2.9375]}
							}
						},
						{
							"origin": [-3.275, 13.8, 7.25],
							"size": [1, 0, 1],
							"pivot": [-2.775, 13.8, 7],
							"rotation": [10, -72, 0],
							"uv": {
								"up": {"uv": [9.9975, 11.9975], "uv_size": [-2.9375, -2.9375]}
							}
						},
						{
							"origin": [-3.275, 13.8, 7.25],
							"size": [1, 0, 1],
							"pivot": [-2.775, 13.8, 7],
							"rotation": [10, 72, 0],
							"uv": {
								"up": {"uv": [9.9975, 11.9975], "uv_size": [-2.9375, -2.9375]}
							}
						},
						{
							"origin": [-3.275, 13.8, 7.25],
							"size": [1, 0, 1],
							"pivot": [-2.775, 13.8, 7],
							"rotation": [10, -144, 0],
							"uv": {
								"up": {"uv": [9.9975, 11.9975], "uv_size": [-2.9375, -2.9375]}
							}
						},
						{
							"origin": [-3.275, 13.8, 7.25],
							"size": [1, 0, 1],
							"pivot": [-2.775, 13.8, 7],
							"rotation": [10, 144, 0],
							"uv": {
								"up": {"uv": [9.9975, 11.9975], "uv_size": [-2.9375, -2.9375]}
							}
						}
					]
				},
				{
					"name": "tail_C2",
					"parent": "tail_B2",
					"pivot": [-0.14133, 13.30647, 8.4882],
					"cubes": [
						{
							"origin": [-2.14133, 11.30647, 8.4882],
							"size": [4, 4, 3],
							"pivot": [0.35867, 13.30647, 9.4882],
							"rotation": [0, 0, 0],
							"uv": {
								"east": {"uv": [32, 23], "uv_size": [-3, 4]},
								"south": {"uv": [32, 23], "uv_size": [4, 4]},
								"west": {"uv": [29, 23], "uv_size": [3, 4]},
								"up": {"uv": [29, 20], "uv_size": [4, 3]},
								"down": {"uv": [33, 23], "uv_size": [4, -3]}
							}
						}
					]
				},
				{
					"name": "tail_D2",
					"parent": "tail_C2",
					"pivot": [-0.14133, 13.30647, 10.4882],
					"cubes": [
						{
							"origin": [-1.64133, 12.23147, 10.4382],
							"size": [3, 3, 3],
							"pivot": [0.35867, 13.80647, 10.4882],
							"rotation": [0, 0, 0],
							"uv": {
								"east": {"uv": [6, 29], "uv_size": [-3, 3]},
								"west": {"uv": [3, 29], "uv_size": [3, 3]},
								"up": {"uv": [0, 26], "uv_size": [3, 3]},
								"down": {"uv": [3, 29], "uv_size": [3, -3]}
							}
						},
						{
							"origin": [1.35867, 15.23147, 13.4382],
							"size": [-3, -3, -3],
							"pivot": [0.35867, 13.80647, 10.4882],
							"rotation": [0, 0, 0],
							"uv": {
								"east": {"uv": [3, 32], "uv_size": [3, -3]},
								"west": {"uv": [6, 32], "uv_size": [-3, -3]},
								"up": {"uv": [6, 29], "uv_size": [-3, -3]},
								"down": {"uv": [3, 26], "uv_size": [-3, 3]}
							}
						}
					]
				},
				{
					"name": "bipedLeftLeg",
					"pivot": [2, 12, 0]
				},
				{
					"name": "armorLeftLeg",
					"parent": "bipedLeftLeg",
					"pivot": [2, 12, 0]
				},
				{
					"name": "armorLeftBoot",
					"parent": "bipedLeftLeg",
					"pivot": [2, 12, 0]
				},
				{
					"name": "bipedRightLeg",
					"pivot": [-2, 12, 0]
				},
				{
					"name": "armorRightLeg",
					"parent": "bipedRightLeg",
					"pivot": [-2, 12, 0]
				},
				{
					"name": "armorRightBoot",
					"parent": "bipedRightLeg",
					"pivot": [-2, 12, 0]
				},
				{
					"name": "bipedLeftArm",
					"pivot": [4, 22, 0]
				},
				{
					"name": "armorLeftArm",
					"parent": "bipedLeftArm",
					"pivot": [4, 22, 0]
				},
				{
					"name": "bipedRightArm",
					"pivot": [-4, 22, 0]
				},
				{
					"name": "armorRightArm",
					"parent": "bipedRightArm",
					"pivot": [-4, 22, 0]
				}
			]
		}
	]
}