{
	"format_version": "1.12.0",
	"minecraft:geometry": [
		{
			"description": {
				"identifier": "geometry.unknown",
				"texture_width": 64,
				"texture_height": 64,
				"visible_bounds_width": 3,
				"visible_bounds_height": 3.5,
				"visible_bounds_offset": [0, 1.25, 0]
			},
			"bones": [
				{
					"name": "bipedHead",
					"pivot": [0, 24, 0]
				},
				{
					"name": "armorHead",
					"parent": "bipedHead",
					"pivot": [0, 24, 0]
				},
				{
					"name": "bone5",
					"parent": "armorHead",
					"pivot": [0, 23.25, 0],
					"cubes": [
						{"origin": [-4.5, 23.25, -4.5], "size": [9, 9, 9], "uv": [28, 26]}
					]
				},
				{
					"name": "bone3",
					"parent": "armorHead",
					"pivot": [0, 30.75, 0],
					"cubes": [
						{"origin": [-3, 31.25, 0], "size": [6, 5, 0], "uv": [19, 30], "mirror": true}
					]
				},
				{
					"name": "bone",
					"parent": "armorHead",
					"pivot": [6.34101, 30.8171, -2.08546],
					"cubes": [
						{"origin": [2.35, 31.25, -2.25], "size": [2, 2, 2], "pivot": [3.1, 33, -1.5], "rotation": [-13.97594, 7.30111, 15.9477], "uv": [18, 10]},
						{"origin": [2.64762, 32.58996, -1.45158], "size": [2, 2, 2], "pivot": [3.64762, 33.78996, -1.05158], "rotation": [-48.47594, 7.30111, 15.9477], "uv": [18, 6]},
						{"origin": [2.86358, 29.40065, -1.51263], "size": [2, 2, 2], "pivot": [4.80341, 31.65106, 1.51187], "rotation": [-78.11764, 16.90372, 16.5492], "uv": [6, 18]},
						{"origin": [3.23026, 30.04557, -1.20426], "size": [2, 2, 2], "pivot": [4.80341, 31.65106, 1.51187], "rotation": [-94.44515, 35.96237, 17.73385], "uv": [18, 2]},
						{"origin": [3.23026, 30.56016, -0.99108], "size": [2, 2, 2], "pivot": [4.80341, 31.65106, 1.51187], "rotation": [-125.94515, 35.96237, 17.73385], "uv": [12, 16]},
						{"origin": [3.80726, 30.65591, -1.00448], "size": [2, 2, 2], "pivot": [4.80341, 31.65106, 1.51187], "rotation": [-169.18603, 27.52198, 0.50917], "uv": [0, 16]},
						{"origin": [4.00642, 30.95224, -1.05256], "size": [2, 2, 2], "pivot": [4.80341, 31.65106, 1.51187], "rotation": [150.84958, 21.56244, -7.32009], "uv": [6, 14]},
						{"origin": [4.4044, 31.29468, -1.45944], "size": [2, 2, 2], "pivot": [4.80341, 31.65106, 1.51187], "rotation": [117.75227, 8.32413, 0.0001], "uv": [12, 12]},
						{"origin": [4.42429, 27.59192, -0.06284], "size": [2, 2, 2], "pivot": [5.22429, 28.79192, 0.23716], "rotation": [77.87932, -1.45173, 2.11189], "uv": [12, 8]},
						{"origin": [4.89595, 28.39244, -1.7258], "size": [1.75, 2, 1.75], "pivot": [5.49595, 29.79244, -1.1258], "rotation": [50.82473, -17.24358, 14.59324], "uv": [0, 26]},
						{"origin": [6.12759, 29.35023, -2.76555], "size": [1.5, 2, 1.5], "pivot": [6.85259, 31.47523, -2.04055], "rotation": [29.31465, -23.76408, 25.99017], "uv": [22, 25]},
						{"origin": [6.88421, 30.90622, -2.85064], "size": [1, 1, 1], "pivot": [7.18421, 31.90622, -2.35064], "rotation": [22.37607, -30.34567, 41.14947], "uv": [29, 19]},
						{"origin": [7.54083, 31.52752, -2.66386], "size": [0.5, 1, 0.5], "pivot": [7.69083, 32.07752, -2.41386], "rotation": [14.83672, -34.35693, 55.18002], "uv": [0, 0]}
					]
				},
				{
					"name": "bone2",
					"parent": "armorHead",
					"pivot": [-6.34101, 30.8171, -2.08546],
					"cubes": [
						{"origin": [-4.35, 31.25, -2.25], "size": [2, 2, 2], "pivot": [-3.1, 33, -1.5], "rotation": [-13.97594, -7.30111, -15.9477], "uv": [12, 4]},
						{"origin": [-4.64762, 32.58996, -1.45158], "size": [2, 2, 2], "pivot": [-3.64762, 33.78996, -1.05158], "rotation": [-48.47594, -7.30111, -15.9477], "uv": [12, 0]},
						{"origin": [-4.86358, 29.40065, -1.51263], "size": [2, 2, 2], "pivot": [-4.80341, 31.65106, 1.51187], "rotation": [-78.11764, -16.90372, -16.5492], "uv": [0, 12]},
						{"origin": [-5.23026, 30.04557, -1.20426], "size": [2, 2, 2], "pivot": [-4.80341, 31.65106, 1.51187], "rotation": [-94.44515, -35.96237, -17.73385], "uv": [6, 10]},
						{"origin": [-5.23026, 30.56016, -0.99108], "size": [2, 2, 2], "pivot": [-4.80341, 31.65106, 1.51187], "rotation": [-125.94515, -35.96237, -17.73385], "uv": [0, 8]},
						{"origin": [-5.80726, 30.65591, -1.00448], "size": [2, 2, 2], "pivot": [-4.80341, 31.65106, 1.51187], "rotation": [-169.18603, -27.52198, -0.50917], "uv": [6, 6]},
						{"origin": [-6.00642, 30.95224, -1.05256], "size": [2, 2, 2], "pivot": [-4.80341, 31.65106, 1.51187], "rotation": [150.84958, -21.56244, 7.32009], "uv": [6, 2]},
						{"origin": [-6.4044, 31.29468, -1.45944], "size": [2, 2, 2], "pivot": [-4.80341, 31.65106, 1.51187], "rotation": [117.75227, -8.32413, -0.0001], "uv": [0, 4]},
						{"origin": [-6.42429, 27.59192, -0.06284], "size": [2, 2, 2], "pivot": [-5.22429, 28.79192, 0.23716], "rotation": [77.87932, 1.45173, -2.11189], "uv": [0, 0]},
						{"origin": [-6.64595, 28.39244, -1.7258], "size": [1.75, 2, 1.75], "pivot": [-5.49595, 29.79244, -1.1258], "rotation": [50.82473, 17.24358, -14.59324], "uv": [18, 25]},
						{"origin": [-7.62759, 29.35023, -2.76555], "size": [1.5, 2, 1.5], "pivot": [-6.85259, 31.47523, -2.04055], "rotation": [29.31465, 23.76408, -25.99017], "uv": [5, 25]},
						{"origin": [-7.88421, 30.90622, -2.85064], "size": [1, 1, 1], "pivot": [-7.18421, 31.90622, -2.35064], "rotation": [22.37607, 30.34567, -41.14947], "uv": [29, 14]},
						{"origin": [-8.04083, 31.52752, -2.66386], "size": [0.5, 1, 0.5], "pivot": [-7.69083, 32.07752, -2.41386], "rotation": [14.83672, 34.35693, -55.18002], "uv": [0, 0]}
					]
				},
				{
					"name": "bone4",
					"parent": "armorHead",
					"pivot": [0.5, 24, 0],
					"cubes": [
						{"origin": [1, 28.25, -4.25], "size": [1.75, 0.25, 0.25], "uv": [0, 33], "mirror": true},
						{"origin": [0.85, 28.6, -4.25], "size": [1.75, 0.25, 0.25], "pivot": [2, 27.375, -4.125], "rotation": [0, 0, -90], "uv": [0, 33], "mirror": true},
						{"origin": [0.75, 28, -4.25], "size": [0.25, 0.25, 0.25], "uv": [0, 33], "mirror": true},
						{"origin": [2.75, 28, -4.25], "size": [0.25, 0.25, 0.25], "uv": [0, 32], "mirror": true},
						{"origin": [0.85, 26.1, -4.25], "size": [1.75, 0.25, 0.25], "pivot": [2, 27.375, -4.125], "rotation": [0, 0, -90], "uv": [0, 33], "mirror": true},
						{"origin": [1, 25.75, -4.25], "size": [1.75, 0.25, 0.25], "uv": [0, 33], "mirror": true},
						{"origin": [0.75, 26, -4.25], "size": [0.25, 0.25, 0.25], "uv": [0, 33], "mirror": true},
						{"origin": [2.65, 28.4, -4.25], "size": [0.75, 0.25, 0.25], "pivot": [3.175, 28.425, -4.125], "rotation": [0, 0, -17.5], "uv": [0, 33], "mirror": true},
						{"origin": [2.82081, 28.58019, -4.25], "size": [0.95, 0.25, 0.25], "pivot": [2.99581, 28.40519, -4.125], "rotation": [0, 0, 100.5], "uv": [1, 33], "mirror": true},
						{"origin": [2.65, 28.4, -4.25], "size": [0.75, 0.25, 0.25], "pivot": [3.175, 28.425, -4.125], "rotation": [0, 0, -17.5], "uv": [0, 33], "mirror": true},
						{"origin": [2.82081, 28.58019, -4.25], "size": [0.95, 0.25, 0.25], "pivot": [2.99581, 28.40519, -4.125], "rotation": [0, 0, 100.5], "uv": [1, 33], "mirror": true},
						{"origin": [2.75, 26, -4.25], "size": [0.25, 0.25, 0.25], "uv": [0, 33], "mirror": true},
						{"origin": [-2.75, 28.25, -4.25], "size": [1.75, 0.25, 0.25], "uv": [0, 33]},
						{"origin": [-1.85, 28.85, -4.25], "size": [0.25, 1.25, 0.25], "pivot": [-2, 27.375, -4.125], "rotation": [0, 0, 90], "uv": [0, 33]},
						{"origin": [-2.6, 28.6, -4.25], "size": [1.75, 0.25, 0.25], "pivot": [-2, 27.375, -4.125], "rotation": [0, 0, 90], "uv": [0, 33]},
						{"origin": [-1, 28, -4.25], "size": [0.25, 0.25, 0.25], "uv": [0, 33]},
						{"origin": [-3, 28, -4.25], "size": [0.25, 0.25, 0.25], "uv": [0, 32]},
						{"origin": [-2.6, 26.1, -4.25], "size": [1.75, 0.25, 0.25], "pivot": [-2, 27.375, -4.125], "rotation": [0, 0, 90], "uv": [0, 33]},
						{"origin": [-2.85, 26.35, -4.05], "size": [2.25, 2.25, 0], "pivot": [-2, 27.375, -4.125], "rotation": [0, 0, 90], "uv": [29, 17]},
						{"origin": [-2.85, 30.1, -4.05], "size": [2.25, 2.25, 0], "pivot": [-2, 27.375, -4.125], "rotation": [0, 0, 90], "uv": [11, 29]},
						{"origin": [-3, 26, -4.25], "size": [0.25, 0.25, 0.25], "uv": [0, 33]},
						{"origin": [-2.75, 25.75, -4.25], "size": [1.75, 0.25, 0.25], "uv": [0, 33]},
						{"origin": [-1, 26, -4.25], "size": [0.25, 0.25, 0.25], "uv": [0, 33]},
						{"origin": [-3.4, 28.4, -4.25], "size": [0.75, 0.25, 0.25], "pivot": [-3.175, 28.425, -4.125], "rotation": [0, 0, 17.5], "uv": [0, 33]},
						{"origin": [-3.77081, 28.58019, -4.25], "size": [0.95, 0.25, 0.25], "pivot": [-2.99581, 28.40519, -4.125], "rotation": [0, 0, -100.5], "uv": [1, 33]}
					]
				},
				{
					"name": "bone6",
					"parent": "bone4",
					"pivot": [-3.775, 28.1, -4.25],
					"cubes": [
						{"origin": [-2.6, 25.1, -4.25], "size": [3.75, 1, 0], "pivot": [-2, 27.375, -4.225], "rotation": [0, 0, 90], "uv": [6, 0]}
					]
				},
				{
					"name": "bipedBody",
					"pivot": [0, 24, 0]
				},
				{
					"name": "armorBody",
					"parent": "bipedBody",
					"pivot": [-0.10279, 14.39312, 1.43916],
					"cubes": [
						{"origin": [-0.9, 15.3, 1.5], "size": [1, 1, 2], "pivot": [-0.1, 15.5, 2.5], "rotation": [26.69458, 6.86379, -13.36965], "uv": [24, 12]},
						{"origin": [-1.3, 15.4, 1.5], "size": [1, 1, 2], "pivot": [-0.1, 15.5, 2.5], "rotation": [29.22719, -0.81014, -38.61866], "uv": [12, 24]},
						{"origin": [-0.3, 15.3, 1.5], "size": [1, 1, 2], "pivot": [-0.1, 15.5, 2.5], "rotation": [26.69458, -6.86379, 13.36965], "uv": [24, 8]},
						{"origin": [0.1, 15.4, 1.5], "size": [1, 1, 2], "pivot": [-0.1, 15.5, 2.5], "rotation": [29.22719, 0.81014, 38.61866], "uv": [24, 4]},
						{"origin": [-1.1138, 16.34432, 2.64825], "size": [1, 1, 2], "pivot": [-0.1, 15.85756, 4.19203], "rotation": [43.03074, 10.03078, -37.49877], "uv": [24, 0]},
						{"origin": [-0.73693, 16.26615, 2.66508], "size": [1, 1, 2], "pivot": [-0.1, 15.85756, 4.19203], "rotation": [44.00703, 10.54529, -10.72858], "uv": [8, 23]},
						{"origin": [-0.46307, 16.26615, 2.66508], "size": [1, 1, 2], "pivot": [-0.1, 15.85756, 4.19203], "rotation": [44.00703, -10.54529, 10.72858], "uv": [0, 23]},
						{"origin": [-0.0862, 16.34432, 2.64825], "size": [1, 1, 2], "pivot": [-0.1, 15.85756, 4.19203], "rotation": [43.03074, -10.03078, 37.49877], "uv": [20, 22]},
						{"origin": [-1.09698, 16.57886, 3.82354], "size": [1, 1, 1], "pivot": [-0.1, 16.75438, 4.18952], "rotation": [57.76359, 20.26549, -33.6135], "uv": [0, 29]},
						{"origin": [-0.93653, 16.55711, 3.76166], "size": [1, 1, 1], "pivot": [-0.1, 16.75438, 4.18952], "rotation": [66.56745, 20.96517, 9.41478], "uv": [27, 28]},
						{"origin": [-0.36679, 15.94114, 3.7194], "size": [1, 1, 1], "pivot": [-0.1, 16.75438, 4.18952], "rotation": [162.31467, -20.15221, -45.34542], "uv": [28, 23]},
						{"origin": [-0.896, 16.4585, 3.53993], "size": [1, 1, 1], "pivot": [-0.1, 16.75438, 4.18952], "rotation": [-179.11768, 0.22226, -49.26861], "uv": [23, 28]},
						{"origin": [-0.35605, 16.55711, 3.70212], "size": [1, 1, 1], "pivot": [-0.1, 16.75438, 4.18952], "rotation": [70.49014, -24.63572, -19.50986], "uv": [19, 28]},
						{"origin": [-0.10302, 16.57886, 3.82354], "size": [1, 1, 1], "pivot": [-0.1, 16.75438, 4.18952], "rotation": [57.76359, -20.26549, 33.6135], "uv": [15, 28]},
						{"origin": [-1.20453, 15.82813, 4.0835], "size": [1, 1, 1], "pivot": [-0.1, 16.22225, 4.34176], "rotation": [-94.89031, -33.16347, 21.05215], "uv": [28, 11]},
						{"origin": [-0.96367, 15.78461, 4.10679], "size": [1, 1, 1], "pivot": [-0.1, 16.22225, 4.34176], "rotation": [-90, -15, 0], "uv": [28, 7]},
						{"origin": [-0.23633, 15.78461, 4.10679], "size": [1, 1, 1], "pivot": [-0.1, 16.22225, 4.34176], "rotation": [-90, 15, 0], "uv": [7, 28]},
						{"origin": [0.00453, 15.82813, 4.0835], "size": [1, 1, 1], "pivot": [-0.1, 16.22225, 4.34176], "rotation": [-94.89031, 33.16347, -21.05215], "uv": [28, 3]},
						{"origin": [-0.79465, 15.96542, 4.86654], "size": [1, 1, 1], "pivot": [-0.1, 16.22225, 4.34176], "rotation": [-94.89031, -33.16347, 21.05215], "uv": [3, 28]},
						{"origin": [-0.88189, 15.72513, 4.41276], "size": [1, 1, 1], "pivot": [-0.1, 15.85756, 4.19203], "rotation": [-108.07778, -14.2906, 4.60659], "uv": [28, 0]},
						{"origin": [-0.31811, 15.72513, 4.41276], "size": [1, 1, 1], "pivot": [-0.1, 15.85756, 4.19203], "rotation": [-108.07778, 14.2906, -4.60659], "uv": [27, 21]},
						{"origin": [-0.40535, 15.96542, 4.86654], "size": [1, 1, 1], "pivot": [-0.1, 16.22225, 4.34176], "rotation": [-94.89031, 33.16347, -21.05215], "uv": [12, 27]},
						{"origin": [-0.27431, 14.51381, 3.49862], "size": [1, 1, 1], "pivot": [-0.1, 14.80969, 3.88348], "rotation": [-135.99297, 10.54529, -10.72858], "uv": [26, 26]},
						{"origin": [-0.92569, 14.51381, 3.49862], "size": [1, 1, 1], "pivot": [-0.1, 14.80969, 3.88348], "rotation": [-135.99297, -10.54529, 10.72858], "uv": [26, 18]},
						{"origin": [-0.38402, 16.13833, 4.81503], "size": [1, 1, 1], "pivot": [-0.1, 15.85756, 4.19203], "rotation": [-134.94509, -11.54623, 37.11981], "uv": [26, 15]},
						{"origin": [-0.92569, 13.91381, 2.99862], "size": [1, 1, 1], "pivot": [-0.1, 14.20969, 3.38348], "rotation": [-160.62994, -5.07855, 14.13272], "uv": [9, 26]},
						{"origin": [-0.27431, 13.91381, 2.99862], "size": [1, 1, 1], "pivot": [-0.1, 14.20969, 3.38348], "rotation": [-160.62994, 5.07855, -14.13272], "uv": [25, 24]},
						{"origin": [-0.81598, 16.13833, 4.81503], "size": [1, 1, 1], "pivot": [-0.1, 15.85756, 4.19203], "rotation": [-134.94509, 11.54623, -37.11981], "uv": [24, 22]},
						{"origin": [-1.16932, 13.6554, 2.17286], "size": [1, 1, 2], "pivot": [-0.1, 13.90969, 2.58348], "rotation": [-174.7289, 18.63956, 34.46367], "uv": [22, 19]},
						{"origin": [-0.92569, 13.61381, 2.19862], "size": [1, 1, 2], "pivot": [-0.1, 13.90969, 2.58348], "rotation": [178.0681, 0.51754, 14.99127], "uv": [22, 15]},
						{"origin": [-0.27431, 13.61381, 2.19862], "size": [1, 1, 2], "pivot": [-0.1, 13.90969, 2.58348], "rotation": [178.0681, -0.51754, -14.99127], "uv": [4, 22]},
						{"origin": [-0.03068, 13.6554, 2.17286], "size": [1, 1, 2], "pivot": [-0.1, 13.90969, 2.58348], "rotation": [-174.7289, -18.63956, -34.46367], "uv": [16, 21]},
						{"origin": [0.16954, 14.04366, 1.39637], "size": [1, 1, 2], "pivot": [0.96954, 14.64366, 2.39637], "rotation": [-176.03906, -7.25895, -25.89503], "uv": [12, 20]},
						{"origin": [-1.26954, 14.04366, 1.39637], "size": [1, 1, 2], "pivot": [-0.96954, 14.64366, 2.39637], "rotation": [178.96094, 7.25895, 25.89503], "uv": [0, 20]}
					]
				},
				{
					"name": "bipedRightArm",
					"pivot": [-4, 22, 0]
				},
				{
					"name": "armorRightArm",
					"parent": "bipedRightArm",
					"pivot": [-4, 22, 0]
				},
				{
					"name": "bipedLeftArm",
					"pivot": [4, 22, 0]
				},
				{
					"name": "armorLeftArm",
					"parent": "bipedLeftArm",
					"pivot": [4, 22, 0]
				},
				{
					"name": "bipedLeftLeg",
					"pivot": [2, 12, 0]
				},
				{
					"name": "armorLeftLeg",
					"parent": "bipedLeftLeg",
					"pivot": [2, 12, 0]
				},
				{
					"name": "armorLeftBoot",
					"parent": "bipedLeftLeg",
					"pivot": [2, 12, 0]
				},
				{
					"name": "bipedRightLeg",
					"pivot": [-2, 12, 0]
				},
				{
					"name": "armorRightLeg",
					"parent": "bipedRightLeg",
					"pivot": [-2, 12, 0]
				},
				{
					"name": "armorRightBoot",
					"parent": "bipedRightLeg",
					"pivot": [-2, 12, 0]
				}
			]
		}
	]
}