{
	"format_version": "1.12.0",
	"minecraft:geometry": [
		{
			"description": {
				"identifier": "geometry.unknown",
				"texture_width": 32,
				"texture_height": 32,
				"visible_bounds_width": 2,
				"visible_bounds_height": 3.5,
				"visible_bounds_offset": [0, 1.25, 0]
			},
			"bones": [
				{
					"name": "bipedHead",
					"pivot": [0, 24, 0]
				},
				{
					"name": "armorHead",
					"parent": "bipedHead",
					"pivot": [0, 24, 0]
				},
				{
					"name": "bone2",
					"parent": "armorHead",
					"pivot": [2.55795, 31.5, -0.2],
					"cubes": [
						{"origin": [3.2, 31, -1.8], "size": [1, 2, 2], "pivot": [4.05795, 32.5, -0.3], "rotation": [3.81397, 11.91276, 17.89807], "uv": [10, 25]},
						{"origin": [3.2, 32, -1.8], "size": [1, 2, 2], "pivot": [4.05795, 32.5, -0.3], "rotation": [3.81397, 11.91276, 17.89807], "uv": [16, 24]},
						{"origin": [3.02331, 30.23237, -1.80314], "size": [1, 4, 3], "pivot": [2.92331, 33.33237, -0.90314], "rotation": [-1.25069, -5.54973, 16.74656], "uv": [0, 16]},
						{"origin": [2.7, 30, -0.7], "size": [1, 2, 2], "pivot": [3.55795, 32.5, 0.8], "rotation": [-8.89674, -26.12797, 19.56838], "uv": [24, 0]},
						{"origin": [2.7, 32, -0.7], "size": [1, 2, 2], "pivot": [3.55795, 32.5, 0.8], "rotation": [-8.89674, -26.12797, 19.56838], "uv": [24, 4]}
					]
				},
				{
					"name": "bone5",
					"parent": "bone2",
					"pivot": [3.85795, 32.5, 0.8],
					"cubes": [
						{"origin": [4.15115, 30.78181, -1.8], "size": [1, 3, 2], "pivot": [4.35795, 32.5, -0.3], "rotation": [-1.6575, 12.39135, -20.17995], "uv": [6, 21]},
						{"origin": [3.65115, 30.68181, -0.7], "size": [1, 3, 2], "pivot": [3.85795, 32.5, 0.8], "rotation": [3.88714, -27.24513, -20.94236], "uv": [18, 19]}
					]
				},
				{
					"name": "bone6",
					"parent": "bone5",
					"pivot": [3.85795, 30.5, -0.2],
					"cubes": [
						{"origin": [4.15115, 29.78181, -0.8], "size": [1, 1, 1], "pivot": [4.35795, 32.5, -0.3], "rotation": [-1.6575, 12.39135, -20.17995], "uv": [10, 21]},
						{"origin": [3.65115, 29.68181, -0.7], "size": [1, 1, 1], "pivot": [3.85795, 32.5, 0.8], "rotation": [3.88714, -27.24513, -20.94236], "uv": [18, 16]}
					]
				},
				{
					"name": "bone3",
					"parent": "armorHead",
					"pivot": [-2.41187, 31.31751, -0.28832],
					"cubes": [
						{"origin": [-4.2, 31, -1.8], "size": [1, 2, 2], "pivot": [-4.05795, 32.5, -0.3], "rotation": [3.81397, -11.91276, -17.89807], "uv": [0, 23]},
						{"origin": [-4.2, 32, -1.8], "size": [1, 2, 2], "pivot": [-4.05795, 32.5, -0.3], "rotation": [3.81397, -11.91276, -17.89807], "uv": [22, 22]},
						{"origin": [-4.02331, 30.23237, -1.80314], "size": [1, 4, 3], "pivot": [-2.92331, 33.33237, -0.90314], "rotation": [-1.25069, 5.54973, -16.74656], "uv": [0, 0]},
						{"origin": [-3.7, 30, -0.7], "size": [1, 2, 2], "pivot": [-3.55795, 32.5, 0.8], "rotation": [-8.89674, 26.12797, -19.56838], "uv": [22, 16]},
						{"origin": [-3.7, 32, -0.7], "size": [1, 2, 2], "pivot": [-3.55795, 32.5, 0.8], "rotation": [-8.89674, 26.12797, -19.56838], "uv": [12, 21]}
					]
				},
				{
					"name": "bone4",
					"parent": "bone3",
					"pivot": [-3.85795, 33.5, 0.8],
					"cubes": [
						{"origin": [-5.15115, 30.78181, -1.8], "size": [1, 3, 2], "pivot": [-4.35795, 32.5, -0.3], "rotation": [-1.6575, -12.39135, 20.17995], "uv": [8, 16]},
						{"origin": [-4.65115, 30.68181, -0.7], "size": [1, 3, 2], "pivot": [-3.85795, 32.5, 0.8], "rotation": [3.88714, 27.24513, 20.94236], "uv": [14, 16]}
					]
				},
				{
					"name": "bone",
					"parent": "bone4",
					"pivot": [-3.85795, 32.5, 0.8],
					"cubes": [
						{"origin": [-5.15115, 29.78181, -0.8], "size": [1, 1, 1], "pivot": [-4.35795, 32.5, -0.3], "rotation": [-1.6575, -12.39135, 20.17995], "uv": [5, 16]},
						{"origin": [-4.65115, 29.68181, -0.7], "size": [1, 1, 1], "pivot": [-3.85795, 32.5, 0.8], "rotation": [3.88714, 27.24513, 20.94236], "uv": [12, 16]}
					]
				},
				{
					"name": "bipedBody",
					"pivot": [0, 24, 0]
				},
				{
					"name": "armorBody",
					"parent": "bipedBody",
					"pivot": [0, 24, 0]
				},
				{
					"name": "bipedRightArm",
					"pivot": [-4, 22, 0]
				},
				{
					"name": "armorRightArm",
					"parent": "bipedRightArm",
					"pivot": [-4, 22, 0]
				},
				{
					"name": "bipedLeftArm",
					"pivot": [4, 22, 0]
				},
				{
					"name": "armorLeftArm",
					"parent": "bipedLeftArm",
					"pivot": [4, 22, 0]
				},
				{
					"name": "bipedLeftLeg",
					"pivot": [2, 12, 0]
				},
				{
					"name": "armorLeftLeg",
					"parent": "bipedLeftLeg",
					"pivot": [2, 12, 0]
				},
				{
					"name": "armorLeftBoot",
					"parent": "bipedLeftLeg",
					"pivot": [2, 12, 0]
				},
				{
					"name": "bipedRightLeg",
					"pivot": [-2, 12, 0]
				},
				{
					"name": "armorRightLeg",
					"parent": "bipedRightLeg",
					"pivot": [-2, 12, 0]
				},
				{
					"name": "armorRightBoot",
					"parent": "bipedRightLeg",
					"pivot": [-2, 12, 0]
				}
			]
		}
	]
}