{
	"format_version": "1.12.0",
	"minecraft:geometry": [
		{
			"description": {
				"identifier": "geometry.unknown",
				"texture_width": 64,
				"texture_height": 64,
				"visible_bounds_width": 4,
				"visible_bounds_height": 5,
				"visible_bounds_offset": [0, 1.5, 0]
			},
			"bones": [
				{
					"name": "bipedHead",
					"pivot": [0, 24, 0]
				},
				{
					"name": "armorHead",
					"parent": "bipedHead",
					"pivot": [0, 24, 0]
				},
				{
					"name": "group",
					"parent": "armorHead",
					"pivot": [-4, 12, 6],
					"cubes": [
						{
							"origin": [3, 32, -2.4],
							"size": [2, 2, 1],
							"pivot": [4, 32, -1.5],
							"rotation": [0, -22.5, 0],
							"uv": {
								"north": {"uv": [40, 12], "uv_size": [4, 4]},
								"east": {"uv": [46, 4], "uv_size": [2, 4]},
								"south": {"uv": [46, 0], "uv_size": [4, 4]},
								"west": {"uv": [46, 8], "uv_size": [2, 4]},
								"up": {"uv": [16, 34], "uv_size": [4, 2]},
								"down": {"uv": [44, 48], "uv_size": [4, -2]}
							}
						},
						{
							"origin": [3, 28, -1.25],
							"size": [2, 5, 0],
							"pivot": [4, 32, -2],
							"rotation": [0, 0, -45],
							"uv": {
								"north": {"uv": [16, 24], "uv_size": [4, 10]},
								"east": {"uv": [0, 0], "uv_size": [0, 10]},
								"south": {"uv": [12, 42], "uv_size": [4, 10]},
								"west": {"uv": [0, 0], "uv_size": [0, 10]},
								"up": {"uv": [0, 0], "uv_size": [4, 0]},
								"down": {"uv": [0, 0], "uv_size": [4, 0]}
							}
						},
						{
							"origin": [2.75, 27.5, -1.75],
							"size": [2, 5, 0],
							"pivot": [4, 32, -2],
							"rotation": [0, 0, -22.5],
							"uv": {
								"north": {"uv": [44, 20], "uv_size": [4, 10]},
								"east": {"uv": [0, 0], "uv_size": [0, 10]},
								"south": {"uv": [44, 30], "uv_size": [4, 10]},
								"west": {"uv": [0, 0], "uv_size": [0, 10]},
								"up": {"uv": [0, 0], "uv_size": [4, 0]},
								"down": {"uv": [0, 0], "uv_size": [4, 0]}
							}
						},
						{
							"origin": [3.75, 24.5, -1.5],
							"size": [2, 8, 0],
							"uv": {
								"north": {"uv": [40, 32], "uv_size": [4, 16]},
								"east": {"uv": [0, 0], "uv_size": [0, 16]},
								"south": {"uv": [0, 42], "uv_size": [4, 16]},
								"west": {"uv": [0, 0], "uv_size": [0, 16]},
								"up": {"uv": [0, 0], "uv_size": [4, 0]},
								"down": {"uv": [0, 0], "uv_size": [4, 0]}
							}
						},
						{
							"origin": [0, 32, -3],
							"size": [5, 4, 0],
							"pivot": [0, 32, -3],
							"rotation": [0, -22.5, 0],
							"uv": {
								"north": {"uv": [34, 16], "uv_size": [10, 8]},
								"east": {"uv": [0, 0], "uv_size": [0, 8]},
								"south": {"uv": [34, 24], "uv_size": [10, 8]},
								"west": {"uv": [0, 0], "uv_size": [0, 8]},
								"up": {"uv": [0, 0], "uv_size": [10, 0]},
								"down": {"uv": [0, 0], "uv_size": [10, 0]}
							}
						},
						{
							"origin": [4, 25, -1],
							"size": [4, 9, 4],
							"pivot": [4, 32, 1],
							"rotation": [0, 0, -22.5],
							"uv": {
								"north": {"uv": [20, 0], "uv_size": [8, 18]},
								"east": {"uv": [20, 18], "uv_size": [8, 18]},
								"south": {"uv": [0, 24], "uv_size": [8, 18]},
								"west": {"uv": [8, 24], "uv_size": [8, 18]},
								"up": {"uv": [4, 42], "uv_size": [8, 8]},
								"down": {"uv": [44, 20], "uv_size": [8, -8]}
							}
						},
						{
							"origin": [6.5091, 22.84357, -0.5],
							"size": [3, 6, 3],
							"uv": {
								"north": {"uv": [34, 32], "uv_size": [6, 12]},
								"east": {"uv": [16, 36], "uv_size": [6, 12]},
								"south": {"uv": [22, 36], "uv_size": [6, 12]},
								"west": {"uv": [40, 0], "uv_size": [6, 12]},
								"up": {"uv": [34, 44], "uv_size": [6, 6]},
								"down": {"uv": [44, 46], "uv_size": [6, -6]}
							}
						},
						{
							"origin": [4.5091, 20.04357, 1],
							"size": [5, 12, 0],
							"uv": {
								"north": {"uv": [0, 0], "uv_size": [10, 24]},
								"east": {"uv": [0, 0], "uv_size": [0, 24]},
								"south": {"uv": [10, 0], "uv_size": [10, 24]},
								"west": {"uv": [0, 0], "uv_size": [0, 24]},
								"up": {"uv": [0, 0], "uv_size": [10, 0]},
								"down": {"uv": [0, 0], "uv_size": [10, 0]}
							}
						}
					]
				},
				{
					"name": "group4",
					"parent": "group",
					"pivot": [0, 0, 0],
					"cubes": [
						{
							"origin": [0.5, 32, -1.75],
							"size": [3, 8, 0],
							"pivot": [-0.5, 32, -1.75],
							"rotation": [0, -45, 0],
							"uv": {
								"north": {"uv": [28, 0], "uv_size": [6, 16]},
								"east": {"uv": [0, 0], "uv_size": [0, 16]},
								"south": {"uv": [28, 16], "uv_size": [6, 16]},
								"west": {"uv": [0, 0], "uv_size": [0, 16]},
								"up": {"uv": [0, 0], "uv_size": [6, 0]},
								"down": {"uv": [0, 0], "uv_size": [6, 0]}
							}
						},
						{
							"origin": [2.3, 32, 1.07],
							"size": [3, 8, 0],
							"pivot": [2.3, 32, 1.05],
							"rotation": [0, 45, 0],
							"uv": {
								"north": {"uv": [28, 32], "uv_size": [6, 16]},
								"east": {"uv": [0, 0], "uv_size": [0, 16]},
								"south": {"uv": [34, 0], "uv_size": [6, 16]},
								"west": {"uv": [0, 0], "uv_size": [0, 16]},
								"up": {"uv": [0, 0], "uv_size": [6, 0]},
								"down": {"uv": [0, 0], "uv_size": [6, 0]}
							}
						}
					]
				},
				{
					"name": "group3",
					"parent": "armorHead",
					"pivot": [-4, 12, 6],
					"cubes": [
						{
							"origin": [-5, 32, -2.4],
							"size": [2, 2, 1],
							"pivot": [-4, 32, -1.5],
							"rotation": [0, 22.5, 0],
							"uv": {
								"north": {"uv": [44, 12], "uv_size": [-4, 4]},
								"east": {"uv": [48, 8], "uv_size": [-2, 4]},
								"south": {"uv": [50, 0], "uv_size": [-4, 4]},
								"west": {"uv": [48, 4], "uv_size": [-2, 4]},
								"up": {"uv": [20, 34], "uv_size": [-4, 2]},
								"down": {"uv": [48, 48], "uv_size": [-4, -2]}
							}
						},
						{
							"origin": [-5, 28, -1.25],
							"size": [2, 5, 0],
							"pivot": [-4, 32, -2],
							"rotation": [0, 0, 45],
							"uv": {
								"north": {"uv": [20, 24], "uv_size": [-4, 10]},
								"east": {"uv": [0, 0], "uv_size": [0, 10]},
								"south": {"uv": [16, 42], "uv_size": [-4, 10]},
								"west": {"uv": [0, 0], "uv_size": [0, 10]},
								"up": {"uv": [4, 0], "uv_size": [-4, 0]},
								"down": {"uv": [4, 0], "uv_size": [-4, 0]}
							}
						},
						{
							"origin": [-4.75, 27.5, -1.75],
							"size": [2, 5, 0],
							"pivot": [-4, 32, -2],
							"rotation": [0, 0, 22.5],
							"uv": {
								"north": {"uv": [48, 20], "uv_size": [-4, 10]},
								"east": {"uv": [0, 0], "uv_size": [0, 10]},
								"south": {"uv": [48, 30], "uv_size": [-4, 10]},
								"west": {"uv": [0, 0], "uv_size": [0, 10]},
								"up": {"uv": [4, 0], "uv_size": [-4, 0]},
								"down": {"uv": [4, 0], "uv_size": [-4, 0]}
							}
						},
						{
							"origin": [-5.75, 24.5, -1.5],
							"size": [2, 8, 0],
							"uv": {
								"north": {"uv": [44, 32], "uv_size": [-4, 16]},
								"east": {"uv": [0, 0], "uv_size": [0, 16]},
								"south": {"uv": [4, 42], "uv_size": [-4, 16]},
								"west": {"uv": [0, 0], "uv_size": [0, 16]},
								"up": {"uv": [4, 0], "uv_size": [-4, 0]},
								"down": {"uv": [4, 0], "uv_size": [-4, 0]}
							}
						},
						{
							"origin": [-5, 32, -3],
							"size": [5, 4, 0],
							"pivot": [0, 32, -3],
							"rotation": [0, 22.5, 0],
							"uv": {
								"north": {"uv": [44, 16], "uv_size": [-10, 8]},
								"east": {"uv": [0, 0], "uv_size": [0, 8]},
								"south": {"uv": [44, 24], "uv_size": [-10, 8]},
								"west": {"uv": [0, 0], "uv_size": [0, 8]},
								"up": {"uv": [10, 0], "uv_size": [-10, 0]},
								"down": {"uv": [10, 0], "uv_size": [-10, 0]}
							}
						},
						{
							"origin": [-8, 25, -1],
							"size": [4, 9, 4],
							"pivot": [-4, 32, 1],
							"rotation": [0, 0, 22.5],
							"uv": {
								"north": {"uv": [28, 0], "uv_size": [-8, 18]},
								"east": {"uv": [16, 24], "uv_size": [-8, 18]},
								"south": {"uv": [8, 24], "uv_size": [-8, 18]},
								"west": {"uv": [28, 18], "uv_size": [-8, 18]},
								"up": {"uv": [12, 42], "uv_size": [-8, 8]},
								"down": {"uv": [52, 20], "uv_size": [-8, -8]}
							}
						},
						{
							"origin": [-9.5091, 22.84357, -0.5],
							"size": [3, 6, 3],
							"uv": {
								"north": {"uv": [40, 32], "uv_size": [-6, 12]},
								"east": {"uv": [46, 0], "uv_size": [-6, 12]},
								"south": {"uv": [28, 36], "uv_size": [-6, 12]},
								"west": {"uv": [22, 36], "uv_size": [-6, 12]},
								"up": {"uv": [40, 44], "uv_size": [-6, 6]},
								"down": {"uv": [50, 46], "uv_size": [-6, -6]}
							}
						},
						{
							"origin": [-9.5091, 20.04357, 1],
							"size": [5, 12, 0],
							"uv": {
								"north": {"uv": [10, 0], "uv_size": [-10, 24]},
								"east": {"uv": [0, 0], "uv_size": [0, 24]},
								"south": {"uv": [20, 0], "uv_size": [-10, 24]},
								"west": {"uv": [0, 0], "uv_size": [0, 24]},
								"up": {"uv": [10, 0], "uv_size": [-10, 0]},
								"down": {"uv": [10, 0], "uv_size": [-10, 0]}
							}
						}
					]
				},
				{
					"name": "group2",
					"parent": "group3",
					"pivot": [0, 0, 0],
					"cubes": [
						{
							"origin": [-3.5, 32, -1.75],
							"size": [3, 8, 0],
							"pivot": [0.5, 32, -1.75],
							"rotation": [0, 45, 0],
							"uv": {
								"north": {"uv": [34, 0], "uv_size": [-6, 16]},
								"east": {"uv": [0, 0], "uv_size": [0, 16]},
								"south": {"uv": [34, 16], "uv_size": [-6, 16]},
								"west": {"uv": [0, 0], "uv_size": [0, 16]},
								"up": {"uv": [6, 0], "uv_size": [-6, 0]},
								"down": {"uv": [6, 0], "uv_size": [-6, 0]}
							}
						},
						{
							"origin": [-5.3, 32, 1.07],
							"size": [3, 8, 0],
							"pivot": [-2.3, 32, 1.05],
							"rotation": [0, -45, 0],
							"uv": {
								"north": {"uv": [34, 32], "uv_size": [-6, 16]},
								"east": {"uv": [0, 0], "uv_size": [0, 16]},
								"south": {"uv": [40, 0], "uv_size": [-6, 16]},
								"west": {"uv": [0, 0], "uv_size": [0, 16]},
								"up": {"uv": [6, 0], "uv_size": [-6, 0]},
								"down": {"uv": [6, 0], "uv_size": [-6, 0]}
							}
						}
					]
				},
				{
					"name": "bipedBody",
					"pivot": [0, 24, 0]
				},
				{
					"name": "armorBody",
					"parent": "bipedBody",
					"pivot": [0, 24, 0]
				},
				{
					"name": "bipedRightArm",
					"pivot": [-4, 22, 0]
				},
				{
					"name": "armorRightArm",
					"parent": "bipedRightArm",
					"pivot": [-4, 22, 0]
				},
				{
					"name": "bipedLeftArm",
					"pivot": [4, 22, 0]
				},
				{
					"name": "armorLeftArm",
					"parent": "bipedLeftArm",
					"pivot": [4, 22, 0]
				},
				{
					"name": "bipedLeftLeg",
					"pivot": [-2, 12, 0]
				},
				{
					"name": "armorLeftLeg",
					"parent": "bipedLeftLeg",
					"pivot": [-2, 12, 0]
				},
				{
					"name": "armorLeftBoot",
					"parent": "bipedLeftLeg",
					"pivot": [-2, 12, 0]
				},
				{
					"name": "bipedRightLeg",
					"pivot": [2, 12, 0]
				},
				{
					"name": "armorRightLeg",
					"parent": "bipedRightLeg",
					"pivot": [2, 12, 0]
				},
				{
					"name": "armorRightBoot",
					"parent": "bipedRightLeg",
					"pivot": [2, 12, 0]
				}
			]
		}
	]
}