{
	"format_version": "1.8.0",
	"animations": {
		"idle": {
			"loop": true,
			"animation_length": 1.5,
			"bones": {
				"Tail": {
					"rotation": {
						"0.0": {
							"vector": [-22.5, -12, 0]
						},
						"0.75": {
							"vector": [-22.5, 12, 0],
							"easing": "easeOutQuad"
						},
						"1.5": {
							"vector": [-22.5, -12, 0],
							"easing": "easeOutQuad"
						}
					}
				},
				"inner_tail": {
					"rotation": {
						"0.0": {
							"vector": [0, 5, 0]
						},
						"0.75": {
							"vector": [0, -5, 0],
							"easing": "easeInBack"
						},
						"1.5": {
							"vector": [0, 5, 0],
							"easing": "easeInBack"
						}
					}
				},
				"middle_tail": {
					"rotation": {
						"0.0": {
							"vector": [0, -22.5, 0]
						},
						"0.75": {
							"vector": [0, 22.5, 0],
							"easing": "easeOutSine"
						},
						"1.5": {
							"vector": [0, -22.5, 0],
							"easing": "easeOutSine"
						}
					}
				}
			}
		},
		"walk": {
			"loop": true,
			"animation_length": 1,
			"bones": {
				"Tail": {
					"rotation": {
						"0.0": {
							"vector": [0, -12, 0]
						},
						"0.5": {
							"vector": [0, 12, 0],
							"easing": "easeInOutCubic"
						},
						"1.0": {
							"vector": [0, -12, 0],
							"easing": "easeInOutCubic"
						}
					}
				},
				"inner_tail": {
					"rotation": {
						"0.0": {
							"vector": [0, -5, 0]
						},
						"0.5": {
							"vector": [0, 5, 0],
							"easing": "easeInOutSine"
						},
						"1.0": {
							"vector": [0, -5, 0],
							"easing": "easeInOutSine"
						}
					}
				},
				"middle_tail": {
					"rotation": {
						"0.0": {
							"vector": [0, -22.5, 0]
						},
						"0.5": {
							"vector": [0, 22.5, 0],
							"easing": "easeInOutSine"
						},
						"1.0": {
							"vector": [0, -22.5, 0],
							"easing": "easeInOutSine"
						}
					}
				},
				"p": {
					"rotation": {
						"0.0": {
							"vector": [-15, 0, 0]
						},
						"0.3": {
							"vector": [-22.5, 0, 0],
							"easing": "easeInOutSine"
						},
						"0.5": {
							"vector": [-15, 0, 0],
							"easing": "easeInOutSine"
						},
						"0.8": {
							"vector": [-22.5, 0, 0],
							"easing": "easeInOutSine"
						},
						"1.0": {
							"vector": [-15, 0, 0],
							"easing": "easeInOutSine"
						}
					},
					"position": {
						"0.0": {
							"vector": [0, -0.25, 0]
						},
						"0.3": {
							"vector": [0, -0.75, 0],
							"easing": "easeInOutSine"
						},
						"0.5": {
							"vector": [0, -0.25, 0],
							"easing": "easeInOutSine"
						},
						"0.8": {
							"vector": [0, -0.75, 0],
							"easing": "easeInOutSine"
						},
						"1.0": {
							"vector": [0, -0.25, 0],
							"easing": "easeInOutSine"
						}
					}
				}
			}
		},
		"run": {
			"loop": true,
			"animation_length": 0.58333,
			"bones": {
				"Tail": {
					"rotation": {
						"0.0": {
							"vector": [22.5, -12, 0]
						},
						"0.25": {
							"vector": [22.5, 12, 0],
							"easing": "easeInOutCubic"
						},
						"0.5833": {
							"vector": [22.5, -12, 0],
							"easing": "easeInOutCubic"
						}
					}
				},
				"inner_tail": {
					"rotation": {
						"0.0": {
							"vector": [0, -5, 0]
						},
						"0.25": {
							"vector": [0, 5, 0],
							"easing": "easeInOutSine"
						},
						"0.5833": {
							"vector": [0, -5, 0],
							"easing": "easeInOutSine"
						}
					}
				},
				"middle_tail": {
					"rotation": {
						"0.0": {
							"vector": [0, -22.5, 0]
						},
						"0.25": {
							"vector": [0, 22.5, 0],
							"easing": "easeInOutSine"
						},
						"0.5833": {
							"vector": [0, -22.5, 0],
							"easing": "easeInOutSine"
						}
					}
				},
				"p": {
					"rotation": {
						"0.0": {
							"vector": [-15, 0, 0]
						},
						"0.1667": {
							"vector": [-22.5, 0, 0],
							"easing": "easeInOutSine"
						},
						"0.25": {
							"vector": [-15, 0, 0],
							"easing": "easeInOutSine"
						},
						"0.5": {
							"vector": [-22.5, 0, 0],
							"easing": "easeInOutSine"
						},
						"0.5833": {
							"vector": [-15, 0, 0],
							"easing": "easeInOutSine"
						}
					},
					"position": {
						"0.0": {
							"vector": [0, -0.25, 0]
						},
						"0.1667": {
							"vector": [0, -0.75, 0],
							"easing": "easeInOutSine"
						},
						"0.25": {
							"vector": [0, -0.25, 0],
							"easing": "easeInOutSine"
						},
						"0.5": {
							"vector": [0, -0.75, 0],
							"easing": "easeInOutSine"
						},
						"0.5833": {
							"vector": [0, -0.25, 0],
							"easing": "easeInOutSine"
						}
					}
				}
			}
		},
		"crouch": {
			"loop": "hold_on_last_frame",
			"bones": {
				"Tail": {
					"rotation": {
						"vector": [37.5, 0, 0]
					}
				}
			}
		},
		"swim": {
			"loop": true,
			"animation_length": 1.5,
			"bones": {
				"Tail": {
					"rotation": {
						"0.0": {
							"vector": [-67.5, 0, 0]
						},
						"0.75": {
							"vector": [-52.5, 0, 0],
							"easing": "easeInOutSine"
						},
						"1.5": {
							"vector": [-67.5, 0, 0],
							"easing": "easeInOutSine"
						}
					}
				},
				"inner_tail": {
					"rotation": {
						"0.0": {
							"vector": [0, 0, 0]
						},
						"0.75": {
							"vector": [-10, 0, 0],
							"easing": "easeInOutQuint"
						},
						"1.5": {
							"vector": [0, 0, 0],
							"easing": "easeInOutQuint"
						}
					}
				},
				"middle_tail": {
					"rotation": {
						"0.0": {
							"vector": [0, 0, 0]
						},
						"0.75": {
							"vector": [22.5, 0, 0],
							"easing": "easeInOutExpo"
						},
						"1.5": {
							"vector": [0, 0, 0],
							"easing": "easeInOutExpo"
						}
					}
				}
			}
		},
		"jump": {
			"loop": true,
			"animation_length": 0.5,
			"bones": {
				"Tail": {
					"rotation": {
						"0.0": {
							"vector": [-45.43855, 7, -7]
						},
						"0.25": {
							"vector": [-45.70269, -7, 7],
							"easing": "easeInSine"
						},
						"0.5": {
							"vector": [-45.44, 7, -7],
							"easing": "easeInSine"
						}
					}
				},
				"inner_tail": {
					"rotation": {
						"0.0": {
							"vector": [0, -22.5, 0]
						},
						"0.25": {
							"vector": [0, 22.5, 0]
						},
						"0.5": {
							"vector": [0, -22.5, 0]
						}
					}
				},
				"middle_tail": {
					"rotation": {
						"0.0": {
							"vector": [0, -10, 0]
						},
						"0.25": {
							"vector": [0, 10, 0],
							"easing": "easeInQuad"
						},
						"0.5": {
							"vector": [0, -10, 0],
							"easing": "easeInQuad"
						}
					}
				}
			}
		}
	},
	"geckolib_format_version": 2
}