[
  {
    "name": "buff_nojacket",
    "model_id": "bounce_styles:buffpupv4_nojacket.geo.json",
    "texture_id": "bounce_styles:buffpupv4.png",
    "animation_id": "bounce_styles:buffpup.animation.json",
    "transition_ticks": 0,
    "animations": {
      "idle": "idle",
      "walking": "walk",
      "sneaking": "crouch",
      "sprinting": "run",
      "swimming": "swim",
      "in_air": "jump"
    },
    "slots": [
      "body"
    ],
    "hidden_parts": []
  },
  {
    "name": "buff",
    "model_id": "bounce_styles:buffpupv4.geo.json",
    "texture_id": "bounce_styles:buffpupv4.png",
    "animation_id": "bounce_styles:buffpup.animation.json",
    "transition_ticks": 0,
    "animations": {
      "idle": "idle",
      "walking": "walk",
      "sneaking": "crouch",
      "sprinting": "run",
      "swimming": "swim",
      "in_air": "jump"
    },
    "slots": [
      "head",
      "body"
    ],
    "hidden_parts": []
  },
  {
    "name": "buff_wolf",
    "model_id": "bounce_styles:buffpupv_wolfv4.geo.json",
    "texture_id": "bounce_styles:buffpup_wolfv4.png",
    "animation_id": "bounce_styles:buffpup.animation.json",
    "transition_ticks": 0,
    "animations": {
      "idle": "idle",
      "walking": "walk",
      "sneaking": "crouch",
      "sprinting": "run",
      "swimming": "swim",
      "in_air": "jump"
    },
    "slots": [
      "head"
    ],
    "hidden_parts": []
  },
  {
    "name": "buffpup_ears",
    "model_id": "bounce_styles:buffpup_ears.geo.json",
    "texture_id": "bounce_styles:buffpupears.png",
    "slots": [
      "head"
    ],
    "hidden_parts": []
  },
  {
    "name": "aicandii_horns",
    "slots": [
      "head"
    ],
    "hidden_parts": []
  },
  {
    "name": "aicandii",
    "model_id": "bounce_styles:aicandii_customv6.geo.json",
    "texture_id": "bounce_styles:candii_customv6.png",
    "slots": [
      "head",
      "body"
    ],
    "hidden_parts": []
  },
  {
    "name": "rose_hat",
    "model_id": "bounce_styles:rose.geo.json",
    "texture_id": "bounce_styles:rose.png",
    "slots": [
      "head"
    ],
    "hidden_parts": []
  },
  {
    "name": "rosstril",
    "animation_id": "bounce_styles:rosstril.animation.json",
    "transition_ticks": 0,
    "animations": {
      "sneaking": "crouch"
    },
    "slots": [
      "body",
      "head",
      "legs"
    ],
    "hidden_parts": [
      "head",
      "body",
      "left_arm",
      "right_arm",
      "left_leg",
      "right_leg"
    ]
  },
  {
    "name": "ross_horns",
    "model_id": "bounce_styles:ross.geo.json",
    "texture_id": "bounce_styles:ross.png",
    "slots": [
      "head"
    ],
    "hidden_parts": []
  },
  {
    "name": "chainsaw_man_helmet",
    "slots": [
      "head"
    ],
    "hidden_parts": []
  },
  {
    "name": "shiaears",
    "texture_id": "bounce_styles:shia_ears.png",
    "slots": [
      "head"
    ],
    "hidden_parts": []
  },
  {
    "name": "ross_new",
    "model_id": "bounce_styles:ross_new.geo.json",
    "texture_id": "bounce_styles:ross_styles.png",
    "slots": [
      "head",
      "body"
    ],
    "hidden_parts": []
  }
]