{
	"format_version": "1.12.0",
	"minecraft:geometry": [
		{
			"description": {
				"identifier": "geometry.unknown",
				"texture_width": 128,
				"texture_height": 128,
				"visible_bounds_width": 3,
				"visible_bounds_height": 3.5,
				"visible_bounds_offset": [0, 1.25, 0]
			},
			"bones": [
				{
					"name": "bipedHead",
					"pivot": [0, 24, 0]
				},
				{
					"name": "armorHead",
					"parent": "bipedHead",
					"pivot": [0, 24, 0],
					"cubes": [
						{"origin": [-4, 24, -4], "size": [8, 8, 8], "uv": [0, 0]},
						{"origin": [4, 26, -1], "size": [1, 5, 2], "pivot": [0, 24, 0], "rotation": [-32.5, 22.5, -2.5], "uv": [6, 76]},
						{"origin": [-5, 26, -1], "size": [1, 5, 2], "pivot": [0, 24, 0], "rotation": [-32.5, -22.5, 2.5], "uv": [74, 61]},
						{"origin": [-0.5, 25.9, -4.7], "size": [1, 1, 1], "uv": [29, 82]},
						{"origin": [-1, 30, -6], "size": [5, 5, 6], "pivot": [0, 24, 0], "rotation": [-35, 0, 7.5], "uv": [0, 32]},
						{"origin": [-4, 33, -7], "size": [4, 4, 4], "pivot": [0, 24, 0], "rotation": [-50, 0, -10], "uv": [56, 63]},
						{"origin": [-4, 30, -6], "size": [5, 5, 6], "pivot": [0, 24, 0], "rotation": [-35, 0, -7.5], "uv": [26, 10]},
						{"origin": [0, 34, -8], "size": [3, 3.5, 3], "pivot": [0, 24, 0], "rotation": [-70, 0, 10], "uv": [68, 33]},
						{"origin": [0, 33, -7], "size": [4, 4, 4], "pivot": [0, 24, 0], "rotation": [-50, 0, 10], "uv": [63, 9]},
						{"origin": [-3, 34, -9], "size": [1, 1.5, 1], "pivot": [0, 24, 0], "rotation": [-97.5, 0, -10], "uv": [4, 22]},
						{"origin": [-3, 34, -8], "size": [3, 3.5, 3], "pivot": [0, 24, 0], "rotation": [-70, 0, -10], "uv": [68, 17]},
						{"origin": [1, 34, -9], "size": [2, 2.5, 2], "pivot": [0, 24, 0], "rotation": [-87.5, 0, 10], "uv": [58, 9]},
						{"origin": [2, 34, -9], "size": [1, 1.5, 1], "pivot": [0, 24, 0], "rotation": [-97.5, 0, 10], "uv": [0, 22]},
						{"origin": [-3, 34, -9], "size": [2, 2.5, 2], "pivot": [0, 24, 0], "rotation": [-87.5, 0, -10], "uv": [34, 34]},
						{"origin": [-5.5, 25, -8], "size": [2.5, 5, 2], "pivot": [0, 24, 0], "rotation": [-17.5, 5, 32.5], "uv": [0, 0]},
						{"origin": [-5, 26, -7], "size": [2.5, 4, 2], "pivot": [0, 24, 0], "rotation": [2.5, 0, 15], "uv": [0, 16]},
						{"origin": [4, 24, -2], "size": [1, 7, 2], "pivot": [0, 25, 0], "rotation": [-7.5, 7.5, -7.5], "uv": [74, 0]},
						{"origin": [-5, 24, -2], "size": [1, 7, 2], "pivot": [0, 25, 0], "rotation": [-7.5, -7.5, 7.5], "uv": [0, 73]},
						{"origin": [1.25, 34, -5], "size": [1, 2, 1], "pivot": [0, 24, 0], "rotation": [-17.5, 2.5, 5], "uv": [28, 21]},
						{"origin": [1, 31, -1], "size": [2, 3, 2], "pivot": [0, 24, 0], "rotation": [12.5, 2.5, 5], "uv": [72, 50]},
						{"origin": [-2.75, 31, -4], "size": [1.5, 4, 1.5], "pivot": [0, 24, 0], "rotation": [-10, -2.5, -5], "uv": [0, 43]},
						{"origin": [-3, 31, -1], "size": [2, 3, 2], "pivot": [0, 24, 0], "rotation": [12.5, -2.5, -5], "uv": [14, 2]},
						{"origin": [-2.25, 34, -5], "size": [1, 2, 1], "pivot": [0, 24, 0], "rotation": [-17.5, -2.5, -5], "uv": [24, 21]},
						{"origin": [1.25, 31, -4], "size": [1.5, 4, 1.5], "pivot": [0, 24, 0], "rotation": [-10, 2.5, 5], "uv": [0, 32]}
					]
				},
				{
					"name": "bipedBody",
					"pivot": [0, 24, 0]
				},
				{
					"name": "armorBody",
					"parent": "bipedBody",
					"pivot": [0, 24, 0],
					"cubes": [
						{"origin": [-3.5, 18, -2], "size": [7, 6, 4.5], "uv": [32, 0]},
						{"origin": [-2.5, 14, -2], "size": [5, 7, 3.5], "uv": [12, 60]},
						{"origin": [-3.75, 16, -4], "size": [7.5, -3, 6], "uv": [44, 0]},
						{"origin": [-4, 14, -3], "size": [8, -3, 6], "uv": [36, 10]},
						{"origin": [-1.5, 15, -5.5], "size": [3, -3, 6], "pivot": [0, 24, 0], "rotation": [10, 0, 0], "uv": [18, 0]},
						{"origin": [0, 18.5, -7], "size": [4, 4, 6], "pivot": [0, 24, 0], "rotation": [20, -5, 0], "uv": [14, 50]},
						{"origin": [-4, 18.5, -7], "size": [4, 4, 6], "pivot": [0, 24, 0], "rotation": [20, 5, 0], "uv": [48, 44]},
						{"origin": [-5, 22, -4.5], "size": [9.5, 2.75, 9.5], "pivot": [0, 24, 0], "rotation": [0, -45, 0], "uv": [23, 23]},
						{"origin": [-10, 18, 3], "size": [8, 4, 2], "pivot": [0, 24, 0], "rotation": [-2.5, 10, 12.5], "uv": [50, 23]},
						{"origin": [2, 18, 3], "size": [8, 4, 2], "pivot": [0, 24, 0], "rotation": [-2.5, -10, -12.5], "uv": [50, 23]}
					]
				},
				{
					"name": "bipedRightArm",
					"pivot": [-4, 22, 0]
				},
				{
					"name": "armorRightArm",
					"parent": "bipedRightArm",
					"pivot": [-4, 22, 0],
					"rotation": [-2.5, -5, -2.5],
					"cubes": [
						{"origin": [-7, 12, -2], "size": [3, 12, 3.5], "pivot": [-7.5, 19.5, 0], "rotation": [0, 0, 20], "uv": [0, 53]},
						{"origin": [-7.5, 13, -2.5], "size": [4, 5, 4.5], "pivot": [-7.5, 19.5, 0], "rotation": [0, 0, 20], "uv": [62, 41]},
						{"origin": [-8, 9, -3.5], "size": [5, 5, 5.5], "pivot": [-7.5, 19.5, 0], "rotation": [10, 5, 20], "uv": [48, 13]},
						{"origin": [-7, 8, -3], "size": [3, 1, 4.5], "pivot": [-7.5, 19.5, 0], "rotation": [10, 5, 20], "uv": [44, 67]}
					]
				},
				{
					"name": "bipedLeftArm",
					"pivot": [4, 22, 0],
					"rotation": [0, 0, 2.5]
				},
				{
					"name": "armorLeftArm",
					"parent": "bipedLeftArm",
					"pivot": [4, 22, 0],
					"rotation": [-2.5, 5, 0],
					"cubes": [
						{"origin": [4, 8, -3], "size": [3, 1, 4.5], "pivot": [7.5, 19.5, 0], "rotation": [10, -5, -20], "uv": [0, 68]},
						{"origin": [4, 12, -2], "size": [3, 12, 3.5], "pivot": [7.5, 19.5, 0], "rotation": [0, 0, -20], "uv": [34, 50]},
						{"origin": [3.5, 13, -2.5], "size": [4, 5, 4.5], "pivot": [7.5, 19.5, 0], "rotation": [0, 0, -20], "uv": [60, 54]},
						{"origin": [3, 9, -3.5], "size": [5, 5, 5.5], "pivot": [7.5, 19.5, 0], "rotation": [10, -5, -20], "uv": [0, 43]}
					]
				},
				{
					"name": "bipedLeftLeg",
					"pivot": [2, 12, 0]
				},
				{
					"name": "armorLeftLeg",
					"parent": "bipedLeftLeg",
					"pivot": [2, 12, 0],
					"cubes": [
						{"origin": [4.5, 6, -1.7], "size": [2, 6, 3.8], "pivot": [2, 12, 0], "rotation": [5, 0, 20], "uv": [52, 82]},
						{"origin": [0.25, 10, 2], "size": [5, 4, 2.5], "pivot": [2, 12, 0], "rotation": [-2.5, 0, -5], "uv": [68, 27], "mirror": true},
						{"origin": [0.5, 0, -4], "size": [3.5, 1, 3], "pivot": [2, 12, 0], "rotation": [2.5, -2.5, 0], "uv": [0, 62], "mirror": true},
						{"origin": [2, 0.5, -4], "size": [1, 1, 1], "uv": [22, 82]},
						{"origin": [3.5, 9, -1.7], "size": [2, 6, 4], "pivot": [2, 12, 0], "rotation": [2.5, 2.5, -20], "uv": [69, 68]},
						{"origin": [0.85, 0, -1.5], "size": [4, 12, 4], "pivot": [2, 12, 0], "rotation": [2.5, 2.5, 2.5], "uv": [38, 34]},
						{"origin": [1.2, 7, -3], "size": [3.8, 5, 2], "pivot": [-2, 12, 0], "rotation": [20, 2.5, 5], "uv": [41, 72]},
						{"origin": [1, 7, 2], "size": [3.8, 5, 2], "pivot": [-2, 12, 0], "rotation": [-15, 2.5, 2.5], "uv": [21, 72]}
					]
				},
				{
					"name": "armorLeftBoot",
					"parent": "bipedLeftLeg",
					"pivot": [2, 12, 0]
				},
				{
					"name": "bipedRightLeg",
					"pivot": [-2, 12, 0]
				},
				{
					"name": "armorRightLeg",
					"parent": "bipedRightLeg",
					"pivot": [-2, 12, 0],
					"cubes": [
						{"origin": [-4.85, 0, -1.5], "size": [4, 12, 4], "pivot": [-2, 12, 0], "rotation": [2.5, -2.5, -2.5], "uv": [22, 34]},
						{"origin": [-4.8, 7, 2], "size": [3.8, 5, 2], "pivot": [2, 12, 0], "rotation": [-15, -2.5, -2.5], "uv": [31, 72]},
						{"origin": [-5, 7, -3], "size": [3.8, 5, 2], "pivot": [2, 12, 0], "rotation": [20, -2.5, -5], "uv": [56, 71]},
						{"origin": [-5.5, 9, -1.7], "size": [2, 6, 4], "pivot": [-2, 12, 0], "rotation": [2.5, -2.5, 20], "uv": [69, 68], "mirror": true},
						{"origin": [-6.5, 6, -1.7], "size": [2, 6, 3.8], "pivot": [-2, 12, 0], "rotation": [5, 0, -20], "uv": [39, 82], "mirror": true},
						{"origin": [-5.25, 10, 2], "size": [5, 4, 2.5], "pivot": [-2, 12, 0], "rotation": [-2.5, 0, 5], "uv": [68, 27]},
						{"origin": [-4, 0, -4], "size": [3.5, 1, 3], "pivot": [-2, 12, 0], "rotation": [2.5, 2.5, 0], "uv": [54, 54]},
						{"origin": [-3, 0.5, -4], "size": [1, 1, 1], "uv": [22, 82], "mirror": true}
					]
				},
				{
					"name": "armorRightBoot",
					"parent": "bipedRightLeg",
					"pivot": [-2, 12, 0]
				}
			]
		}
	]
}