{
	"format_version": "1.12.0",
	"minecraft:geometry": [
		{
			"description": {
				"identifier": "geometry.unknown",
				"texture_width": 64,
				"texture_height": 64,
				"visible_bounds_width": 4,
				"visible_bounds_height": 2.5,
				"visible_bounds_offset": [0, 0.75, 0]
			},
			"bones": [
				{
					"name": "bipedHead",
					"pivot": [0, 24, 0]
				},
				{
					"name": "armorHead",
					"parent": "bipedHead",
					"pivot": [0, 6, 0]
				},
				{
					"name": "bone10",
					"parent": "armorHead",
					"pivot": [0, 6.03568, -1.5],
					"cubes": [
						{"origin": [-4.5, 3, -5], "size": [9, 4, 2], "uv": [25, 0]},
						{"origin": [-4, 3, -3], "size": [8, 7, 4], "uv": [0, 18]},
						{"origin": [-4, 9, -2], "size": [2, 2, 2], "pivot": [-3.25, 10.75, -1], "rotation": [0, 0, -20], "uv": [0, 0]},
						{"origin": [-4, 10.75, -1.5], "size": [1, 1, 1], "pivot": [-3.25, 10.75, -1], "rotation": [0, 0, -5], "uv": [6, 0]},
						{"origin": [3, 10.75, -1.5], "size": [1, 1, 1], "pivot": [3.25, 10.75, -1], "rotation": [0, 0, 5], "uv": [6, 4]},
						{"origin": [2, 9, -2], "size": [2, 2, 2], "pivot": [3.25, 10.75, -1], "rotation": [0, 0, 20], "uv": [0, 4]}
					]
				},
				{
					"name": "bone15",
					"parent": "bone10",
					"pivot": [-3.5, 8.94185, -1.44479],
					"cubes": [
						{"origin": [-5, 9.18835, -2.18813], "size": [1, 0, 1], "pivot": [-4.5, 9.43835, -1.58813], "rotation": [-10, 0, 0], "uv": [7, 8]},
						{"origin": [-5, 9.75, -2], "size": [1, 0, 1], "pivot": [-4.5, 9, -2], "rotation": [-77.5, 0, 0], "uv": [5, 8]}
					]
				},
				{
					"name": "bone13",
					"parent": "bone15",
					"pivot": [-4.25, 8.94185, -1.44479],
					"cubes": [
						{"origin": [-5.75, 9.18835, -2.18813], "size": [1, 0, 1], "pivot": [-5.25, 9.43835, -1.58813], "rotation": [-10, 0, 0], "uv": [8, 4]},
						{"origin": [-5.75, 9.75, -2], "size": [1, 0, 1], "pivot": [-5.25, 9, -2], "rotation": [-77.5, 0, 0], "uv": [8, 0]}
					]
				},
				{
					"name": "bone14",
					"parent": "bone13",
					"pivot": [-4.75838, 8.40541, -0.90959],
					"cubes": [
						{"origin": [-5.75838, 8.40541, -1.90959], "size": [2, 0, 2], "pivot": [-4.75838, 8.40541, -0.90959], "rotation": [-56.36574, -7.25238, -94.22564], "uv": [29, 6]}
					]
				},
				{
					"name": "bone12",
					"parent": "bone10",
					"pivot": [3.5, 8.94185, -1.44479],
					"cubes": [
						{"origin": [4, 9.75, -2], "size": [1, 0, 1], "pivot": [4.5, 9, -2], "rotation": [-77.5, 0, 0], "uv": [7, 6]},
						{"origin": [4, 9.18835, -2.18813], "size": [1, 0, 1], "pivot": [4.5, 9.43835, -1.58813], "rotation": [-10, 0, 0], "uv": [7, 7]}
					]
				},
				{
					"name": "bone11",
					"parent": "bone12",
					"pivot": [4.25, 8.94185, -1.44479],
					"cubes": [
						{"origin": [4.75, 9.18835, -2.18813], "size": [1, 0, 1], "pivot": [5.25, 9.43835, -1.58813], "rotation": [-10, 0, 0], "uv": [7, 3]},
						{"origin": [4.75, 9.75, -2], "size": [1, 0, 1], "pivot": [5.25, 9, -2], "rotation": [-77.5, 0, 0], "uv": [7, 2]}
					]
				},
				{
					"name": "bipedBody",
					"pivot": [0, 24, 0]
				},
				{
					"name": "armorBody",
					"parent": "bipedBody",
					"pivot": [0, 0, 2]
				},
				{
					"name": "bone22",
					"parent": "armorBody",
					"pivot": [0, 6, 5.5],
					"cubes": [
						{"origin": [-3.5, 2.5, 0], "size": [7, 7, 11], "uv": [0, 0]}
					]
				},
				{
					"name": "bone23",
					"parent": "bone22",
					"pivot": [0, 21, 2],
					"cubes": [
						{"origin": [-3, 3, 9], "size": [6, 6, 4], "uv": [24, 18]}
					]
				},
				{
					"name": "bone24",
					"parent": "bone22",
					"pivot": [0, 21, 2],
					"cubes": [
						{"origin": [-1.5, 1.75, 6], "size": [3, 1, 4], "uv": [0, 36]},
						{"origin": [0.25, 1.5, 8.75], "size": [1, 1, 1], "uv": [12, 36]},
						{"origin": [0.25, 1.5, 7.5], "size": [1, 1, 1], "uv": [12, 36]},
						{"origin": [0.25, 1.5, 6.25], "size": [1, 1, 1], "uv": [12, 36]},
						{"origin": [-1.25, 1.5, 6.25], "size": [1, 1, 1], "uv": [12, 36]},
						{"origin": [-1.25, 1.5, 7.5], "size": [1, 1, 1], "uv": [12, 36]},
						{"origin": [-1.25, 1.5, 8.75], "size": [1, 1, 1], "uv": [12, 36]}
					]
				},
				{
					"name": "bone",
					"parent": "armorBody",
					"pivot": [0, 24, 2]
				},
				{
					"name": "bone16",
					"parent": "bone",
					"pivot": [0, 8, 12.5],
					"cubes": [
						{"origin": [-0.5, 7.5, 12.5], "size": [1, 1, 2], "uv": [18, 33]}
					]
				},
				{
					"name": "bone17",
					"parent": "bone16",
					"pivot": [0, 8, 14.25],
					"cubes": [
						{"origin": [-0.5, 7.5, 14.25], "size": [1, 1, 2], "uv": [12, 33]}
					]
				},
				{
					"name": "bone18",
					"parent": "bone17",
					"pivot": [0, 8, 16],
					"cubes": [
						{"origin": [-0.5, 7.5, 16], "size": [1, 1, 2], "uv": [6, 33]}
					]
				},
				{
					"name": "bone19",
					"parent": "bone18",
					"pivot": [0, 8, 17.75],
					"cubes": [
						{"origin": [-0.5, 7.5, 17.75], "size": [1, 1, 2], "uv": [0, 33]}
					]
				},
				{
					"name": "bone20",
					"parent": "bone19",
					"pivot": [0.14501, 8.34234, 22.04306]
				},
				{
					"name": "bone21",
					"parent": "bone20",
					"pivot": [0.05805, 8.21931, 19.48016],
					"cubes": [
						{"origin": [0, 8, 19.5], "size": [1, 1, 2], "pivot": [0.5, 8.5, 20.5], "rotation": [12.5, 15, 0], "uv": [8, 29]},
						{"origin": [-0.9, 8.2, 19.5], "size": [1, 1, 2], "pivot": [0.5, 8.5, 20.5], "rotation": [14.8358, -11.88027, -5.86174], "uv": [8, 29]},
						{"origin": [0.13455, 7.56909, 19.69363], "size": [1, 1, 2], "pivot": [0.13455, 7.36909, 20.69363], "rotation": [16.82677, 8.78401, -70.50782], "uv": [8, 29]},
						{"origin": [-0.16545, 6.46909, 19.69363], "size": [1, 1, 2], "pivot": [0.13455, 7.36909, 20.69363], "rotation": [-10.42838, -14.55397, -109.68424], "uv": [8, 29]},
						{"origin": [-0.35499, 7.94234, 19.54306], "size": [1, 1, 2], "pivot": [0.14501, 8.34234, 20.54306], "rotation": [-1.32979, -0.58109, -142.73506], "uv": [8, 29]}
					]
				},
				{
					"name": "bone2",
					"parent": "armorBody",
					"pivot": [2.5, 3, 2.5],
					"cubes": [
						{"origin": [1.5, 1, 1.5], "size": [2, 2, 2], "uv": [34, 28]}
					]
				},
				{
					"name": "bone25",
					"parent": "bone2",
					"pivot": [2.5, 2, 2.5],
					"cubes": [
						{"origin": [1.5, 0, 1.5], "size": [2, 2, 2], "uv": [25, 6]}
					]
				},
				{
					"name": "bone3",
					"parent": "bone2",
					"pivot": [0, 24, 2]
				},
				{
					"name": "bone8",
					"parent": "armorBody",
					"pivot": [2.5, 3, 9.5],
					"cubes": [
						{"origin": [1.5, 1, 8.5], "size": [2, 2, 2], "uv": [34, 28]}
					]
				},
				{
					"name": "bone26",
					"parent": "bone8",
					"pivot": [2.5, 2, 9.5],
					"cubes": [
						{"origin": [1.5, 0, 8.5], "size": [2, 2, 2], "uv": [22, 28]}
					]
				},
				{
					"name": "bone9",
					"parent": "bone8",
					"pivot": [0, 24, 9]
				},
				{
					"name": "bone4",
					"parent": "armorBody",
					"pivot": [-2.5, 2, 2.5],
					"cubes": [
						{"origin": [-3.5, 1, 1.5], "size": [2, 2, 2], "uv": [34, 28]}
					]
				},
				{
					"name": "bone27",
					"parent": "bone4",
					"pivot": [-5, 21, 2],
					"cubes": [
						{"origin": [-3.5, 0, 1.5], "size": [2, 2, 2], "uv": [20, 18]}
					]
				},
				{
					"name": "bone5",
					"parent": "bone4",
					"pivot": [-5, 24, 2]
				},
				{
					"name": "bone6",
					"parent": "armorBody",
					"pivot": [-2.5, 3, 9.5],
					"cubes": [
						{"origin": [-3.5, 1, 8.5], "size": [2, 2, 2], "uv": [34, 28]}
					]
				},
				{
					"name": "bone28",
					"parent": "bone6",
					"pivot": [-2.5, 2, 9.5],
					"cubes": [
						{"origin": [-3.5, 0, 8.5], "size": [2, 2, 2], "uv": [0, 29]}
					]
				},
				{
					"name": "bone7",
					"parent": "bone6",
					"pivot": [-5, 24, 9]
				},
				{
					"name": "bipedRightArm",
					"pivot": [-4, 22, 0]
				},
				{
					"name": "armorRightArm",
					"parent": "bipedRightArm",
					"pivot": [-4, 22, 0]
				},
				{
					"name": "bipedLeftArm",
					"pivot": [4, 22, 0]
				},
				{
					"name": "armorLeftArm",
					"parent": "bipedLeftArm",
					"pivot": [4, 22, 0]
				},
				{
					"name": "bipedLeftLeg",
					"pivot": [2, 12, 0]
				},
				{
					"name": "armorLeftLeg",
					"parent": "bipedLeftLeg",
					"pivot": [2, 12, 0]
				},
				{
					"name": "armorLeftBoot",
					"parent": "bipedLeftLeg",
					"pivot": [2, 12, 0]
				},
				{
					"name": "bipedRightLeg",
					"pivot": [-2, 12, 0]
				},
				{
					"name": "armorRightLeg",
					"parent": "bipedRightLeg",
					"pivot": [-2, 12, 0]
				},
				{
					"name": "armorRightBoot",
					"parent": "bipedRightLeg",
					"pivot": [-2, 12, 0]
				}
			]
		}
	]
}