{
	"format_version": "1.8.0",
	"animations": {
		"idle": {
			"loop": true,
			"animation_length": 2,
			"bones": {
				"bone": {
					"rotation": {
						"vector": [-7.5, 0, 0]
					}
				},
				"bone2": {
					"rotation": {
						"vector": [-10, 0, 0]
					},
					"position": {
						"vector": [0, -0.3, -0.5]
					}
				},
				"bone3": {
					"rotation": {
						"0.0": {
							"vector": [-12.45392, 1.08089, 4.88206]
						},
						"1.0": {
							"vector": [-2.45392, 1.08089, 4.88206]
						},
						"2.0": {
							"vector": [-12.45392, 1.08089, 4.88206]
						}
					},
					"position": {
						"0.0": {
							"vector": [0, -0.4, -0.5]
						},
						"2.0": {
							"vector": [0, -0.4, -0.5]
						}
					}
				},
				"bone4": {
					"rotation": {
						"0.0": {
							"vector": [-17.10967, 3.73171, 11.93845]
						},
						"1.0": {
							"vector": [-9.60967, 3.73171, 11.93845]
						},
						"2.0": {
							"vector": [-17.10967, 3.73171, 11.93845]
						}
					},
					"position": {
						"0.0": {
							"vector": [0, -0.7, -0.2]
						},
						"2.0": {
							"vector": [0, -0.7, -0.2]
						}
					}
				},
				"bone12": {
					"rotation": {
						"0.0": {
							"vector": [25, 0, 0]
						},
						"1.0": {
							"vector": [15, 0, 0]
						},
						"2.0": {
							"vector": [25, 0, 0]
						}
					},
					"position": {
						"0.0": {
							"vector": [0, 0, -1.2]
						},
						"2.0": {
							"vector": [0, 0, -1.2]
						}
					}
				},
				"bone11": {
					"rotation": {
						"0.0": {
							"vector": [30, 0, 0]
						},
						"1.0": {
							"vector": [17.5, 0, 0]
						},
						"2.0": {
							"vector": [30, 0, 0]
						}
					},
					"position": {
						"0.0": {
							"vector": [0, 0.1, -1.1]
						},
						"2.0": {
							"vector": [0, 0.1, -1.1]
						}
					}
				},
				"bone10": {
					"rotation": {
						"vector": [52.5, 0, 0]
					},
					"position": {
						"vector": [0, -0.9, -0.7]
					}
				},
				"bone9": {
					"rotation": {
						"0.0": {
							"vector": [40, 0, 0]
						},
						"1.0": {
							"vector": [47.5, 0, 0]
						},
						"2.0": {
							"vector": [40, 0, 0]
						}
					},
					"position": {
						"0.0": {
							"vector": [0, -1.9, -1.2]
						},
						"2.0": {
							"vector": [0, -1.9, -1.2]
						}
					}
				},
				"bone8": {
					"rotation": {
						"0.0": {
							"vector": [-27.5, 0, 0]
						},
						"1.0": {
							"vector": [-17.5, 0, 0]
						},
						"2.0": {
							"vector": [-27.5, 0, 0]
						}
					},
					"position": {
						"0.0": {
							"vector": [0, -0.3, 0.9]
						},
						"2.0": {
							"vector": [0, -0.3, 0.9]
						}
					}
				},
				"bone7": {
					"rotation": {
						"0.0": {
							"vector": [-30, 0, 0]
						},
						"1.0": {
							"vector": [-37.5, 0, 0]
						},
						"2.0": {
							"vector": [-30, 0, 0]
						}
					},
					"position": {
						"0.0": {
							"vector": [0, -0.5, 0]
						},
						"2.0": {
							"vector": [0, -0.5, 0]
						}
					}
				},
				"bone6": {
					"rotation": {
						"0.0": {
							"vector": [-27.14233, 4.59902, 8.88927]
						},
						"1.0": {
							"vector": [-37.14233, 4.59902, 8.88927]
						},
						"2.0": {
							"vector": [-27.14233, 4.59902, 8.88927]
						}
					},
					"position": {
						"0.0": {
							"vector": [0.3, -1.3, 0.9]
						},
						"2.0": {
							"vector": [0.3, -1.3, 0.9]
						}
					}
				},
				"bone5": {
					"rotation": {
						"0.0": {
							"vector": [-22.01816, 4.75113, 11.57518]
						},
						"1.0": {
							"vector": [-14.51816, 4.75113, 11.57518]
						},
						"2.0": {
							"vector": [-22.01816, 4.75113, 11.57518]
						}
					},
					"position": {
						"0.0": {
							"vector": [0.4, -1.1, 0.9]
						},
						"2.0": {
							"vector": [0.4, -1.1, 0.9]
						}
					}
				},
				"bone13": {
					"rotation": {
						"vector": [-7.47178, -0.65182, 10.04256]
					},
					"position": {
						"vector": [-0.6, -2.7, -1]
					}
				},
				"bone14": {
					"rotation": {
						"0.0": {
							"vector": [0, 0, 0]
						},
						"0.5": {
							"vector": [-17.5, 0, 0],
							"easing": "easeInSine"
						},
						"2.0": {
							"vector": [0, 0, 0]
						}
					},
					"position": {
						"0.0": {
							"vector": [0, 0, 0]
						},
						"0.5": {
							"vector": [0, 1.25, 0]
						},
						"2.0": {
							"vector": [0, 0, 0]
						}
					}
				},
				"bone66": {
					"rotation": {
						"0.0": {
							"vector": [10, 0, 0]
						},
						"0.5": {
							"vector": [-7.5, 0, 0],
							"easing": "easeInSine"
						},
						"2.0": {
							"vector": [10, 0, 0]
						}
					},
					"position": {
						"0.0": {
							"vector": [0, 0, 0]
						},
						"0.5": {
							"vector": [0, 1, 0]
						},
						"2.0": {
							"vector": [0, 0, 0]
						}
					}
				},
				"bone21": {
					"rotation": {
						"0.0": {
							"vector": [0, 0, 15]
						},
						"1.25": {
							"vector": [0, 0, 35],
							"easing": "easeInSine"
						},
						"2.0": {
							"vector": [0, 0, 15]
						}
					},
					"position": {
						"0.0": {
							"vector": [0, 1.5, 0]
						},
						"1.25": {
							"vector": [0, 2.5, 0]
						},
						"2.0": {
							"vector": [0, 1.5, 0]
						}
					}
				},
				"bone22": {
					"rotation": {
						"0.0": {
							"vector": [0, 0, 22.5]
						},
						"1.25": {
							"vector": [0, 0, 32.5],
							"easing": "easeInSine"
						},
						"2.0": {
							"vector": [0, 0, 22.5]
						}
					},
					"position": {
						"0.0": {
							"vector": [0, 1.4, 0]
						},
						"1.25": {
							"vector": [0, 2, 0]
						},
						"2.0": {
							"vector": [0, 1.4, 0]
						}
					}
				},
				"bone25": {
					"rotation": {
						"0.0": {
							"vector": [0, 0, 12.5]
						},
						"1.25": {
							"vector": [0, 0, 32.5],
							"easing": "easeInSine"
						},
						"2.0": {
							"vector": [0, 0, 12.5]
						}
					},
					"position": {
						"0.0": {
							"vector": [0, 1.5, 0]
						},
						"1.25": {
							"vector": [0, 2, 0]
						},
						"2.0": {
							"vector": [0, 1.5, 0]
						}
					}
				},
				"bone28": {
					"rotation": {
						"0.0": {
							"vector": [10, 0, 10]
						},
						"1.5": {
							"vector": [22.48072, -0.95645, 12.30991],
							"easing": "easeInSine"
						},
						"2.0": {
							"vector": [10, 0, 10]
						}
					},
					"position": {
						"0.0": {
							"vector": [0, 1, 0]
						},
						"1.5": {
							"vector": [0, 1.4, 0]
						},
						"2.0": {
							"vector": [0, 1, 0]
						}
					}
				},
				"bone29": {
					"rotation": {
						"0.0": {
							"vector": [0, 0, 7.5]
						},
						"1.5": {
							"vector": [5, 0, 32.5],
							"easing": "easeInSine"
						},
						"2.0": {
							"vector": [0, 0, 7.5]
						}
					}
				},
				"bone34": {
					"rotation": {
						"0.0": {
							"vector": [-12.1407, 2.67892, 17.28623]
						},
						"1.25": {
							"vector": [-16.69709, 4.23, 24.63769],
							"easing": "easeInSine"
						},
						"2.0": {
							"vector": [-12.1407, 2.67892, 17.28623]
						}
					},
					"position": {
						"0.0": {
							"vector": [0.8, 0.6, 0.8]
						},
						"1.25": {
							"vector": [0.8, 1.3, 0.8]
						},
						"2.0": {
							"vector": [0.8, 0.6, 0.8]
						}
					}
				},
				"bone35": {
					"rotation": {
						"0.0": {
							"vector": [-7.43656, -0.9762, -7.43656]
						},
						"1.0": {
							"vector": [-14.93656, -0.9762, -7.43656],
							"easing": "easeInSine"
						},
						"2.0": {
							"vector": [-7.43656, -0.9762, -7.43656]
						}
					},
					"position": {
						"0.0": {
							"vector": [-0.1, -0.6, 0]
						},
						"2.0": {
							"vector": [-0.1, -0.6, 0]
						}
					}
				},
				"bone37": {
					"rotation": {
						"0.0": {
							"vector": [0, 0, 0]
						},
						"1.0": {
							"vector": [0, 0, 10],
							"easing": "easeInSine"
						},
						"2.0": {
							"vector": [0, 0, 0]
						}
					}
				},
				"bone40": {
					"rotation": {
						"0.0": {
							"vector": [10, 0, 0]
						},
						"1.5": {
							"vector": [17.5, 0, 0],
							"easing": "easeInSine"
						},
						"2.0": {
							"vector": [10, 0, 0]
						}
					},
					"position": {
						"0.0": {
							"vector": [0, 0, 0]
						},
						"1.5": {
							"vector": [0, 0.8, 0]
						},
						"2.0": {
							"vector": [0, 0, 0]
						}
					}
				},
				"bone42": {
					"rotation": {
						"0.0": {
							"vector": [5, 0, 0]
						},
						"1.5": {
							"vector": [12.5, 0, 0],
							"easing": "easeInSine"
						},
						"2.0": {
							"vector": [5, 0, 0]
						}
					},
					"position": {
						"0.0": {
							"vector": [0, 0, 0]
						},
						"1.5": {
							"vector": [0, 0.6, 0]
						},
						"2.0": {
							"vector": [0, 0, 0]
						}
					}
				},
				"bone44": {
					"rotation": {
						"0.0": {
							"vector": [0, 0, 0]
						},
						"1.5": {
							"vector": [10, 0, 0]
						},
						"2.0": {
							"vector": [0, 0, 0]
						}
					},
					"position": {
						"0.0": {
							"vector": [0, 0, 0]
						},
						"1.5": {
							"vector": [0, 0.5, 0]
						},
						"2.0": {
							"vector": [0, 0, 0]
						}
					}
				},
				"bone46": {
					"rotation": {
						"0.0": {
							"vector": [-7.38733, 1.29876, 9.91615]
						},
						"1.0": {
							"vector": [-0.17115, 1.29235, -2.58705],
							"easing": "easeInSine"
						},
						"2.0": {
							"vector": [-7.38733, 1.29876, 9.91615]
						}
					},
					"position": {
						"0.0": {
							"vector": [0, 0, 0]
						},
						"1.0": {
							"vector": [0, 0.2, 0]
						},
						"2.0": {
							"vector": [0, 0, 0]
						}
					}
				},
				"bone47": {
					"rotation": {
						"0.0": {
							"vector": [0, 0, 0]
						},
						"1.5": {
							"vector": [0, 0, -2.5],
							"easing": "easeInSine"
						},
						"2.0": {
							"vector": [0, 0, 0]
						}
					}
				},
				"bone50": {
					"rotation": {
						"vector": [0, 0, -2.5]
					},
					"position": {
						"vector": [0.8, 0, 0]
					}
				},
				"bone52": {
					"rotation": {
						"0.0": {
							"vector": [0, 0, 2.5]
						},
						"1.0": {
							"vector": [0, 0, -5],
							"easing": "easeInSine"
						},
						"2.0": {
							"vector": [0, 0, 2.5]
						}
					},
					"position": {
						"0.0": {
							"vector": [0, 0, 0]
						},
						"1.0": {
							"vector": [0, 0.2, 0]
						},
						"2.0": {
							"vector": [0, 0, 0]
						}
					}
				},
				"bone54": {
					"rotation": {
						"0.0": {
							"vector": [0, 0, 0]
						},
						"1.0": {
							"vector": [0, 0, -2.5],
							"easing": "easeInSine"
						},
						"2.0": {
							"vector": [0, 0, 0]
						}
					}
				},
				"bone56": {
					"rotation": {
						"0.0": {
							"vector": [0, 0, 7.5]
						},
						"0.5": {
							"vector": [0, 0, 2.5],
							"easing": "easeInSine"
						},
						"2.0": {
							"vector": [0, 0, 7.5]
						}
					},
					"position": {
						"0.0": {
							"vector": [0, -0.3, 0]
						},
						"0.5": {
							"vector": [0, 0.1, 0]
						},
						"2.0": {
							"vector": [0, -0.3, 0]
						}
					}
				},
				"bone58": {
					"rotation": {
						"0.0": {
							"vector": [19.71092, -2.99333, 14.62372]
						},
						"0.5": {
							"vector": [12.53906, -0.84502, 4.85113],
							"easing": "easeInSine"
						},
						"2.0": {
							"vector": [19.71092, -2.99333, 14.62372]
						}
					},
					"position": {
						"0.0": {
							"vector": [0, -0.4, 0]
						},
						"0.5": {
							"vector": [0, -0.1, 0]
						},
						"2.0": {
							"vector": [0, -0.4, 0]
						}
					}
				},
				"bone64": {
					"rotation": {
						"0.0": {
							"vector": [17.5, 0, 0]
						},
						"0.5": {
							"vector": [5, 0, 0],
							"easing": "easeInSine"
						},
						"2.0": {
							"vector": [17.5, 0, 0]
						}
					},
					"position": {
						"0.0": {
							"vector": [0, -0.5, 0]
						},
						"0.5": {
							"vector": [0, 0, 0]
						},
						"2.0": {
							"vector": [0, -0.5, 0]
						}
					}
				},
				"bone73": {
					"rotation": {
						"0.0": {
							"vector": [0, 27.5, 0]
						},
						"0.25": {
							"vector": [0, -22.5, 0]
						},
						"1.25": {
							"vector": [0, 27.5, 0]
						},
						"2.0": {
							"vector": [0, 27.5, 0]
						}
					},
					"position": {
						"0.0": {
							"vector": [-0.1, 0, -0.2]
						},
						"1.25": {
							"vector": [-0.1, 0, -0.2]
						},
						"2.0": {
							"vector": [-0.1, 0, -0.2]
						}
					}
				},
				"bone72": {
					"rotation": {
						"0.0": {
							"vector": [0, 12.5, 0]
						},
						"0.25": {
							"vector": [0, -15, 0]
						},
						"1.25": {
							"vector": [0, 12.5, 0]
						},
						"2.0": {
							"vector": [0, 12.5, 0]
						}
					},
					"position": {
						"0.0": {
							"vector": [-0.1, 0, 0]
						},
						"1.25": {
							"vector": [-0.1, 0, 0]
						},
						"2.0": {
							"vector": [-0.1, 0, 0]
						}
					}
				},
				"bone71": {
					"rotation": {
						"0.0": {
							"vector": [0, 22.5, 0]
						},
						"0.25": {
							"vector": [0, -12.5, 0]
						},
						"1.25": {
							"vector": [0, 22.5, 0]
						},
						"2.0": {
							"vector": [0, 22.5, 0]
						}
					},
					"position": {
						"0.0": {
							"vector": [-0.1, 0, -0.2]
						},
						"1.25": {
							"vector": [-0.1, 0, -0.2]
						},
						"2.0": {
							"vector": [-0.1, 0, -0.2]
						}
					}
				},
				"bone70": {
					"rotation": {
						"0.0": {
							"vector": [0, -15, 0]
						},
						"1.0": {
							"vector": [0, 20, 0]
						},
						"2.0": {
							"vector": [0, -15, 0]
						}
					},
					"position": {
						"0.0": {
							"vector": [0.2, 0, 0]
						},
						"2.0": {
							"vector": [0.2, 0, 0]
						}
					}
				},
				"bone69": {
					"rotation": {
						"0.0": {
							"vector": [0, -15, 0]
						},
						"1.0": {
							"vector": [0, 12.5, 0]
						},
						"2.0": {
							"vector": [0, -15, 0]
						}
					}
				},
				"bone68": {
					"rotation": {
						"0.0": {
							"vector": [42.08859, -18.82943, -12.54707]
						},
						"1.0": {
							"vector": [40.76383, 13.68437, 15.23201]
						},
						"2.0": {
							"vector": [42.08859, -18.82943, -12.54707]
						}
					}
				}
			}
		},
		"walk": {
			"loop": true,
			"animation_length": 2,
			"bones": {
				"bone": {
					"rotation": {
						"vector": [-7.5, 0, 0]
					}
				},
				"bone2": {
					"rotation": {
						"0.0": {
							"vector": [-10, 0, 0]
						},
						"0.5": {
							"vector": [-10, 0, 0]
						},
						"1.0": {
							"vector": [-10, 0, 0]
						},
						"1.5": {
							"vector": [-10, 0, 0]
						}
					},
					"position": {
						"0.0": {
							"vector": [0, -0.3, -0.5]
						},
						"0.5": {
							"vector": [0, -0.3, -0.5]
						},
						"1.0": {
							"vector": [0, -0.3, -0.5]
						},
						"1.5": {
							"vector": [0, -0.3, -0.5]
						}
					}
				},
				"bone3": {
					"rotation": {
						"vector": [-12.45392, 1.08089, 4.88206]
					},
					"position": {
						"vector": [0, -0.4, -0.5]
					}
				},
				"bone4": {
					"rotation": {
						"vector": [-17.10967, 3.73171, 11.93845]
					},
					"position": {
						"vector": [0, -0.7, -0.2]
					}
				},
				"bone12": {
					"rotation": {
						"vector": [25, 0, 0]
					},
					"position": {
						"vector": [0, 0, -1.2]
					}
				},
				"bone11": {
					"rotation": {
						"vector": [30, 0, 0]
					},
					"position": {
						"vector": [0, 0.1, -1.1]
					}
				},
				"bone10": {
					"rotation": {
						"vector": [52.5, 0, 0]
					},
					"position": {
						"vector": [0, -0.9, -0.7]
					}
				},
				"bone9": {
					"rotation": {
						"0.0": {
							"vector": [40, 0, 0]
						},
						"0.25": {
							"vector": [47.5, 0, 0],
							"easing": "easeOutSine"
						},
						"0.5": {
							"vector": [40, 0, 0]
						},
						"0.75": {
							"vector": [47.5, 0, 0],
							"easing": "easeOutSine"
						},
						"1.0": {
							"vector": [40, 0, 0]
						},
						"1.25": {
							"vector": [47.5, 0, 0],
							"easing": "easeOutSine"
						},
						"1.5": {
							"vector": [40, 0, 0]
						},
						"1.75": {
							"vector": [47.5, 0, 0],
							"easing": "easeOutSine"
						},
						"2.0": {
							"vector": [40, 0, 0],
							"easing": "easeInSine"
						}
					},
					"position": {
						"0.0": {
							"vector": [0, -1.9, -1.2]
						},
						"0.25": {
							"vector": [0, -2.5, -1.2],
							"easing": "easeOutSine"
						},
						"0.5": {
							"vector": [0, -1.9, -1.2]
						},
						"0.75": {
							"vector": [0, -2.5, -1.2],
							"easing": "easeOutSine"
						},
						"1.0": {
							"vector": [0, -1.9, -1.2]
						},
						"1.25": {
							"vector": [0, -2.5, -1.2],
							"easing": "easeOutSine"
						},
						"1.5": {
							"vector": [0, -1.9, -1.2]
						},
						"1.75": {
							"vector": [0, -2.5, -1.2],
							"easing": "easeOutSine"
						},
						"2.0": {
							"vector": [0, -1.9, -1.2],
							"easing": "easeInSine"
						}
					}
				},
				"bone8": {
					"rotation": {
						"0.0": {
							"vector": [-27.5, 0, 0]
						},
						"0.25": {
							"vector": [-17.5, 0, 0],
							"easing": "easeOutSine"
						},
						"0.5": {
							"vector": [-27.5, 0, 0]
						},
						"0.75": {
							"vector": [-17.5, 0, 0],
							"easing": "easeOutSine"
						},
						"1.0": {
							"vector": [-27.5, 0, 0]
						},
						"1.25": {
							"vector": [-17.5, 0, 0],
							"easing": "easeOutSine"
						},
						"1.5": {
							"vector": [-27.5, 0, 0]
						},
						"1.75": {
							"vector": [-17.5, 0, 0],
							"easing": "easeOutSine"
						},
						"2.0": {
							"vector": [-27.5, 0, 0],
							"easing": "easeInSine"
						}
					},
					"position": {
						"0.0": {
							"vector": [0, -0.3, 0.9]
						},
						"0.25": {
							"vector": [0, -0.3, 0.5],
							"easing": "easeOutSine"
						},
						"0.5": {
							"vector": [0, -0.3, 0.9]
						},
						"0.75": {
							"vector": [0, -0.3, 0.5],
							"easing": "easeOutSine"
						},
						"1.0": {
							"vector": [0, -0.3, 0.9]
						},
						"1.25": {
							"vector": [0, -0.3, 0.5],
							"easing": "easeOutSine"
						},
						"1.5": {
							"vector": [0, -0.3, 0.9]
						},
						"1.75": {
							"vector": [0, -0.3, 0.5],
							"easing": "easeOutSine"
						},
						"2.0": {
							"vector": [0, -0.3, 0.9],
							"easing": "easeInSine"
						}
					}
				},
				"bone7": {
					"rotation": {
						"0.0": {
							"vector": [-30, 0, 0]
						},
						"0.25": {
							"vector": [-20, 0, 0],
							"easing": "easeOutSine"
						},
						"0.5": {
							"vector": [-30, 0, 0]
						},
						"0.75": {
							"vector": [-20, 0, 0],
							"easing": "easeOutSine"
						},
						"1.0": {
							"vector": [-30, 0, 0]
						},
						"1.25": {
							"vector": [-20, 0, 0],
							"easing": "easeOutSine"
						},
						"1.5": {
							"vector": [-30, 0, 0]
						},
						"1.75": {
							"vector": [-20, 0, 0],
							"easing": "easeOutSine"
						},
						"2.0": {
							"vector": [-30, 0, 0],
							"easing": "easeInSine"
						}
					},
					"position": {
						"0.0": {
							"vector": [0, -0.5, 0]
						},
						"0.25": {
							"vector": [0, -0.5, -0.2],
							"easing": "easeOutSine"
						},
						"0.5": {
							"vector": [0, -0.5, 0]
						},
						"0.75": {
							"vector": [0, -0.5, -0.2],
							"easing": "easeOutSine"
						},
						"1.0": {
							"vector": [0, -0.5, 0]
						},
						"1.25": {
							"vector": [0, -0.5, -0.2],
							"easing": "easeOutSine"
						},
						"1.5": {
							"vector": [0, -0.5, 0]
						},
						"1.75": {
							"vector": [0, -0.5, -0.2],
							"easing": "easeOutSine"
						},
						"2.0": {
							"vector": [0, -0.5, 0],
							"easing": "easeInSine"
						}
					}
				},
				"bone6": {
					"rotation": {
						"0.0": {
							"vector": [-27.14233, 4.59902, 8.88927]
						},
						"0.25": {
							"vector": [-22.14233, 4.59902, 8.88927],
							"easing": "easeOutSine"
						},
						"0.5": {
							"vector": [-27.14233, 4.59902, 8.88927]
						},
						"0.75": {
							"vector": [-22.14233, 4.59902, 8.88927],
							"easing": "easeOutSine"
						},
						"1.0": {
							"vector": [-27.14233, 4.59902, 8.88927]
						},
						"1.25": {
							"vector": [-22.14233, 4.59902, 8.88927],
							"easing": "easeOutSine"
						},
						"1.5": {
							"vector": [-27.14233, 4.59902, 8.88927]
						},
						"1.75": {
							"vector": [-22.14233, 4.59902, 8.88927],
							"easing": "easeOutSine"
						},
						"2.0": {
							"vector": [-27.14233, 4.59902, 8.88927],
							"easing": "easeInSine"
						}
					},
					"position": {
						"0.0": {
							"vector": [0.3, -1.3, 0.9]
						},
						"0.25": {
							"vector": [0.3, -1.3, 0.5],
							"easing": "easeOutSine"
						},
						"0.5": {
							"vector": [0.3, -1.3, 0.9]
						},
						"0.75": {
							"vector": [0.3, -1.3, 0.5],
							"easing": "easeOutSine"
						},
						"1.0": {
							"vector": [0.3, -1.3, 0.9]
						},
						"1.25": {
							"vector": [0.3, -1.3, 0.5],
							"easing": "easeOutSine"
						},
						"1.5": {
							"vector": [0.3, -1.3, 0.9]
						},
						"1.75": {
							"vector": [0.3, -1.3, 0.5],
							"easing": "easeOutSine"
						},
						"2.0": {
							"vector": [0.3, -1.3, 0.9],
							"easing": "easeInSine"
						}
					}
				},
				"bone5": {
					"rotation": {
						"0.0": {
							"vector": [-22.01816, 4.75113, 11.57518]
						},
						"0.25": {
							"vector": [-12.01816, 4.75113, 11.57518],
							"easing": "easeOutSine"
						},
						"0.5": {
							"vector": [-22.01816, 4.75113, 11.57518]
						},
						"0.75": {
							"vector": [-12.01816, 4.75113, 11.57518],
							"easing": "easeOutSine"
						},
						"1.0": {
							"vector": [-22.01816, 4.75113, 11.57518]
						},
						"1.25": {
							"vector": [-12.01816, 4.75113, 11.57518],
							"easing": "easeOutSine"
						},
						"1.5": {
							"vector": [-22.01816, 4.75113, 11.57518]
						},
						"1.75": {
							"vector": [-12.01816, 4.75113, 11.57518],
							"easing": "easeOutSine"
						},
						"2.0": {
							"vector": [-22.01816, 4.75113, 11.57518],
							"easing": "easeInSine"
						}
					},
					"position": {
						"0.0": {
							"vector": [0.4, -1.1, 0.9]
						},
						"0.25": {
							"vector": [0.4, -1.1, 0.5],
							"easing": "easeOutSine"
						},
						"0.5": {
							"vector": [0.4, -1.1, 0.9]
						},
						"0.75": {
							"vector": [0.4, -1.1, 0.5],
							"easing": "easeOutSine"
						},
						"1.0": {
							"vector": [0.4, -1.1, 0.9]
						},
						"1.25": {
							"vector": [0.4, -1.1, 0.5],
							"easing": "easeOutSine"
						},
						"1.5": {
							"vector": [0.4, -1.1, 0.9]
						},
						"1.75": {
							"vector": [0.4, -1.1, 0.5],
							"easing": "easeOutSine"
						},
						"2.0": {
							"vector": [0.4, -1.1, 0.9],
							"easing": "easeInSine"
						}
					}
				},
				"bone13": {
					"rotation": {
						"vector": [-7.47178, -0.65182, 10.04256]
					},
					"position": {
						"vector": [-0.6, -2.7, -1]
					}
				},
				"bone66": {
					"rotation": {
						"0.0": {
							"vector": [10, 0, 0]
						},
						"0.25": {
							"vector": [0, 0, 0],
							"easing": "easeOutSine"
						},
						"0.5": {
							"vector": [10, 0, 0]
						},
						"0.75": {
							"vector": [0, 0, 0],
							"easing": "easeOutSine"
						},
						"1.0": {
							"vector": [10, 0, 0]
						},
						"1.25": {
							"vector": [0, 0, 0],
							"easing": "easeOutSine"
						},
						"1.5": {
							"vector": [10, 0, 0]
						},
						"1.75": {
							"vector": [0, 0, 0],
							"easing": "easeOutSine"
						},
						"2.0": {
							"vector": [10, 0, 0],
							"easing": "easeInSine"
						}
					},
					"position": {
						"0.0": {
							"vector": [0, 0, 0]
						},
						"0.25": {
							"vector": [0, 0.7, 0],
							"easing": "easeOutSine"
						},
						"0.5": {
							"vector": [0, 0, 0]
						},
						"0.75": {
							"vector": [0, 0.7, 0],
							"easing": "easeOutSine"
						},
						"1.0": {
							"vector": [0, 0, 0]
						},
						"1.25": {
							"vector": [0, 0.7, 0],
							"easing": "easeOutSine"
						},
						"1.5": {
							"vector": [0, 0, 0]
						},
						"1.75": {
							"vector": [0, 0.7, 0],
							"easing": "easeOutSine"
						},
						"2.0": {
							"vector": [0, 0, 0],
							"easing": "easeInSine"
						}
					}
				},
				"bone21": {
					"rotation": {
						"0.0": {
							"vector": [0, 0, 15]
						},
						"0.25": {
							"vector": [0, 0, 22],
							"easing": "easeOutSine"
						},
						"0.5": {
							"vector": [0, 0, 15]
						},
						"0.75": {
							"vector": [0, 0, 22],
							"easing": "easeOutSine"
						},
						"1.0": {
							"vector": [0, 0, 15]
						},
						"1.25": {
							"vector": [0, 0, 22],
							"easing": "easeOutSine"
						},
						"1.5": {
							"vector": [0, 0, 15]
						},
						"1.75": {
							"vector": [0, 0, 22],
							"easing": "easeOutSine"
						},
						"2.0": {
							"vector": [0, 0, 15],
							"easing": "easeInSine"
						}
					},
					"position": {
						"0.0": {
							"vector": [0, 1.5, 0]
						},
						"0.25": {
							"vector": [0, 1.8, 0],
							"easing": "easeOutSine"
						},
						"0.5": {
							"vector": [0, 1.5, 0]
						},
						"0.75": {
							"vector": [0, 1.8, 0],
							"easing": "easeOutSine"
						},
						"1.0": {
							"vector": [0, 1.5, 0]
						},
						"1.25": {
							"vector": [0, 1.8, 0],
							"easing": "easeOutSine"
						},
						"1.5": {
							"vector": [0, 1.5, 0]
						},
						"1.75": {
							"vector": [0, 1.8, 0],
							"easing": "easeOutSine"
						},
						"2.0": {
							"vector": [0, 1.5, 0],
							"easing": "easeInSine"
						}
					}
				},
				"bone22": {
					"rotation": {
						"0.0": {
							"vector": [0, 0, 22.5]
						},
						"0.25": {
							"vector": [0, 0, 32.5],
							"easing": "easeOutSine"
						},
						"0.5": {
							"vector": [0, 0, 22.5]
						},
						"0.75": {
							"vector": [0, 0, 32.5],
							"easing": "easeOutSine"
						},
						"1.0": {
							"vector": [0, 0, 22.5]
						},
						"1.25": {
							"vector": [0, 0, 32.5],
							"easing": "easeOutSine"
						},
						"1.5": {
							"vector": [0, 0, 22.5]
						},
						"1.75": {
							"vector": [0, 0, 32.5],
							"easing": "easeOutSine"
						},
						"2.0": {
							"vector": [0, 0, 22.5],
							"easing": "easeInSine"
						}
					},
					"position": {
						"0.0": {
							"vector": [0, 1.4, 0]
						},
						"0.25": {
							"vector": [0, 1.9, 0],
							"easing": "easeOutSine"
						},
						"0.5": {
							"vector": [0, 1.4, 0]
						},
						"0.75": {
							"vector": [0, 1.9, 0],
							"easing": "easeOutSine"
						},
						"1.0": {
							"vector": [0, 1.4, 0]
						},
						"1.25": {
							"vector": [0, 1.9, 0],
							"easing": "easeOutSine"
						},
						"1.5": {
							"vector": [0, 1.4, 0]
						},
						"1.75": {
							"vector": [0, 1.9, 0],
							"easing": "easeOutSine"
						},
						"2.0": {
							"vector": [0, 1.4, 0],
							"easing": "easeInSine"
						}
					}
				},
				"bone25": {
					"rotation": {
						"0.0": {
							"vector": [0, 0, 12.5]
						},
						"0.25": {
							"vector": [0, 0, 25],
							"easing": "easeOutSine"
						},
						"0.5": {
							"vector": [0, 0, 12.5]
						},
						"0.75": {
							"vector": [0, 0, 25],
							"easing": "easeOutSine"
						},
						"1.0": {
							"vector": [0, 0, 12.5]
						},
						"1.25": {
							"vector": [0, 0, 25],
							"easing": "easeOutSine"
						},
						"1.5": {
							"vector": [0, 0, 12.5]
						},
						"1.75": {
							"vector": [0, 0, 25],
							"easing": "easeOutSine"
						},
						"2.0": {
							"vector": [0, 0, 12.5],
							"easing": "easeInSine"
						}
					},
					"position": {
						"0.0": {
							"vector": [0, 1.5, 0]
						},
						"0.25": {
							"vector": [0, 2.3, 0],
							"easing": "easeOutSine"
						},
						"0.5": {
							"vector": [0, 1.5, 0]
						},
						"0.75": {
							"vector": [0, 2.3, 0],
							"easing": "easeOutSine"
						},
						"1.0": {
							"vector": [0, 1.5, 0]
						},
						"1.25": {
							"vector": [0, 2.3, 0],
							"easing": "easeOutSine"
						},
						"1.5": {
							"vector": [0, 1.5, 0]
						},
						"1.75": {
							"vector": [0, 2.3, 0],
							"easing": "easeOutSine"
						},
						"2.0": {
							"vector": [0, 1.5, 0],
							"easing": "easeInSine"
						}
					}
				},
				"bone28": {
					"rotation": {
						"0.0": {
							"vector": [10, 0, 10]
						},
						"0.25": {
							"vector": [14.96271, -0.86717, 14.92442],
							"easing": "easeOutSine"
						},
						"0.5": {
							"vector": [10, 0, 10]
						},
						"0.75": {
							"vector": [14.96271, -0.86717, 14.92442],
							"easing": "easeOutSine"
						},
						"1.0": {
							"vector": [10, 0, 10]
						},
						"1.25": {
							"vector": [14.96271, -0.86717, 14.92442],
							"easing": "easeOutSine"
						},
						"1.5": {
							"vector": [10, 0, 10]
						},
						"1.75": {
							"vector": [14.96271, -0.86717, 14.92442],
							"easing": "easeOutSine"
						},
						"2.0": {
							"vector": [10, 0, 10],
							"easing": "easeInSine"
						}
					},
					"position": {
						"0.0": {
							"vector": [0, 1, 0]
						},
						"0.25": {
							"vector": [0, 1.8, 0],
							"easing": "easeOutSine"
						},
						"0.5": {
							"vector": [0, 1, 0]
						},
						"0.75": {
							"vector": [0, 1.8, 0],
							"easing": "easeOutSine"
						},
						"1.0": {
							"vector": [0, 1, 0]
						},
						"1.25": {
							"vector": [0, 1.8, 0],
							"easing": "easeOutSine"
						},
						"1.5": {
							"vector": [0, 1, 0]
						},
						"1.75": {
							"vector": [0, 1.8, 0],
							"easing": "easeOutSine"
						},
						"2.0": {
							"vector": [0, 1, 0],
							"easing": "easeInSine"
						}
					}
				},
				"bone29": {
					"rotation": {
						"vector": [0, 0, 7.5]
					}
				},
				"bone34": {
					"rotation": {
						"0.0": {
							"vector": [-12.1407, 2.67892, 17.28623]
						},
						"0.25": {
							"vector": [-19.15451, 5.17302, 24.37661],
							"easing": "easeOutSine"
						},
						"0.5": {
							"vector": [-12.1407, 2.67892, 17.28623]
						},
						"0.75": {
							"vector": [-19.15451, 5.17302, 24.37661],
							"easing": "easeOutSine"
						},
						"1.0": {
							"vector": [-12.1407, 2.67892, 17.28623]
						},
						"1.25": {
							"vector": [-19.15451, 5.17302, 24.37661],
							"easing": "easeOutSine"
						},
						"1.5": {
							"vector": [-12.1407, 2.67892, 17.28623]
						},
						"1.75": {
							"vector": [-19.15451, 5.17302, 24.37661],
							"easing": "easeOutSine"
						},
						"2.0": {
							"vector": [-12.1407, 2.67892, 17.28623],
							"easing": "easeInSine"
						}
					},
					"position": {
						"0.0": {
							"vector": [0.8, 0.6, 0.8]
						},
						"0.25": {
							"vector": [0.8, 0.8, 0.8],
							"easing": "easeOutSine"
						},
						"0.5": {
							"vector": [0.8, 0.6, 0.8]
						},
						"0.75": {
							"vector": [0.8, 0.8, 0.8],
							"easing": "easeOutSine"
						},
						"1.0": {
							"vector": [0.8, 0.6, 0.8]
						},
						"1.25": {
							"vector": [0.8, 0.8, 0.8],
							"easing": "easeOutSine"
						},
						"1.5": {
							"vector": [0.8, 0.6, 0.8]
						},
						"1.75": {
							"vector": [0.8, 0.8, 0.8],
							"easing": "easeOutSine"
						},
						"2.0": {
							"vector": [0.8, 0.6, 0.8],
							"easing": "easeInSine"
						}
					}
				},
				"bone35": {
					"rotation": {
						"vector": [-7.43656, -0.9762, -7.43656]
					},
					"position": {
						"vector": [-0.1, -0.6, 0]
					}
				},
				"bone40": {
					"rotation": {
						"0.0": {
							"vector": [10, 0, 0]
						},
						"0.25": {
							"vector": [17.5, 0, 0],
							"easing": "easeOutSine"
						},
						"0.5": {
							"vector": [10, 0, 0]
						},
						"0.75": {
							"vector": [17.5, 0, 0],
							"easing": "easeOutSine"
						},
						"1.0": {
							"vector": [10, 0, 0]
						},
						"1.25": {
							"vector": [17.5, 0, 0],
							"easing": "easeOutSine"
						},
						"1.5": {
							"vector": [10, 0, 0]
						},
						"1.75": {
							"vector": [17.5, 0, 0],
							"easing": "easeOutSine"
						},
						"2.0": {
							"vector": [10, 0, 0],
							"easing": "easeInSine"
						}
					},
					"position": {
						"0.0": {
							"vector": [0, 0, 0]
						},
						"0.25": {
							"vector": [0, 0.9, 0],
							"easing": "easeOutSine"
						},
						"0.5": {
							"vector": [0, 0, 0]
						},
						"0.75": {
							"vector": [0, 0.9, 0],
							"easing": "easeOutSine"
						},
						"1.0": {
							"vector": [0, 0, 0]
						},
						"1.25": {
							"vector": [0, 0.9, 0],
							"easing": "easeOutSine"
						},
						"1.5": {
							"vector": [0, 0, 0]
						},
						"1.75": {
							"vector": [0, 0.9, 0],
							"easing": "easeOutSine"
						},
						"2.0": {
							"vector": [0, 0, 0],
							"easing": "easeInSine"
						}
					}
				},
				"bone42": {
					"rotation": {
						"0.0": {
							"vector": [5, 0, 0]
						},
						"0.25": {
							"vector": [12.5, 0, 0],
							"easing": "easeOutSine"
						},
						"0.5": {
							"vector": [5, 0, 0]
						},
						"0.75": {
							"vector": [12.5, 0, 0],
							"easing": "easeOutSine"
						},
						"1.0": {
							"vector": [5, 0, 0]
						},
						"1.25": {
							"vector": [12.5, 0, 0],
							"easing": "easeOutSine"
						},
						"1.5": {
							"vector": [5, 0, 0]
						},
						"1.75": {
							"vector": [12.5, 0, 0],
							"easing": "easeOutSine"
						},
						"2.0": {
							"vector": [5, 0, 0],
							"easing": "easeInSine"
						}
					},
					"position": {
						"0.0": {
							"vector": [0, 0, 0]
						},
						"0.25": {
							"vector": [0, 0.7, 0],
							"easing": "easeOutSine"
						},
						"0.5": {
							"vector": [0, 0, 0]
						},
						"0.75": {
							"vector": [0, 0.7, 0],
							"easing": "easeOutSine"
						},
						"1.0": {
							"vector": [0, 0, 0]
						},
						"1.25": {
							"vector": [0, 0.7, 0],
							"easing": "easeOutSine"
						},
						"1.5": {
							"vector": [0, 0, 0]
						},
						"1.75": {
							"vector": [0, 0.7, 0],
							"easing": "easeOutSine"
						},
						"2.0": {
							"vector": [0, 0, 0],
							"easing": "easeInSine"
						}
					}
				},
				"bone46": {
					"rotation": {
						"0.0": {
							"vector": [-7.38733, 1.29876, 9.91615]
						},
						"0.25": {
							"vector": [-0.05784, 1.30235, 2.41422],
							"easing": "easeOutSine"
						},
						"0.5": {
							"vector": [-7.38733, 1.29876, 9.91615]
						},
						"0.75": {
							"vector": [-0.05784, 1.30235, 2.41422],
							"easing": "easeOutSine"
						},
						"1.0": {
							"vector": [-7.38733, 1.29876, 9.91615]
						},
						"1.25": {
							"vector": [-0.05784, 1.30235, 2.41422],
							"easing": "easeOutSine"
						},
						"1.5": {
							"vector": [-7.38733, 1.29876, 9.91615]
						},
						"1.75": {
							"vector": [-0.05784, 1.30235, 2.41422],
							"easing": "easeOutSine"
						},
						"2.0": {
							"vector": [-7.38733, 1.29876, 9.91615],
							"easing": "easeInSine"
						}
					},
					"position": {
						"0.0": {
							"vector": [0, 0, 0]
						},
						"0.25": {
							"vector": [0, 0.5, 0],
							"easing": "easeOutSine"
						},
						"0.5": {
							"vector": [0, 0, 0]
						},
						"0.75": {
							"vector": [0, 0.5, 0],
							"easing": "easeOutSine"
						},
						"1.0": {
							"vector": [0, 0, 0]
						},
						"1.25": {
							"vector": [0, 0.5, 0],
							"easing": "easeOutSine"
						},
						"1.5": {
							"vector": [0, 0, 0]
						},
						"1.75": {
							"vector": [0, 0.5, 0],
							"easing": "easeOutSine"
						},
						"2.0": {
							"vector": [0, 0, 0],
							"easing": "easeInSine"
						}
					}
				},
				"bone50": {
					"rotation": {
						"vector": [0, 0, -2.5]
					},
					"position": {
						"vector": [0.8, 0, 0]
					}
				},
				"bone52": {
					"rotation": {
						"0.0": {
							"vector": [0, 0, 2.5]
						},
						"0.25": {
							"vector": [0, 0, -7.5],
							"easing": "easeOutSine"
						},
						"0.5": {
							"vector": [0, 0, 2.5]
						},
						"0.75": {
							"vector": [0, 0, -7.5],
							"easing": "easeOutSine"
						},
						"1.0": {
							"vector": [0, 0, 2.5]
						},
						"1.25": {
							"vector": [0, 0, -7.5],
							"easing": "easeOutSine"
						},
						"1.5": {
							"vector": [0, 0, 2.5]
						},
						"1.75": {
							"vector": [0, 0, -7.5],
							"easing": "easeOutSine"
						},
						"2.0": {
							"vector": [0, 0, 2.5],
							"easing": "easeInSine"
						}
					},
					"position": {
						"0.0": {
							"vector": [0, 0, 0]
						},
						"0.25": {
							"vector": [0, 0.5, 0],
							"easing": "easeOutSine"
						},
						"0.5": {
							"vector": [0, 0, 0]
						},
						"0.75": {
							"vector": [0, 0.5, 0],
							"easing": "easeOutSine"
						},
						"1.0": {
							"vector": [0, 0, 0]
						},
						"1.25": {
							"vector": [0, 0.5, 0],
							"easing": "easeOutSine"
						},
						"1.5": {
							"vector": [0, 0, 0]
						},
						"1.75": {
							"vector": [0, 0.5, 0],
							"easing": "easeOutSine"
						},
						"2.0": {
							"vector": [0, 0, 0],
							"easing": "easeInSine"
						}
					}
				},
				"bone56": {
					"rotation": {
						"0.0": {
							"vector": [0, 0, 7.5]
						},
						"0.25": {
							"vector": [0, 0, -5],
							"easing": "easeOutSine"
						},
						"0.5": {
							"vector": [0, 0, 7.5]
						},
						"0.75": {
							"vector": [0, 0, -5],
							"easing": "easeOutSine"
						},
						"1.0": {
							"vector": [0, 0, 7.5]
						},
						"1.25": {
							"vector": [0, 0, -5],
							"easing": "easeOutSine"
						},
						"1.5": {
							"vector": [0, 0, 7.5]
						},
						"1.75": {
							"vector": [0, 0, -5],
							"easing": "easeOutSine"
						},
						"2.0": {
							"vector": [0, 0, 7.5],
							"easing": "easeInSine"
						}
					},
					"position": {
						"0.0": {
							"vector": [0, -0.3, 0]
						},
						"0.25": {
							"vector": [0, 0.2, 0],
							"easing": "easeOutSine"
						},
						"0.5": {
							"vector": [0, -0.3, 0]
						},
						"0.75": {
							"vector": [0, 0.2, 0],
							"easing": "easeOutSine"
						},
						"1.0": {
							"vector": [0, -0.3, 0]
						},
						"1.25": {
							"vector": [0, 0.2, 0],
							"easing": "easeOutSine"
						},
						"1.5": {
							"vector": [0, -0.3, 0]
						},
						"1.75": {
							"vector": [0, 0.2, 0],
							"easing": "easeOutSine"
						},
						"2.0": {
							"vector": [0, -0.3, 0],
							"easing": "easeInSine"
						}
					}
				},
				"bone58": {
					"rotation": {
						"0.0": {
							"vector": [19.71092, -2.99333, 14.62372]
						},
						"0.25": {
							"vector": [7.6183, -1.6996, 4.6992],
							"easing": "easeOutSine"
						},
						"0.5": {
							"vector": [19.71092, -2.99333, 14.62372]
						},
						"0.75": {
							"vector": [7.6183, -1.6996, 4.6992],
							"easing": "easeOutSine"
						},
						"1.0": {
							"vector": [19.71092, -2.99333, 14.62372]
						},
						"1.25": {
							"vector": [7.6183, -1.6996, 4.6992],
							"easing": "easeOutSine"
						},
						"1.5": {
							"vector": [19.71092, -2.99333, 14.62372]
						},
						"1.75": {
							"vector": [7.6183, -1.6996, 4.6992],
							"easing": "easeOutSine"
						},
						"2.0": {
							"vector": [19.71092, -2.99333, 14.62372],
							"easing": "easeInSine"
						}
					},
					"position": {
						"0.0": {
							"vector": [0, -0.4, 0]
						},
						"0.25": {
							"vector": [0, 0, 0],
							"easing": "easeOutSine"
						},
						"0.5": {
							"vector": [0, -0.4, 0]
						},
						"0.75": {
							"vector": [0, 0, 0],
							"easing": "easeOutSine"
						},
						"1.0": {
							"vector": [0, -0.4, 0]
						},
						"1.25": {
							"vector": [0, 0, 0],
							"easing": "easeOutSine"
						},
						"1.5": {
							"vector": [0, -0.4, 0]
						},
						"1.75": {
							"vector": [0, 0, 0],
							"easing": "easeOutSine"
						},
						"2.0": {
							"vector": [0, -0.4, 0],
							"easing": "easeInSine"
						}
					}
				},
				"bone64": {
					"rotation": {
						"0.0": {
							"vector": [17.5, 0, 0]
						},
						"0.25": {
							"vector": [5, 0, 0],
							"easing": "easeOutSine"
						},
						"0.5": {
							"vector": [17.5, 0, 0]
						},
						"0.75": {
							"vector": [5, 0, 0],
							"easing": "easeOutSine"
						},
						"1.0": {
							"vector": [17.5, 0, 0]
						},
						"1.25": {
							"vector": [5, 0, 0],
							"easing": "easeOutSine"
						},
						"1.5": {
							"vector": [17.5, 0, 0]
						},
						"1.75": {
							"vector": [5, 0, 0],
							"easing": "easeOutSine"
						},
						"2.0": {
							"vector": [17.5, 0, 0],
							"easing": "easeInSine"
						}
					},
					"position": {
						"0.0": {
							"vector": [0, -0.5, 0]
						},
						"0.25": {
							"vector": [0, 0.2, 0],
							"easing": "easeOutSine"
						},
						"0.5": {
							"vector": [0, -0.5, 0]
						},
						"0.75": {
							"vector": [0, 0.2, 0],
							"easing": "easeOutSine"
						},
						"1.0": {
							"vector": [0, -0.5, 0]
						},
						"1.25": {
							"vector": [0, 0.2, 0],
							"easing": "easeOutSine"
						},
						"1.5": {
							"vector": [0, -0.5, 0]
						},
						"1.75": {
							"vector": [0, 0.2, 0],
							"easing": "easeOutSine"
						},
						"2.0": {
							"vector": [0, -0.5, 0],
							"easing": "easeInSine"
						}
					}
				},
				"bone73": {
					"rotation": {
						"0.0": {
							"vector": [0, 27.5, 0]
						},
						"0.25": {
							"vector": [0, -22.5, 0]
						},
						"1.25": {
							"vector": [0, 27.5, 0]
						},
						"2.0": {
							"vector": [0, 27.5, 0]
						}
					},
					"position": {
						"0.0": {
							"vector": [-0.1, 0, -0.2]
						},
						"1.25": {
							"vector": [-0.1, 0, -0.2]
						},
						"2.0": {
							"vector": [-0.1, 0, -0.2]
						}
					}
				},
				"bone72": {
					"rotation": {
						"0.0": {
							"vector": [0, 12.5, 0]
						},
						"0.25": {
							"vector": [0, -15, 0]
						},
						"1.25": {
							"vector": [0, 12.5, 0]
						},
						"2.0": {
							"vector": [0, 12.5, 0]
						}
					},
					"position": {
						"0.0": {
							"vector": [-0.1, 0, 0]
						},
						"1.25": {
							"vector": [-0.1, 0, 0]
						},
						"2.0": {
							"vector": [-0.1, 0, 0]
						}
					}
				},
				"bone71": {
					"rotation": {
						"0.0": {
							"vector": [0, 22.5, 0]
						},
						"0.25": {
							"vector": [0, -12.5, 0]
						},
						"1.25": {
							"vector": [0, 22.5, 0]
						},
						"2.0": {
							"vector": [0, 22.5, 0]
						}
					},
					"position": {
						"0.0": {
							"vector": [-0.1, 0, -0.2]
						},
						"1.25": {
							"vector": [-0.1, 0, -0.2]
						},
						"2.0": {
							"vector": [-0.1, 0, -0.2]
						}
					}
				},
				"bone70": {
					"rotation": {
						"0.0": {
							"vector": [0, -15, 0]
						},
						"1.0": {
							"vector": [0, 20, 0]
						},
						"2.0": {
							"vector": [0, -15, 0]
						}
					},
					"position": {
						"0.0": {
							"vector": [0.2, 0, 0]
						},
						"2.0": {
							"vector": [0.2, 0, 0]
						}
					}
				},
				"bone69": {
					"rotation": {
						"0.0": {
							"vector": [0, -15, 0]
						},
						"1.0": {
							"vector": [0, 12.5, 0]
						},
						"2.0": {
							"vector": [0, -15, 0]
						}
					}
				},
				"bone68": {
					"rotation": {
						"0.0": {
							"vector": [42.08859, -18.82943, -12.54707]
						},
						"1.0": {
							"vector": [40.76383, 13.68437, 15.23201]
						},
						"2.0": {
							"vector": [42.08859, -18.82943, -12.54707]
						}
					},
					"position": {
						"0.0": {
							"vector": [0, 0, 0]
						},
						"0.25": {
							"vector": [0, 1, 0]
						},
						"0.5": {
							"vector": [0, 0, 0]
						},
						"0.75": {
							"vector": [0, 1, 0]
						},
						"1.0": {
							"vector": [0, 0, 0]
						},
						"1.25": {
							"vector": [0, 1, 0]
						},
						"1.5": {
							"vector": [0, 0, 0]
						},
						"1.75": {
							"vector": [0, 1, 0]
						},
						"2.0": {
							"vector": [0, 0, 0]
						}
					}
				},
				"bone44": {
					"rotation": {
						"0.0": {
							"vector": [0, 0, 0]
						},
						"0.25": {
							"vector": [12.5, 0, 0],
							"easing": "easeOutSine"
						},
						"0.5": {
							"vector": [0, 0, 0]
						},
						"0.75": {
							"vector": [12.5, 0, 0],
							"easing": "easeOutSine"
						},
						"1.0": {
							"vector": [0, 0, 0]
						},
						"1.25": {
							"vector": [12.5, 0, 0],
							"easing": "easeOutSine"
						},
						"1.5": {
							"vector": [0, 0, 0]
						},
						"1.75": {
							"vector": [12.5, 0, 0],
							"easing": "easeOutSine"
						},
						"2.0": {
							"vector": [0, 0, 0],
							"easing": "easeInSine"
						}
					},
					"position": {
						"0.0": {
							"vector": [0, 0, 0]
						},
						"0.25": {
							"vector": [0, 0.7, 0],
							"easing": "easeOutSine"
						},
						"0.5": {
							"vector": [0, 0, 0]
						},
						"0.75": {
							"vector": [0, 0.7, 0],
							"easing": "easeOutSine"
						},
						"1.0": {
							"vector": [0, 0, 0]
						},
						"1.25": {
							"vector": [0, 0.7, 0],
							"easing": "easeOutSine"
						},
						"1.5": {
							"vector": [0, 0, 0]
						},
						"1.75": {
							"vector": [0, 0.7, 0],
							"easing": "easeOutSine"
						},
						"2.0": {
							"vector": [0, 0, 0],
							"easing": "easeInSine"
						}
					}
				},
				"bone14": {
					"rotation": {
						"0.0": {
							"vector": [0, 0, 0]
						},
						"0.25": {
							"vector": [-10, 0, 0],
							"easing": "easeOutSine"
						},
						"0.5": {
							"vector": [0, 0, 0]
						},
						"0.75": {
							"vector": [-10, 0, 0],
							"easing": "easeOutSine"
						},
						"1.0": {
							"vector": [0, 0, 0]
						},
						"1.25": {
							"vector": [-10, 0, 0],
							"easing": "easeOutSine"
						},
						"1.5": {
							"vector": [0, 0, 0]
						},
						"1.75": {
							"vector": [-10, 0, 0],
							"easing": "easeOutSine"
						},
						"2.0": {
							"vector": [0, 0, 0],
							"easing": "easeInSine"
						}
					},
					"position": {
						"0.0": {
							"vector": [0, 0, 0]
						},
						"0.25": {
							"vector": [0, 0.9, 0],
							"easing": "easeOutSine"
						},
						"0.5": {
							"vector": [0, 0, 0]
						},
						"0.75": {
							"vector": [0, 0.9, 0],
							"easing": "easeOutSine"
						},
						"1.0": {
							"vector": [0, 0, 0]
						},
						"1.25": {
							"vector": [0, 0.9, 0],
							"easing": "easeOutSine"
						},
						"1.5": {
							"vector": [0, 0, 0]
						},
						"1.75": {
							"vector": [0, 0.9, 0],
							"easing": "easeOutSine"
						},
						"2.0": {
							"vector": [0, 0, 0],
							"easing": "easeInSine"
						}
					}
				},
				"bone54": {
					"rotation": {
						"0.0": {
							"vector": [0, 0, 0]
						},
						"0.25": {
							"vector": [0, 0, -10],
							"easing": "easeOutSine"
						},
						"0.5": {
							"vector": [0, 0, 0]
						},
						"0.75": {
							"vector": [0, 0, -10],
							"easing": "easeOutSine"
						},
						"1.0": {
							"vector": [0, 0, 0]
						},
						"1.25": {
							"vector": [0, 0, -10],
							"easing": "easeOutSine"
						},
						"1.5": {
							"vector": [0, 0, 0]
						},
						"1.75": {
							"vector": [0, 0, -10],
							"easing": "easeOutSine"
						},
						"2.0": {
							"vector": [0, 0, 0],
							"easing": "easeInSine"
						}
					},
					"position": {
						"0.0": {
							"vector": [0, 0, 0]
						},
						"0.25": {
							"vector": [0, 0.3, 0],
							"easing": "easeOutSine"
						},
						"0.5": {
							"vector": [0, 0, 0]
						},
						"0.75": {
							"vector": [0, 0.3, 0],
							"easing": "easeOutSine"
						},
						"1.0": {
							"vector": [0, 0, 0]
						},
						"1.25": {
							"vector": [0, 0.3, 0],
							"easing": "easeOutSine"
						},
						"1.5": {
							"vector": [0, 0, 0]
						},
						"1.75": {
							"vector": [0, 0.3, 0],
							"easing": "easeOutSine"
						},
						"2.0": {
							"vector": [0, 0, 0],
							"easing": "easeInSine"
						}
					}
				}
			}
		},
		"run": {
			"loop": true,
			"animation_length": 0.5,
			"bones": {
				"bone": {
					"rotation": {
						"vector": [-7.5, 0, 0]
					}
				},
				"bone2": {
					"rotation": {
						"vector": [-10, 0, 0]
					},
					"position": {
						"vector": [0, -0.3, -0.5]
					}
				},
				"bone3": {
					"rotation": {
						"0.0": {
							"vector": [-12.45392, 1.08089, 4.88206]
						},
						"0.25": {
							"vector": [-19.95392, 1.08089, 4.88206]
						},
						"0.5": {
							"vector": [-12.45392, 1.08089, 4.88206]
						}
					},
					"position": {
						"0.0": {
							"vector": [0, -0.4, -0.5]
						},
						"0.25": {
							"vector": [0, -0.9, 0]
						},
						"0.5": {
							"vector": [0, -0.4, -0.5]
						}
					}
				},
				"bone4": {
					"rotation": {
						"0.0": {
							"vector": [-17.10967, 3.73171, 11.93845]
						},
						"0.25": {
							"vector": [-24.60967, 3.73171, 11.93845]
						},
						"0.5": {
							"vector": [-17.10967, 3.73171, 11.93845]
						}
					},
					"position": {
						"0.0": {
							"vector": [0, -0.7, -0.2]
						},
						"0.25": {
							"vector": [0, -0.7, 0.3]
						},
						"0.5": {
							"vector": [0, -0.7, -0.2]
						}
					}
				},
				"bone12": {
					"rotation": {
						"vector": [25, 0, 0]
					},
					"position": {
						"vector": [0, 0, -1.2]
					}
				},
				"bone11": {
					"rotation": {
						"vector": [30, 0, 0]
					},
					"position": {
						"vector": [0, 0.1, -1.1]
					}
				},
				"bone10": {
					"rotation": {
						"vector": [52.5, 0, 0]
					},
					"position": {
						"vector": [0, -0.9, -0.7]
					}
				},
				"bone9": {
					"rotation": {
						"0.0": {
							"vector": [40, 0, 0]
						},
						"0.25": {
							"vector": [52.5, 0, 0],
							"easing": "easeInSine"
						},
						"0.5": {
							"vector": [40, 0, 0],
							"easing": "easeOutSine"
						}
					},
					"position": {
						"0.0": {
							"vector": [0, -1.9, -1.2]
						},
						"0.5": {
							"vector": [0, -1.9, -1.2],
							"easing": "easeOutSine"
						}
					}
				},
				"bone8": {
					"rotation": {
						"0.0": {
							"vector": [-27.5, 0, 0]
						},
						"0.25": {
							"vector": [-15, 0, 0],
							"easing": "easeInSine"
						},
						"0.5": {
							"vector": [-27.5, 0, 0],
							"easing": "easeOutSine"
						}
					},
					"position": {
						"0.0": {
							"vector": [0, -0.3, 0.9]
						},
						"0.5": {
							"vector": [0, -0.3, 0.9],
							"easing": "easeOutSine"
						}
					}
				},
				"bone7": {
					"rotation": {
						"0.0": {
							"vector": [-30, 0, 0]
						},
						"0.25": {
							"vector": [-17.5, 0, 0],
							"easing": "easeInSine"
						},
						"0.5": {
							"vector": [-30, 0, 0],
							"easing": "easeOutSine"
						}
					},
					"position": {
						"0.0": {
							"vector": [0, -0.5, 0]
						},
						"0.5": {
							"vector": [0, -0.5, 0],
							"easing": "easeOutSine"
						}
					}
				},
				"bone6": {
					"rotation": {
						"0.0": {
							"vector": [-27.14233, 4.59902, 8.88927]
						},
						"0.25": {
							"vector": [-14.64233, 4.59902, 8.88927]
						},
						"0.5": {
							"vector": [-27.14233, 4.59902, 8.88927]
						}
					},
					"position": {
						"0.0": {
							"vector": [0.3, -1.3, 0.9]
						},
						"0.5": {
							"vector": [0.3, -1.3, 0.9]
						}
					}
				},
				"bone5": {
					"rotation": {
						"0.0": {
							"vector": [-22.01816, 4.75113, 11.57518]
						},
						"0.5": {
							"vector": [-22.01816, 4.75113, 11.57518]
						}
					},
					"position": {
						"0.0": {
							"vector": [0.4, -1.1, 0.9]
						},
						"0.5": {
							"vector": [0.4, -1.1, 0.9]
						}
					}
				},
				"bone13": {
					"rotation": {
						"vector": [-7.47178, -0.65182, 10.04256]
					},
					"position": {
						"vector": [-0.6, -2.7, -1]
					}
				},
				"bone66": {
					"rotation": {
						"0.0": {
							"vector": [-12.5, 0, 0]
						},
						"0.25": {
							"vector": [-22.5, 0, 0]
						},
						"0.5": {
							"vector": [-12.5, 0, 0]
						}
					},
					"position": {
						"0.0": {
							"vector": [0, 1.7, 0]
						},
						"0.25": {
							"vector": [0, 2.3, 0]
						},
						"0.5": {
							"vector": [0, 1.7, 0]
						}
					}
				},
				"bone21": {
					"rotation": {
						"0.0": {
							"vector": [0, 0, 15]
						},
						"0.25": {
							"vector": [0, 0, 22.5]
						},
						"0.5": {
							"vector": [0, 0, 15]
						}
					},
					"position": {
						"0.0": {
							"vector": [0, 1.5, 0]
						},
						"0.5": {
							"vector": [0, 1.5, 0]
						}
					}
				},
				"bone22": {
					"rotation": {
						"0.0": {
							"vector": [0, 0, 22.5]
						},
						"0.25": {
							"vector": [0, 0, 32.5]
						},
						"0.5": {
							"vector": [0, 0, 22.5]
						}
					},
					"position": {
						"0.0": {
							"vector": [0, 1.4, 0]
						},
						"0.25": {
							"vector": [0, 2.2, 0]
						},
						"0.5": {
							"vector": [0, 1.4, 0]
						}
					}
				},
				"bone25": {
					"rotation": {
						"0.0": {
							"vector": [0, 0, 12.5]
						},
						"0.25": {
							"vector": [0, 0, 35]
						},
						"0.5": {
							"vector": [0, 0, 12.5]
						}
					},
					"position": {
						"0.0": {
							"vector": [0, 1.5, 0]
						},
						"0.25": {
							"vector": [0, 2.2, 0]
						},
						"0.5": {
							"vector": [0, 1.5, 0]
						}
					}
				},
				"bone28": {
					"rotation": {
						"0.0": {
							"vector": [10, 0, 10]
						},
						"0.25": {
							"vector": [17.35932, -2.24944, 17.15656]
						},
						"0.5": {
							"vector": [10, 0, 10]
						}
					},
					"position": {
						"0.0": {
							"vector": [0, 1, 0]
						},
						"0.25": {
							"vector": [0, 1.6, 0]
						},
						"0.5": {
							"vector": [0, 1, 0]
						}
					}
				},
				"bone29": {
					"rotation": {
						"vector": [0, 0, 7.5]
					}
				},
				"bone34": {
					"rotation": {
						"0.0": {
							"vector": [-12.1407, 2.67892, 17.28623]
						},
						"0.25": {
							"vector": [-22.31331, 1.40709, 12.44751]
						},
						"0.5": {
							"vector": [-12.1407, 2.67892, 17.28623]
						}
					},
					"position": {
						"0.0": {
							"vector": [0.8, 1.6, 0.8]
						},
						"0.25": {
							"vector": [0.8, 2.1, 0.8]
						},
						"0.5": {
							"vector": [0.8, 1.6, 0.8]
						}
					}
				},
				"bone35": {
					"rotation": {
						"0.0": {
							"vector": [-7.43656, -0.9762, -7.43656]
						},
						"0.5": {
							"vector": [-7.43656, -0.9762, -7.43656]
						}
					},
					"position": {
						"0.0": {
							"vector": [-0.1, -0.6, 0]
						},
						"0.5": {
							"vector": [-0.1, -0.6, 0]
						}
					}
				},
				"bone40": {
					"rotation": {
						"0.0": {
							"vector": [10, 0, 0]
						},
						"0.25": {
							"vector": [20, 0, 0]
						},
						"0.5": {
							"vector": [10, 0, 0]
						}
					},
					"position": {
						"0.0": {
							"vector": [0, 0, 0]
						},
						"0.25": {
							"vector": [0, 0.6, 0]
						},
						"0.5": {
							"vector": [0, 0, 0]
						}
					}
				},
				"bone42": {
					"rotation": {
						"0.0": {
							"vector": [5, 0, 0]
						},
						"0.25": {
							"vector": [17.5, 0, 0]
						},
						"0.5": {
							"vector": [5, 0, 0]
						}
					},
					"position": {
						"0.0": {
							"vector": [0, 0, 0]
						},
						"0.25": {
							"vector": [0, 0.7, 0]
						},
						"0.5": {
							"vector": [0, 0, 0]
						}
					}
				},
				"bone46": {
					"rotation": {
						"0.0": {
							"vector": [-7.38733, 1.29876, 9.91615]
						},
						"0.25": {
							"vector": [2.5, 0, 0]
						},
						"0.5": {
							"vector": [-7.38733, 1.29876, 9.91615]
						}
					},
					"position": {
						"0.0": {
							"vector": [0, 0, 0]
						},
						"0.25": {
							"vector": [0, 0.7, 0]
						},
						"0.5": {
							"vector": [0, 0, 0]
						}
					}
				},
				"bone50": {
					"rotation": {
						"vector": [0, 0, -2.5]
					},
					"position": {
						"vector": [0.8, 0, 0]
					}
				},
				"bone52": {
					"rotation": {
						"0.0": {
							"vector": [0, 0, -7.5]
						},
						"0.25": {
							"vector": [0, 0, -15]
						},
						"0.5": {
							"vector": [0, 0, -7.5]
						}
					},
					"position": {
						"0.0": {
							"vector": [0, 0.6, 0]
						},
						"0.25": {
							"vector": [0, 1.3, 0]
						},
						"0.5": {
							"vector": [0, 0.6, 0]
						}
					}
				},
				"bone56": {
					"rotation": {
						"0.0": {
							"vector": [0, 0, -22.5]
						},
						"0.25": {
							"vector": [0, 0, -27.5]
						},
						"0.5": {
							"vector": [0, 0, -22.5]
						}
					},
					"position": {
						"0.0": {
							"vector": [0, 1.6, 0]
						},
						"0.25": {
							"vector": [0, 2.2, 0]
						},
						"0.5": {
							"vector": [0, 1.6, 0]
						}
					}
				},
				"bone58": {
					"rotation": {
						"0.0": {
							"vector": [-12.18471, -0.73306, -15.05274]
						},
						"0.25": {
							"vector": [-19.2878, -4.07644, -24.48694]
						},
						"0.5": {
							"vector": [-12.18471, -0.73306, -15.05274]
						}
					},
					"position": {
						"0.0": {
							"vector": [0, 2.1, 0]
						},
						"0.25": {
							"vector": [0, 2.5, 0]
						},
						"0.5": {
							"vector": [0, 2.1, 0]
						}
					}
				},
				"bone64": {
					"rotation": {
						"0.0": {
							"vector": [-12.5, 0, 0]
						},
						"0.25": {
							"vector": [-20, 0, 0]
						},
						"0.5": {
							"vector": [-12.5, 0, 0]
						}
					},
					"position": {
						"0.0": {
							"vector": [0, 1.9, 0]
						},
						"0.25": {
							"vector": [0, 2.3, 0]
						},
						"0.5": {
							"vector": [0, 1.9, 0]
						}
					}
				},
				"bone73": {
					"rotation": {
						"0.0": {
							"vector": [-32.5, 0, 0]
						},
						"0.125": {
							"vector": [30, 0, 0]
						},
						"0.25": {
							"vector": [30, 0, 0]
						},
						"0.375": {
							"vector": [-32.5, 0, 0]
						}
					}
				},
				"bone72": {
					"rotation": {
						"0.0": {
							"vector": [-22.5, 0, 0]
						},
						"0.125": {
							"vector": [12.5, 0, 0]
						},
						"0.25": {
							"vector": [12.5, 0, 0]
						},
						"0.375": {
							"vector": [-22.5, 0, 0]
						}
					}
				},
				"bone71": {
					"rotation": {
						"0.0": {
							"vector": [-15, 0, 0]
						},
						"0.125": {
							"vector": [15, 0, 0]
						},
						"0.25": {
							"vector": [15, 0, 0]
						},
						"0.375": {
							"vector": [-15, 0, 0]
						}
					}
				},
				"bone70": {
					"rotation": {
						"0.0": {
							"vector": [12.5, 0, 0]
						},
						"0.25": {
							"vector": [-2.5, 0, 0]
						},
						"0.5": {
							"vector": [12.5, 0, 0]
						}
					}
				},
				"bone69": {
					"rotation": {
						"0.0": {
							"vector": [12.5, 0, 0]
						},
						"0.25": {
							"vector": [0, 0, 0]
						},
						"0.5": {
							"vector": [12.5, 0, 0]
						}
					}
				},
				"bone68": {
					"rotation": {
						"0.0": {
							"vector": [27.5, 0, 0]
						},
						"0.25": {
							"vector": [-17.5, 0, 0]
						},
						"0.5": {
							"vector": [27.5, 0, 0]
						}
					}
				},
				"bone44": {
					"rotation": {
						"0.0": {
							"vector": [0, 0, 0]
						},
						"0.25": {
							"vector": [10, 0, 0]
						},
						"0.5": {
							"vector": [0, 0, 0]
						}
					},
					"position": {
						"0.0": {
							"vector": [0, 0, 0]
						},
						"0.25": {
							"vector": [0, 0.4, 0]
						},
						"0.5": {
							"vector": [0, 0, 0]
						}
					}
				},
				"bone14": {
					"rotation": {
						"0.0": {
							"vector": [-20, 0, 0]
						},
						"0.25": {
							"vector": [-30, 0, 0]
						},
						"0.5": {
							"vector": [-20, 0, 0]
						}
					},
					"position": {
						"0.0": {
							"vector": [0, 1.3, 0]
						},
						"0.25": {
							"vector": [0, 2.2, 0]
						},
						"0.5": {
							"vector": [0, 1.3, 0]
						}
					}
				},
				"bone54": {
					"rotation": {
						"0.0": {
							"vector": [0, 0, -15]
						},
						"0.25": {
							"vector": [0, 0, -25]
						},
						"0.5": {
							"vector": [0, 0, -15]
						}
					},
					"position": {
						"0.0": {
							"vector": [0, 1, 0]
						},
						"0.25": {
							"vector": [0, 1.9, 0]
						},
						"0.5": {
							"vector": [0, 1, 0]
						}
					}
				}
			}
		},
		"sneak": {
			"loop": true,
			"animation_length": 2,
			"bones": {
				"bone": {
					"rotation": {
						"vector": [-7.5, 0, 0]
					}
				},
				"bone2": {
					"rotation": {
						"vector": [-10, 0, 0]
					},
					"position": {
						"vector": [0, -0.3, -0.5]
					}
				},
				"bone3": {
					"rotation": {
						"0.0": {
							"vector": [-12.45392, 1.08089, 4.88206]
						},
						"1.0": {
							"vector": [-2.45392, 1.08089, 4.88206]
						},
						"2.0": {
							"vector": [-12.45392, 1.08089, 4.88206]
						}
					},
					"position": {
						"0.0": {
							"vector": [0, -0.4, -0.5]
						},
						"2.0": {
							"vector": [0, -0.4, -0.5]
						}
					}
				},
				"bone4": {
					"rotation": {
						"0.0": {
							"vector": [-17.10967, 3.73171, 11.93845]
						},
						"1.0": {
							"vector": [-9.60967, 3.73171, 11.93845]
						},
						"2.0": {
							"vector": [-17.10967, 3.73171, 11.93845]
						}
					},
					"position": {
						"0.0": {
							"vector": [0, -0.7, -0.2]
						},
						"2.0": {
							"vector": [0, -0.7, -0.2]
						}
					}
				},
				"bone12": {
					"rotation": {
						"0.0": {
							"vector": [25, 0, 0]
						},
						"1.0": {
							"vector": [15, 0, 0]
						},
						"2.0": {
							"vector": [25, 0, 0]
						}
					},
					"position": {
						"0.0": {
							"vector": [0, 0, -1.2]
						},
						"2.0": {
							"vector": [0, 0, -1.2]
						}
					}
				},
				"bone11": {
					"rotation": {
						"0.0": {
							"vector": [30, 0, 0]
						},
						"1.0": {
							"vector": [17.5, 0, 0]
						},
						"2.0": {
							"vector": [30, 0, 0]
						}
					},
					"position": {
						"0.0": {
							"vector": [0, 0.1, -1.1]
						},
						"2.0": {
							"vector": [0, 0.1, -1.1]
						}
					}
				},
				"bone10": {
					"rotation": {
						"vector": [52.5, 0, 0]
					},
					"position": {
						"vector": [0, -0.9, -0.7]
					}
				},
				"bone9": {
					"rotation": {
						"0.0": {
							"vector": [40, 0, 0]
						},
						"1.0": {
							"vector": [47.5, 0, 0]
						},
						"2.0": {
							"vector": [40, 0, 0]
						}
					},
					"position": {
						"0.0": {
							"vector": [0, -1.9, -1.2]
						},
						"2.0": {
							"vector": [0, -1.9, -1.2]
						}
					}
				},
				"bone8": {
					"rotation": {
						"0.0": {
							"vector": [-27.5, 0, 0]
						},
						"1.0": {
							"vector": [-17.5, 0, 0]
						},
						"2.0": {
							"vector": [-27.5, 0, 0]
						}
					},
					"position": {
						"0.0": {
							"vector": [0, -0.3, 0.9]
						},
						"2.0": {
							"vector": [0, -0.3, 0.9]
						}
					}
				},
				"bone7": {
					"rotation": {
						"0.0": {
							"vector": [-30, 0, 0]
						},
						"1.0": {
							"vector": [-37.5, 0, 0]
						},
						"2.0": {
							"vector": [-30, 0, 0]
						}
					},
					"position": {
						"0.0": {
							"vector": [0, -0.5, 0]
						},
						"2.0": {
							"vector": [0, -0.5, 0]
						}
					}
				},
				"bone6": {
					"rotation": {
						"0.0": {
							"vector": [-27.14233, 4.59902, 8.88927]
						},
						"1.0": {
							"vector": [-37.14233, 4.59902, 8.88927]
						},
						"2.0": {
							"vector": [-27.14233, 4.59902, 8.88927]
						}
					},
					"position": {
						"0.0": {
							"vector": [0.3, -1.3, 0.9]
						},
						"2.0": {
							"vector": [0.3, -1.3, 0.9]
						}
					}
				},
				"bone5": {
					"rotation": {
						"0.0": {
							"vector": [-22.01816, 4.75113, 11.57518]
						},
						"1.0": {
							"vector": [-14.51816, 4.75113, 11.57518]
						},
						"2.0": {
							"vector": [-22.01816, 4.75113, 11.57518]
						}
					},
					"position": {
						"0.0": {
							"vector": [0.4, -1.1, 0.9]
						},
						"2.0": {
							"vector": [0.4, -1.1, 0.9]
						}
					}
				},
				"bone13": {
					"rotation": {
						"vector": [-7.47178, -0.65182, 10.04256]
					},
					"position": {
						"vector": [-0.6, -2.7, -1]
					}
				},
				"bone14": {
					"rotation": {
						"0.0": {
							"vector": [0, 0, 0]
						},
						"0.5": {
							"vector": [-17.5, 0, 0],
							"easing": "easeInSine"
						},
						"2.0": {
							"vector": [0, 0, 0]
						}
					},
					"position": {
						"0.0": {
							"vector": [0, 0, 0]
						},
						"0.5": {
							"vector": [0, 1.25, 0]
						},
						"2.0": {
							"vector": [0, 0, 0]
						}
					}
				},
				"bone66": {
					"rotation": {
						"0.0": {
							"vector": [10, 0, 0]
						},
						"0.5": {
							"vector": [-7.5, 0, 0],
							"easing": "easeInSine"
						},
						"2.0": {
							"vector": [10, 0, 0]
						}
					},
					"position": {
						"0.0": {
							"vector": [0, 0, 0]
						},
						"0.5": {
							"vector": [0, 1, 0]
						},
						"2.0": {
							"vector": [0, 0, 0]
						}
					}
				},
				"bone21": {
					"rotation": {
						"0.0": {
							"vector": [0, 0, 15]
						},
						"1.25": {
							"vector": [0, 0, 35],
							"easing": "easeInSine"
						},
						"2.0": {
							"vector": [0, 0, 15]
						}
					},
					"position": {
						"0.0": {
							"vector": [0, 1.5, 0]
						},
						"1.25": {
							"vector": [0, 2.5, 0]
						},
						"2.0": {
							"vector": [0, 1.5, 0]
						}
					}
				},
				"bone22": {
					"rotation": {
						"0.0": {
							"vector": [0, 0, 22.5]
						},
						"1.25": {
							"vector": [0, 0, 32.5],
							"easing": "easeInSine"
						},
						"2.0": {
							"vector": [0, 0, 22.5]
						}
					},
					"position": {
						"0.0": {
							"vector": [0, 1.4, 0]
						},
						"1.25": {
							"vector": [0, 2, 0]
						},
						"2.0": {
							"vector": [0, 1.4, 0]
						}
					}
				},
				"bone25": {
					"rotation": {
						"0.0": {
							"vector": [0, 0, 12.5]
						},
						"1.25": {
							"vector": [0, 0, 32.5],
							"easing": "easeInSine"
						},
						"2.0": {
							"vector": [0, 0, 12.5]
						}
					},
					"position": {
						"0.0": {
							"vector": [0, 1.5, 0]
						},
						"1.25": {
							"vector": [0, 2, 0]
						},
						"2.0": {
							"vector": [0, 1.5, 0]
						}
					}
				},
				"bone28": {
					"rotation": {
						"0.0": {
							"vector": [10, 0, 10]
						},
						"1.5": {
							"vector": [22.48072, -0.95645, 12.30991],
							"easing": "easeInSine"
						},
						"2.0": {
							"vector": [10, 0, 10]
						}
					},
					"position": {
						"0.0": {
							"vector": [0, 1, 0]
						},
						"1.5": {
							"vector": [0, 1.4, 0]
						},
						"2.0": {
							"vector": [0, 1, 0]
						}
					}
				},
				"bone29": {
					"rotation": {
						"0.0": {
							"vector": [0, 0, 7.5]
						},
						"1.5": {
							"vector": [5, 0, 32.5],
							"easing": "easeInSine"
						},
						"2.0": {
							"vector": [0, 0, 7.5]
						}
					}
				},
				"bone34": {
					"rotation": {
						"0.0": {
							"vector": [-12.1407, 2.67892, 17.28623]
						},
						"1.25": {
							"vector": [-16.69709, 4.23, 24.63769],
							"easing": "easeInSine"
						},
						"2.0": {
							"vector": [-12.1407, 2.67892, 17.28623]
						}
					},
					"position": {
						"0.0": {
							"vector": [0.8, 0.6, 0.8]
						},
						"1.25": {
							"vector": [0.8, 1.3, 0.8]
						},
						"2.0": {
							"vector": [0.8, 0.6, 0.8]
						}
					}
				},
				"bone35": {
					"rotation": {
						"0.0": {
							"vector": [-7.43656, -0.9762, -7.43656]
						},
						"1.0": {
							"vector": [-14.93656, -0.9762, -7.43656],
							"easing": "easeInSine"
						},
						"2.0": {
							"vector": [-7.43656, -0.9762, -7.43656]
						}
					},
					"position": {
						"0.0": {
							"vector": [-0.1, -0.6, 0]
						},
						"2.0": {
							"vector": [-0.1, -0.6, 0]
						}
					}
				},
				"bone37": {
					"rotation": {
						"0.0": {
							"vector": [0, 0, 0]
						},
						"1.0": {
							"vector": [0, 0, 10],
							"easing": "easeInSine"
						},
						"2.0": {
							"vector": [0, 0, 0]
						}
					}
				},
				"bone40": {
					"rotation": {
						"0.0": {
							"vector": [10, 0, 0]
						},
						"1.5": {
							"vector": [17.5, 0, 0],
							"easing": "easeInSine"
						},
						"2.0": {
							"vector": [10, 0, 0]
						}
					},
					"position": {
						"0.0": {
							"vector": [0, 0, 0]
						},
						"1.5": {
							"vector": [0, 0.8, 0]
						},
						"2.0": {
							"vector": [0, 0, 0]
						}
					}
				},
				"bone42": {
					"rotation": {
						"0.0": {
							"vector": [5, 0, 0]
						},
						"1.5": {
							"vector": [12.5, 0, 0],
							"easing": "easeInSine"
						},
						"2.0": {
							"vector": [5, 0, 0]
						}
					},
					"position": {
						"0.0": {
							"vector": [0, 0, 0]
						},
						"1.5": {
							"vector": [0, 0.6, 0]
						},
						"2.0": {
							"vector": [0, 0, 0]
						}
					}
				},
				"bone44": {
					"rotation": {
						"0.0": {
							"vector": [0, 0, 0]
						},
						"1.5": {
							"vector": [10, 0, 0]
						},
						"2.0": {
							"vector": [0, 0, 0]
						}
					},
					"position": {
						"0.0": {
							"vector": [0, 0, 0]
						},
						"1.5": {
							"vector": [0, 0.5, 0]
						},
						"2.0": {
							"vector": [0, 0, 0]
						}
					}
				},
				"bone46": {
					"rotation": {
						"0.0": {
							"vector": [-7.38733, 1.29876, 9.91615]
						},
						"1.0": {
							"vector": [-0.17115, 1.29235, -2.58705],
							"easing": "easeInSine"
						},
						"2.0": {
							"vector": [-7.38733, 1.29876, 9.91615]
						}
					},
					"position": {
						"0.0": {
							"vector": [0, 0, 0]
						},
						"1.0": {
							"vector": [0, 0.2, 0]
						},
						"2.0": {
							"vector": [0, 0, 0]
						}
					}
				},
				"bone47": {
					"rotation": {
						"0.0": {
							"vector": [0, 0, 0]
						},
						"1.5": {
							"vector": [0, 0, -2.5],
							"easing": "easeInSine"
						},
						"2.0": {
							"vector": [0, 0, 0]
						}
					}
				},
				"bone50": {
					"rotation": {
						"vector": [0, 0, -2.5]
					},
					"position": {
						"vector": [0.8, 0, 0]
					}
				},
				"bone52": {
					"rotation": {
						"0.0": {
							"vector": [0, 0, 2.5]
						},
						"1.0": {
							"vector": [0, 0, -5],
							"easing": "easeInSine"
						},
						"2.0": {
							"vector": [0, 0, 2.5]
						}
					},
					"position": {
						"0.0": {
							"vector": [0, 0, 0]
						},
						"1.0": {
							"vector": [0, 0.2, 0]
						},
						"2.0": {
							"vector": [0, 0, 0]
						}
					}
				},
				"bone54": {
					"rotation": {
						"0.0": {
							"vector": [0, 0, 0]
						},
						"1.0": {
							"vector": [0, 0, -2.5],
							"easing": "easeInSine"
						},
						"2.0": {
							"vector": [0, 0, 0]
						}
					}
				},
				"bone56": {
					"rotation": {
						"0.0": {
							"vector": [0, 0, 7.5]
						},
						"0.5": {
							"vector": [0, 0, 2.5],
							"easing": "easeInSine"
						},
						"2.0": {
							"vector": [0, 0, 7.5]
						}
					},
					"position": {
						"0.0": {
							"vector": [0, -0.3, 0]
						},
						"0.5": {
							"vector": [0, 0.1, 0]
						},
						"2.0": {
							"vector": [0, -0.3, 0]
						}
					}
				},
				"bone58": {
					"rotation": {
						"0.0": {
							"vector": [19.71092, -2.99333, 14.62372]
						},
						"0.5": {
							"vector": [12.53906, -0.84502, 4.85113],
							"easing": "easeInSine"
						},
						"2.0": {
							"vector": [19.71092, -2.99333, 14.62372]
						}
					},
					"position": {
						"0.0": {
							"vector": [0, -0.4, 0]
						},
						"0.5": {
							"vector": [0, -0.1, 0]
						},
						"2.0": {
							"vector": [0, -0.4, 0]
						}
					}
				},
				"bone64": {
					"rotation": {
						"0.0": {
							"vector": [17.5, 0, 0]
						},
						"0.5": {
							"vector": [5, 0, 0],
							"easing": "easeInSine"
						},
						"2.0": {
							"vector": [17.5, 0, 0]
						}
					},
					"position": {
						"0.0": {
							"vector": [0, -0.5, 0]
						},
						"0.5": {
							"vector": [0, 0, 0]
						},
						"2.0": {
							"vector": [0, -0.5, 0]
						}
					}
				},
				"bone73": {
					"rotation": {
						"0.0": {
							"vector": [0, 27.5, 0]
						},
						"0.25": {
							"vector": [0, -22.5, 0]
						},
						"1.25": {
							"vector": [0, 27.5, 0]
						},
						"2.0": {
							"vector": [0, 27.5, 0]
						}
					},
					"position": {
						"0.0": {
							"vector": [-0.1, 0, -0.2]
						},
						"1.25": {
							"vector": [-0.1, 0, -0.2]
						},
						"2.0": {
							"vector": [-0.1, 0, -0.2]
						}
					}
				},
				"bone72": {
					"rotation": {
						"0.0": {
							"vector": [0, 12.5, 0]
						},
						"0.25": {
							"vector": [0, -15, 0]
						},
						"1.25": {
							"vector": [0, 12.5, 0]
						},
						"2.0": {
							"vector": [0, 12.5, 0]
						}
					},
					"position": {
						"0.0": {
							"vector": [-0.1, 0, 0]
						},
						"1.25": {
							"vector": [-0.1, 0, 0]
						},
						"2.0": {
							"vector": [-0.1, 0, 0]
						}
					}
				},
				"bone71": {
					"rotation": {
						"0.0": {
							"vector": [0, 22.5, 0]
						},
						"0.25": {
							"vector": [0, -12.5, 0]
						},
						"1.25": {
							"vector": [0, 22.5, 0]
						},
						"2.0": {
							"vector": [0, 22.5, 0]
						}
					},
					"position": {
						"0.0": {
							"vector": [-0.1, 0, -0.2]
						},
						"1.25": {
							"vector": [-0.1, 0, -0.2]
						},
						"2.0": {
							"vector": [-0.1, 0, -0.2]
						}
					}
				},
				"bone70": {
					"rotation": {
						"0.0": {
							"vector": [0, -15, 0]
						},
						"1.0": {
							"vector": [0, 20, 0]
						},
						"2.0": {
							"vector": [0, -15, 0]
						}
					},
					"position": {
						"0.0": {
							"vector": [0.2, 0, 0]
						},
						"2.0": {
							"vector": [0.2, 0, 0]
						}
					}
				},
				"bone69": {
					"rotation": {
						"0.0": {
							"vector": [0, -15, 0]
						},
						"1.0": {
							"vector": [0, 12.5, 0]
						},
						"2.0": {
							"vector": [0, -15, 0]
						}
					}
				},
				"bone68": {
					"rotation": {
						"0.0": {
							"vector": [42.08859, -18.82943, -12.54707]
						},
						"1.0": {
							"vector": [40.76383, 13.68437, 15.23201]
						},
						"2.0": {
							"vector": [42.08859, -18.82943, -12.54707]
						}
					},
					"position": {
						"0.0": {
							"vector": [0, 7, 8]
						},
						"2.0": {
							"vector": [0, 7, 8]
						}
					}
				}
			}
		}
	},
	"geckolib_format_version": 2
}