{
	"format_version": "1.12.0",
	"minecraft:geometry": [
		{
			"description": {
				"identifier": "geometry.unknown",
				"texture_width": 64,
				"texture_height": 64,
				"visible_bounds_width": 3,
				"visible_bounds_height": 3.5,
				"visible_bounds_offset": [0, 1.25, 0]
			},
			"bones": [
				{
					"name": "bipedHead",
					"pivot": [0, 24, 0]
				},
				{
					"name": "armorHead",
					"parent": "bipedHead",
					"pivot": [0, 24, 0],
					"cubes": [
						{
							"origin": [-4, 24, -4],
							"size": [8, 8, 8],
							"uv": {
								"north": {"uv": [8, 6], "uv_size": [8, 10]},
								"east": {"uv": [0, 8], "uv_size": [8, 8]},
								"south": {"uv": [24, 8], "uv_size": [8, 8]},
								"west": {"uv": [16, 8], "uv_size": [8, 8]},
								"up": {"uv": [8, 0], "uv_size": [8, 8]},
								"down": {"uv": [16, 8], "uv_size": [8, -8]}
							}
						},
						{"origin": [-4, 24, -4], "size": [8, 8, 8], "inflate": 0.5, "uv": [32, 0]}
					]
				},
				{
					"name": "Tonguehair",
					"parent": "armorHead",
					"pivot": [0, 24, 0],
					"cubes": [
						{
							"origin": [-2.5, 31, -5],
							"size": [5, 4, 1],
							"uv": {
								"north": {"uv": [0, 0], "uv_size": [4, 5]},
								"east": {"uv": [0, 5], "uv_size": [1, 5]},
								"south": {"uv": [4, 0], "uv_size": [4, 5]},
								"west": {"uv": [1, 5], "uv_size": [1, 5]},
								"up": {"uv": [3, 0], "uv_size": [4, 1]},
								"down": {"uv": [2, 7], "uv_size": [4, -1]}
							}
						},
						{
							"origin": [-1.5, 29, -5],
							"size": [3, 4, 1],
							"uv": {
								"north": {"uv": [0, 0], "uv_size": [4, 5]},
								"east": {"uv": [0, 5], "uv_size": [1, 5]},
								"south": {"uv": [4, 0], "uv_size": [4, 5]},
								"west": {"uv": [1, 5], "uv_size": [1, 5]},
								"up": {"uv": [2, 5], "uv_size": [4, 1]},
								"down": {"uv": [2, 7], "uv_size": [4, -1]}
							}
						},
						{
							"origin": [3, 27, -6],
							"size": [3, 6, 2],
							"pivot": [0, 24, 0],
							"rotation": [0, -5, -10],
							"uv": {
								"north": {"uv": [1, 0], "uv_size": [3, 6]},
								"east": {"uv": [0, 0], "uv_size": [2, 6]},
								"south": {"uv": [0, 0], "uv_size": [3, 6]},
								"west": {"uv": [0, 0], "uv_size": [2, 6]},
								"up": {"uv": [2, 6], "uv_size": [3, 2]},
								"down": {"uv": [0, 8], "uv_size": [3, -2]}
							}
						},
						{
							"origin": [-6, 27, -6],
							"size": [3, 6, 2],
							"pivot": [0, 24, 0],
							"rotation": [-5, 5, 10],
							"uv": {
								"north": {"uv": [0, 0], "uv_size": [3, 6]},
								"east": {"uv": [0, 0], "uv_size": [2, 6]},
								"south": {"uv": [0, 0], "uv_size": [3, 6]},
								"west": {"uv": [0, 0], "uv_size": [2, 6]},
								"up": {"uv": [1, 6], "uv_size": [3, 2]},
								"down": {"uv": [0, 8], "uv_size": [3, -2]}
							}
						},
						{
							"origin": [-7.5, 26, 2.5],
							"size": [2, 6, 3],
							"pivot": [0, 24, 0],
							"rotation": [5, 2.5, 15],
							"uv": {
								"north": {"uv": [41, 0], "uv_size": [2, 6]},
								"east": {"uv": [1, 0], "uv_size": [3, 6]},
								"south": {"uv": [43, 1], "uv_size": [2, 6]},
								"west": {"uv": [42, 1], "uv_size": [3, 6]},
								"up": {"uv": [42, 4], "uv_size": [2, 3]},
								"down": {"uv": [42, 6], "uv_size": [2, -3]}
							}
						},
						{
							"origin": [-6, 24, -3],
							"size": [2, 8, 4],
							"pivot": [0, 24, 0],
							"rotation": [-10, 0, 2.5],
							"uv": {
								"north": {"uv": [0, 0], "uv_size": [2, 2]},
								"east": {"uv": [0, 1], "uv_size": [4, 5]},
								"south": {"uv": [2, 0], "uv_size": [2, 2]},
								"west": {"uv": [2, 2], "uv_size": [2, 2]},
								"up": {"uv": [0, 4], "uv_size": [2, 2]},
								"down": {"uv": [4, 2], "uv_size": [2, -2]}
							}
						},
						{
							"origin": [-6.5, 24, 2.5],
							"size": [2, 5, 3],
							"uv": {
								"north": {"uv": [41, 2], "uv_size": [2, 5]},
								"east": {"uv": [1, 1], "uv_size": [3, 5]},
								"south": {"uv": [41, 1], "uv_size": [2, 5]},
								"west": {"uv": [41, 1], "uv_size": [3, 5]},
								"up": {"uv": [42, 1], "uv_size": [2, 3]},
								"down": {"uv": [43, 5], "uv_size": [2, -3]}
							}
						},
						{
							"origin": [4, 24, -3],
							"size": [2, 8, 4],
							"pivot": [0, 24, 0],
							"rotation": [-10, 0, -2.5],
							"uv": {
								"north": {"uv": [2, 0], "uv_size": [-2, 2]},
								"east": {"uv": [4, 2], "uv_size": [-2, 2]},
								"south": {"uv": [4, 0], "uv_size": [-2, 2]},
								"west": {"uv": [4, 1], "uv_size": [-4, 5]},
								"up": {"uv": [2, 4], "uv_size": [-2, 2]},
								"down": {"uv": [6, 2], "uv_size": [-2, -2]}
							}
						},
						{
							"origin": [5.5, 26, 2.5],
							"size": [2, 6, 3],
							"pivot": [0, 24, 0],
							"rotation": [5, -2.5, -15],
							"uv": {
								"north": {"uv": [43, 0], "uv_size": [-2, 6]},
								"east": {"uv": [45, 1], "uv_size": [-3, 6]},
								"south": {"uv": [45, 1], "uv_size": [-2, 6]},
								"west": {"uv": [4, 0], "uv_size": [-3, 6]},
								"up": {"uv": [44, 4], "uv_size": [-2, 3]},
								"down": {"uv": [44, 6], "uv_size": [-2, -3]}
							}
						},
						{
							"origin": [4.5, 24, 2.5],
							"size": [2, 5, 3],
							"uv": {
								"north": {"uv": [43, 2], "uv_size": [-2, 5]},
								"east": {"uv": [44, 1], "uv_size": [-3, 5]},
								"south": {"uv": [43, 1], "uv_size": [-2, 5]},
								"west": {"uv": [4, 1], "uv_size": [-3, 5]},
								"up": {"uv": [44, 1], "uv_size": [-2, 3]},
								"down": {"uv": [45, 5], "uv_size": [-2, -3]}
							}
						},
						{
							"origin": [-3.5, 31, -3],
							"size": [7, 3, 8],
							"uv": {
								"north": {"uv": [40, 0], "uv_size": [7, 3]},
								"east": {"uv": [40, 4], "uv_size": [8, 3]},
								"south": {"uv": [52, 10], "uv_size": [7, 3]},
								"west": {"uv": [30, 9], "uv_size": [8, 3]},
								"up": {"uv": [40, 1], "uv_size": [7, 8]},
								"down": {"uv": [41, 8], "uv_size": [7, -8]}
							}
						},
						{
							"origin": [-6, 27, -6],
							"size": [3, 6, 2],
							"pivot": [0, 24, 0],
							"rotation": [0, 5, 10],
							"uv": {
								"north": {"uv": [4, 0], "uv_size": [-3, 6]},
								"east": {"uv": [2, 0], "uv_size": [-2, 6]},
								"south": {"uv": [3, 0], "uv_size": [-3, 6]},
								"west": {"uv": [2, 0], "uv_size": [-2, 6]},
								"up": {"uv": [5, 6], "uv_size": [-3, 2]},
								"down": {"uv": [3, 8], "uv_size": [-3, -2]}
							}
						},
						{
							"origin": [3, 27, -6],
							"size": [3, 6, 2],
							"pivot": [0, 24, 0],
							"rotation": [-5, -5, -10],
							"uv": {
								"north": {"uv": [3, 0], "uv_size": [-3, 6]},
								"east": {"uv": [2, 0], "uv_size": [-2, 6]},
								"south": {"uv": [3, 0], "uv_size": [-3, 6]},
								"west": {"uv": [2, 0], "uv_size": [-2, 6]},
								"up": {"uv": [4, 6], "uv_size": [-3, 2]},
								"down": {"uv": [3, 8], "uv_size": [-3, -2]}
							}
						},
						{
							"origin": [-2, 31.5, -1],
							"size": [4, 4, 4],
							"pivot": [0, 30, 0],
							"rotation": [20, -5, 0],
							"uv": {
								"north": {"uv": [62, 7], "uv_size": [-6, 4]},
								"east": {"uv": [64, 8], "uv_size": [-6, 6]},
								"south": {"uv": [55, 8], "uv_size": [3, 4]},
								"west": {"uv": [55, 8], "uv_size": [-4, 4]},
								"up": {"uv": [62, 2], "uv_size": [-6, 6]},
								"down": {"uv": [61, 12], "uv_size": [-4, -4]}
							}
						}
					]
				},
				{
					"name": "bipedBody",
					"pivot": [0, 24, 0]
				},
				{
					"name": "armorBody",
					"parent": "bipedBody",
					"pivot": [0, 24, 0],
					"cubes": [
						{"origin": [-3.5, 12, -2], "size": [7, 12, 4], "uv": [17, 16]},
						{
							"origin": [-4.25, 16, -2.75],
							"size": [8.5, -2, 5],
							"uv": {
								"north": {"uv": [9, 2], "uv_size": [7, 4]},
								"east": {"uv": [19, 60], "uv_size": [5, 3]},
								"south": {"uv": [16, 61], "uv_size": [9, 3]},
								"west": {"uv": [16, 61], "uv_size": [5, 3]},
								"up": {"uv": [16, 58], "uv_size": [9, 5]},
								"down": {"uv": [16, 63], "uv_size": [9, -5]}
							}
						},
						{
							"origin": [-5, 14, -2.5],
							"size": [10, -3, 5],
							"uv": {
								"north": {"uv": [0, 32], "uv_size": [5, 3]},
								"east": {"uv": [0, 32], "uv_size": [2, 3]},
								"south": {"uv": [0, 32], "uv_size": [5, 3]},
								"west": {"uv": [11, 33], "uv_size": [2, 3]},
								"up": {"uv": [20, 51], "uv_size": [3, 2]},
								"down": {"uv": [10, 36], "uv_size": [3, -2]}
							}
						},
						{
							"origin": [0.25, 18, -6],
							"size": [4, 4, 5],
							"pivot": [0, 24, 0],
							"rotation": [10, -2.5, 2.5],
							"uv": {
								"north": {"uv": [0, 32], "uv_size": [11, 5]},
								"east": {"uv": [0, 33], "uv_size": [5, 4]},
								"south": {"uv": [1, 32], "uv_size": [8, 4]},
								"west": {"uv": [2, 32], "uv_size": [5, 4]},
								"up": {"uv": [0, 32], "uv_size": [8, 5]},
								"down": {"uv": [1, 37], "uv_size": [8, -5]}
							}
						},
						{
							"origin": [-4.25, 18, -6],
							"size": [4, 4, 5],
							"pivot": [0, 24, 0],
							"rotation": [10, 2.5, -2.5],
							"uv": {
								"north": {"uv": [11, 32], "uv_size": [-11, 5]},
								"east": {"uv": [7, 32], "uv_size": [-5, 4]},
								"south": {"uv": [9, 32], "uv_size": [-8, 4]},
								"west": {"uv": [5, 33], "uv_size": [-5, 4]},
								"up": {"uv": [8, 32], "uv_size": [-8, 5]},
								"down": {"uv": [9, 37], "uv_size": [-8, -5]}
							}
						}
					]
				},
				{
					"name": "bipedRightArm",
					"pivot": [-4, 22, 0]
				},
				{
					"name": "armorRightArm",
					"parent": "bipedRightArm",
					"pivot": [-4, 22, 0],
					"rotation": [0, 2, 10],
					"cubes": [
						{"origin": [-6.75, 11.5, -2], "size": [3, 12, 4], "uv": [40, 16]},
						{"origin": [-6.75, 11.5, -2], "size": [3, 12, 4], "inflate": 0.25, "uv": [40, 32]}
					]
				},
				{
					"name": "bipedLeftArm",
					"pivot": [4, 22, 0]
				},
				{
					"name": "armorLeftArm",
					"parent": "bipedLeftArm",
					"pivot": [5, 21.5, 0],
					"rotation": [0, -2, -10],
					"cubes": [
						{"origin": [3.75, 11, -2], "size": [3, 12, 4], "uv": [40, 16], "mirror": true},
						{"origin": [3.75, 11.5, -2], "size": [3, 12, 4], "inflate": 0.25, "uv": [40, 32], "mirror": true}
					]
				},
				{
					"name": "bipedLeftLeg",
					"pivot": [2, 12, 0]
				},
				{
					"name": "armorLeftLeg",
					"parent": "bipedLeftLeg",
					"pivot": [2, 12, 0],
					"rotation": [0, 0, 2],
					"cubes": [
						{
							"origin": [0.75, 8, -1],
							"size": [4.5, 5, 4],
							"pivot": [1.9, 12, 0],
							"rotation": [-7.5, 0, 2.5],
							"uv": {
								"north": {"uv": [20, 51], "uv_size": [-4, 6]},
								"east": {"uv": [20, 51], "uv_size": [-4, 6]},
								"south": {"uv": [20, 51], "uv_size": [-4, 6]},
								"west": {"uv": [20, 51], "uv_size": [-4, 6]},
								"up": {"uv": [14, 33], "uv_size": [-4, 4]},
								"down": {"uv": [21, 59], "uv_size": [-4, -4]}
							}
						},
						{
							"origin": [0.75, 8, -3],
							"size": [4.5, 5, 4],
							"pivot": [1.9, 12, 0],
							"rotation": [5, 0, 2.5],
							"uv": {
								"north": {"uv": [20, 51], "uv_size": [-4, 6]},
								"east": {"uv": [20, 51], "uv_size": [-4, 6]},
								"south": {"uv": [20, 51], "uv_size": [-4, 6]},
								"west": {"uv": [20, 51], "uv_size": [-4, 6]},
								"up": {"uv": [14, 33], "uv_size": [-4, 4]},
								"down": {"uv": [21, 59], "uv_size": [-4, -4]}
							}
						},
						{
							"origin": [1, 5, -2.5],
							"size": [3, 3, 2],
							"uv": {
								"north": {"uv": [11, 61], "uv_size": [3, 3]},
								"east": {"uv": [12, 61], "uv_size": [2, 3]},
								"south": {"uv": [23, 61], "uv_size": [3, 3]},
								"west": {"uv": [12, 61], "uv_size": [2, 3]},
								"up": {"uv": [18, 59], "uv_size": [3, 2]},
								"down": {"uv": [11, 64], "uv_size": [3, -1]}
							}
						},
						{"origin": [0.5, 0, -2], "size": [4, 12, 4], "uv": [16, 48], "mirror": true},
						{"origin": [0.5, 0, -3], "size": [4, 1.5, 2], "uv": [32, 60]},
						{"origin": [0.5, 2.5, -0.9], "size": [3.9, 3, 4], "pivot": [2, 12, 0], "rotation": [-6, 2.5, 0], "uv": [20, 56]}
					]
				},
				{
					"name": "armorLeftBoot",
					"parent": "bipedLeftLeg",
					"pivot": [2, 12, 0]
				},
				{
					"name": "bipedRightLeg",
					"pivot": [-2, 12, 0]
				},
				{
					"name": "armorRightLeg",
					"parent": "bipedRightLeg",
					"pivot": [-2, 12, 0],
					"rotation": [0, 0, -2],
					"cubes": [
						{
							"origin": [-5.25, 8, -3],
							"size": [4.5, 5, 4],
							"pivot": [-1.9, 12, 0],
							"rotation": [5, 0, -2.5],
							"uv": {
								"north": {"uv": [16, 51], "uv_size": [4, 6]},
								"east": {"uv": [16, 51], "uv_size": [4, 6]},
								"south": {"uv": [16, 51], "uv_size": [4, 6]},
								"west": {"uv": [16, 51], "uv_size": [4, 6]},
								"up": {"uv": [10, 33], "uv_size": [4, 4]},
								"down": {"uv": [17, 59], "uv_size": [4, -4]}
							}
						},
						{
							"origin": [-4, 5, -2.5],
							"size": [3, 3, 2],
							"uv": {
								"north": {"uv": [15, 61], "uv_size": [-3, 3]},
								"east": {"uv": [15, 61], "uv_size": [-2, 3]},
								"south": {"uv": [26, 61], "uv_size": [-3, 3]},
								"west": {"uv": [14, 61], "uv_size": [-2, 3]},
								"up": {"uv": [21, 59], "uv_size": [-3, 2]},
								"down": {"uv": [14, 64], "uv_size": [-3, -1]}
							}
						},
						{"origin": [-4.5, 0, -2], "size": [4, 12, 4], "uv": [16, 48]},
						{"origin": [-4.5, 0, -3], "size": [4, 1.5, 2], "uv": [32, 60], "mirror": true},
						{"origin": [-4.4, 2.5, -0.9], "size": [3.9, 3, 4], "pivot": [-2, 12, 0], "rotation": [-6, -2.5, 0], "uv": [20, 56], "mirror": true},
						{
							"origin": [-5.25, 8, -1],
							"size": [4.5, 5, 4],
							"pivot": [-1.9, 12, 0],
							"rotation": [-7.5, 0, -2.5],
							"uv": {
								"north": {"uv": [16, 51], "uv_size": [4, 6]},
								"east": {"uv": [16, 51], "uv_size": [4, 6]},
								"south": {"uv": [16, 51], "uv_size": [4, 6]},
								"west": {"uv": [16, 51], "uv_size": [4, 6]},
								"up": {"uv": [10, 33], "uv_size": [4, 4]},
								"down": {"uv": [17, 59], "uv_size": [4, -4]}
							}
						}
					]
				},
				{
					"name": "armorRightBoot",
					"parent": "bipedRightLeg",
					"pivot": [-2, 12, 0]
				}
			]
		}
	]
}