{
	"format_version": "1.12.0",
	"minecraft:geometry": [
		{
			"description": {
				"identifier": "geometry.unknown",
				"texture_width": 128,
				"texture_height": 128,
				"visible_bounds_width": 7,
				"visible_bounds_height": 4.5,
				"visible_bounds_offset": [0, 1.75, 0]
			},
			"bones": [
				{
					"name": "bipedHead",
					"pivot": [0, 24, 0]
				},
				{
					"name": "armorHead",
					"parent": "bipedHead",
					"pivot": [0, 24, 0]
				},
				{
					"name": "bone2",
					"parent": "armorHead",
					"pivot": [2.69866, 29.7517, 1.49337],
					"cubes": [
						{"origin": [1.60264, 30.70214, -0.2], "size": [1, 5, 2], "pivot": [2.69866, 29.7517, 1.49337], "rotation": [23.21379, 53.62788, 53.11528], "uv": [70, 93]},
						{"origin": [1.56065, 28.70214, 1.32347], "size": [1, 3, 2], "pivot": [2.69866, 29.7517, 1.49337], "rotation": [44.63354, 70.56687, 77.01878], "uv": [77, 39]},
						{"origin": [1.56065, 30.70214, 1.32347], "size": [1, 5, 2], "pivot": [2.69866, 29.7517, 1.49337], "rotation": [44.63354, 70.56687, 77.01878], "uv": [90, 93]},
						{"origin": [1.08636, 30.70214, -1.63984], "size": [1, 5, 2], "pivot": [2.69866, 29.7517, 1.49337], "rotation": [16.53147, 34.7654, 43.67], "uv": [64, 93]},
						{"origin": [1.67045, 31.3713, -2.93396], "size": [1, 5, 2], "pivot": [1.47045, 33.8713, -1.93396], "rotation": [13.68355, -8.83952, 31.92127], "uv": [80, 91]},
						{"origin": [0.97045, 31.3713, -4.83396], "size": [1, 5, 2], "pivot": [1.47045, 33.8713, -1.93396], "rotation": [19.28262, -44.94035, 20.1827], "uv": [90, 60]},
						{"origin": [0.93367, 30.50126, 0.90127], "size": [1, 5, 2], "pivot": [2.69866, 29.7517, 1.49337], "rotation": [110.70346, 72.69493, 163.56382], "uv": [94, 7]}
					]
				},
				{
					"name": "bone5",
					"parent": "bone2",
					"pivot": [5.59111, 34.93069, -0.86668],
					"cubes": [
						{"origin": [1.67045, 35.3713, -2.93396], "size": [1, 3, 2], "pivot": [1.47045, 33.8713, -1.93396], "rotation": [13.68355, -8.83952, 31.92127], "uv": [58, 89]},
						{"origin": [0.93367, 34.80126, 2.60127], "size": [1, 5, 2], "pivot": [2.69866, 29.7517, 1.49337], "rotation": [128.20346, 72.69493, 163.56382], "uv": [92, 0]},
						{"origin": [1.60264, 34.70214, -0.2], "size": [1, 5, 2], "pivot": [2.69866, 29.7517, 1.49337], "rotation": [23.21379, 53.62788, 53.11528], "uv": [92, 86]},
						{"origin": [1.56065, 34.70214, 1.32347], "size": [1, 5, 2], "pivot": [2.69866, 29.7517, 1.49337], "rotation": [44.63354, 70.56687, 77.01878], "uv": [92, 50]},
						{"origin": [1.08636, 34.70214, -1.63984], "size": [1, 5, 2], "pivot": [2.69866, 29.7517, 1.49337], "rotation": [16.53147, 34.7654, 43.67], "uv": [90, 21]}
					]
				},
				{
					"name": "bone6",
					"parent": "bone5",
					"pivot": [8.2624, 39.41502, -1.23167],
					"cubes": [
						{"origin": [7.69586, 37.00369, -2.08115], "size": [1, 7, 2], "pivot": [8.19586, 39.50369, -1.08115], "rotation": [23.21379, 53.62788, 53.11528], "uv": [0, 43]},
						{"origin": [1.56065, 38.70214, 1.32347], "size": [1, 5, 2], "pivot": [2.69866, 29.7517, 1.49337], "rotation": [44.63354, 70.56687, 77.01878], "uv": [52, 89]},
						{"origin": [1.08636, 38.70214, -1.63984], "size": [1, 3, 2], "pivot": [2.69866, 29.7517, 1.49337], "rotation": [16.53147, 34.7654, 43.67], "uv": [58, 96]}
					]
				},
				{
					"name": "bone4",
					"parent": "bone2",
					"pivot": [4.86009, 31.59045, 0.24296],
					"cubes": [
						{"origin": [6.2472, 34.63254, -1.69069], "size": [2, 2, 2], "pivot": [7.2472, 35.63254, -0.69069], "rotation": [101.82991, 65.10814, 149.5529], "uv": [8, 41]},
						{"origin": [5.73447, 33.36214, -2.0033], "size": [2, 2, 2], "pivot": [5.73447, 34.36214, -1.0033], "rotation": [169.47861, 46.23293, -92.7704], "uv": [16, 41]},
						{"origin": [3.22286, 32.57728, -2.79775], "size": [2, 2, 2], "pivot": [4.22286, 33.57728, -1.79775], "rotation": [120.28393, 39.653, 168.7914], "uv": [0, 34]},
						{"origin": [4.73447, 33.36214, -2.0033], "size": [2, 2, 2], "pivot": [5.73447, 34.36214, -1.0033], "rotation": [-164.67088, 53.75406, -117.5577], "uv": [24, 41]},
						{"origin": [5.14809, 31.64952, -1.86131], "size": [2, 2, 2], "pivot": [6.14809, 32.64952, -0.86131], "rotation": [13.52668, -3.70326, 82.0271], "uv": [77, 50]},
						{"origin": [2.34125, 31.30105, -1.84707], "size": [2, 2, 2], "pivot": [3.34125, 32.30105, -0.84707], "rotation": [8.87847, 40.87717, 80.83479], "uv": [90, 28]},
						{"origin": [3.64527, 31.75121, -1.53581], "size": [2, 2, 2], "pivot": [4.64527, 32.75121, -0.53581], "rotation": [103.88306, 76.06722, 138.35081], "uv": [32, 67]},
						{"origin": [2.60264, 30.70214, -0.2], "size": [2, 2, 2], "pivot": [2.69866, 29.7517, 1.49337], "rotation": [23.21379, 53.62788, 53.11528], "uv": [92, 72]},
						{"origin": [3.86009, 30.59045, -0.75704], "size": [2, 2, 2], "pivot": [4.86009, 31.59045, 0.24296], "rotation": [33.5838, 3.48396, 52.88149], "uv": [80, 22]}
					]
				},
				{
					"name": "bone",
					"parent": "armorHead",
					"pivot": [-5.3723, 34.8848, -0.36699],
					"cubes": [
						{"origin": [-2.56065, 28.70214, 1.32347], "size": [1, 3, 2], "pivot": [-2.69866, 29.7517, 1.49337], "rotation": [44.63354, -70.56687, -77.01878], "uv": [46, 96]},
						{"origin": [-1.93367, 30.50126, 0.90127], "size": [1, 5, 2], "pivot": [-2.69866, 29.7517, 1.49337], "rotation": [110.70346, -72.69493, -163.56382], "uv": [0, 0]},
						{"origin": [-2.56065, 30.70214, 1.32347], "size": [1, 5, 2], "pivot": [-2.69866, 29.7517, 1.49337], "rotation": [44.63354, -70.56687, -77.01878], "uv": [48, 7]},
						{"origin": [-2.60264, 30.70214, -0.2], "size": [1, 5, 2], "pivot": [-2.69866, 29.7517, 1.49337], "rotation": [23.21379, -53.62788, -53.11528], "uv": [82, 69]},
						{"origin": [-2.08636, 30.70214, -1.63984], "size": [1, 5, 2], "pivot": [-2.69866, 29.7517, 1.49337], "rotation": [16.53147, -34.7654, -43.67], "uv": [82, 76]},
						{"origin": [-2.67045, 31.3713, -2.93396], "size": [1, 5, 2], "pivot": [-1.47045, 33.8713, -1.93396], "rotation": [13.68355, 8.83952, -31.92127], "uv": [88, 67]},
						{"origin": [-1.97045, 31.3713, -4.83396], "size": [1, 5, 2], "pivot": [-1.47045, 33.8713, -1.93396], "rotation": [19.28262, 44.94035, -20.1827], "uv": [88, 74]}
					]
				},
				{
					"name": "bone8",
					"parent": "bone",
					"pivot": [-8.19586, 39.50369, -1.08115],
					"cubes": [
						{"origin": [-2.60264, 34.70214, -0.2], "size": [1, 5, 2], "pivot": [-2.69866, 29.7517, 1.49337], "rotation": [23.21379, -53.62788, -53.11528], "uv": [82, 83]},
						{"origin": [-2.56065, 34.70214, 1.32347], "size": [1, 5, 2], "pivot": [-2.69866, 29.7517, 1.49337], "rotation": [44.63354, -70.56687, -77.01878], "uv": [84, 62]},
						{"origin": [-1.93367, 34.80126, 2.60127], "size": [1, 5, 2], "pivot": [-2.69866, 29.7517, 1.49337], "rotation": [128.20346, -72.69493, -163.56382], "uv": [88, 5]},
						{"origin": [-2.08636, 34.70214, -1.63984], "size": [1, 5, 2], "pivot": [-2.69866, 29.7517, 1.49337], "rotation": [16.53147, -34.7654, -43.67], "uv": [88, 81]},
						{"origin": [-2.67045, 35.3713, -2.93396], "size": [1, 3, 2], "pivot": [-1.47045, 33.8713, -1.93396], "rotation": [13.68355, 8.83952, -31.92127], "uv": [86, 88]}
					]
				},
				{
					"name": "bone9",
					"parent": "bone8",
					"pivot": [-8.19586, 39.50369, -1.08115],
					"cubes": [
						{"origin": [-2.08636, 38.70214, -1.63984], "size": [1, 3, 2], "pivot": [-2.69866, 29.7517, 1.49337], "rotation": [16.53147, -34.7654, -43.67], "uv": [52, 96]},
						{"origin": [-2.56065, 38.70214, 1.32347], "size": [1, 5, 2], "pivot": [-2.69866, 29.7517, 1.49337], "rotation": [44.63354, -70.56687, -77.01878], "uv": [46, 89]},
						{"origin": [-8.69586, 37.00369, -2.08115], "size": [1, 7, 2], "pivot": [-8.19586, 39.50369, -1.08115], "rotation": [23.21379, -53.62788, -53.11528], "uv": [0, 25]}
					]
				},
				{
					"name": "bone3",
					"parent": "bone",
					"pivot": [-4.22286, 33.57728, -1.79775],
					"cubes": [
						{"origin": [-4.60264, 30.70214, -0.2], "size": [2, 2, 2], "pivot": [-2.69866, 29.7517, 1.49337], "rotation": [23.21379, -53.62788, -53.11528], "uv": [38, 96]},
						{"origin": [-4.34125, 31.30105, -1.84707], "size": [2, 2, 2], "pivot": [-3.34125, 32.30105, -0.84707], "rotation": [8.87847, -40.87717, -80.83479], "uv": [96, 14]},
						{"origin": [-5.86009, 30.59045, -0.75704], "size": [2, 2, 2], "pivot": [-4.86009, 31.59045, 0.24296], "rotation": [33.5838, -3.48396, -52.88149], "uv": [96, 23]},
						{"origin": [-7.14809, 31.64952, -1.86131], "size": [2, 2, 2], "pivot": [-6.14809, 32.64952, -0.86131], "rotation": [13.52668, 3.70326, -82.0271], "uv": [94, 19]},
						{"origin": [-5.64527, 31.75121, -1.53581], "size": [2, 2, 2], "pivot": [-4.64527, 32.75121, -0.53581], "rotation": [103.88306, -76.06722, -138.35081], "uv": [30, 96]},
						{"origin": [-6.73447, 33.36214, -2.0033], "size": [2, 2, 2], "pivot": [-5.73447, 34.36214, -1.0033], "rotation": [-164.67088, -53.75406, 117.5577], "uv": [94, 65]},
						{"origin": [-7.73447, 33.36214, -2.0033], "size": [2, 2, 2], "pivot": [-5.73447, 34.36214, -1.0033], "rotation": [169.47861, -46.23293, 92.7704], "uv": [92, 79]},
						{"origin": [-8.2472, 34.63254, -1.69069], "size": [2, 2, 2], "pivot": [-7.2472, 35.63254, -0.69069], "rotation": [101.82991, -65.10814, -149.5529], "uv": [93, 39]},
						{"origin": [-5.22286, 32.57728, -2.79775], "size": [2, 2, 2], "pivot": [-4.22286, 33.57728, -1.79775], "rotation": [120.28393, -39.653, -168.7914], "uv": [94, 57]}
					]
				},
				{
					"name": "bone7",
					"parent": "armorHead",
					"pivot": [0.1583, 32.3016, -1.99965],
					"cubes": [
						{"origin": [-1.3417, 31.0516, -1.99965], "size": [3, 4, 0], "pivot": [0.1583, 32.3016, -1.99965], "rotation": [-1.25711, -0.22966, 0.45116], "uv": [85, 50]}
					]
				},
				{
					"name": "bipedBody",
					"pivot": [0, 24, 0]
				},
				{
					"name": "armorBody",
					"parent": "bipedBody",
					"pivot": [0, 24, 0]
				},
				{
					"name": "bone10",
					"parent": "armorBody",
					"pivot": [0, 13, 0.5],
					"cubes": [
						{"origin": [-1, 12, 0], "size": [2, 2, 3], "uv": [0, 38]}
					]
				},
				{
					"name": "bone11",
					"parent": "bone10",
					"pivot": [0, 13.0298, 4.12295],
					"cubes": [
						{"origin": [-3.5, 9.5, 3], "size": [7, 0, 7], "pivot": [0, 10.5, 6], "rotation": [-17.5, 0, 0], "uv": [68, 0]},
						{"origin": [-3.5, 12.8, 4], "size": [7, 0, 7], "pivot": [0, 10.5, -6], "rotation": [17.5, 0, 0], "uv": [67, 7]},
						{"origin": [0.3, 9.5, 0], "size": [0, 7, 7], "pivot": [10.5, 0, -6], "rotation": [0, 17.5, 0], "uv": [32, 82]},
						{"origin": [-0.3, 9.5, 0], "size": [0, 7, 7], "pivot": [-10.5, 0, -6], "rotation": [0, -17.5, 0], "uv": [82, 7]},
						{"origin": [-2.5, 10.5, 3], "size": [5, 5, 6], "uv": [77, 39]}
					]
				},
				{
					"name": "bone12",
					"parent": "bone11",
					"pivot": [0, 13.0298, 11.24525],
					"cubes": [
						{"origin": [-6.5, 9.5, 10], "size": [13, 0, 8], "pivot": [0, 10.5, 6], "rotation": [-17.5, 0, 0], "uv": [32, 54]},
						{"origin": [-6.5, 12.8, 11], "size": [13, 0, 8], "pivot": [0, 10.5, -6], "rotation": [17.5, 0, 0], "uv": [58, 54]},
						{"origin": [0.3, 6.5, 7], "size": [0, 13, 8], "pivot": [10.5, 0, -6], "rotation": [0, 17.5, 0], "uv": [16, 77]},
						{"origin": [-0.3, 6.5, 7], "size": [0, 13, 8], "pivot": [-10.5, 0, -6], "rotation": [0, -17.5, 0], "uv": [0, 77]},
						{"origin": [-4.5, 8.5, 9], "size": [9, 9, 8], "uv": [48, 7]}
					]
				},
				{
					"name": "bone13",
					"parent": "bone12",
					"pivot": [0, 13.25987, 17.75366],
					"cubes": [
						{"origin": [-8.5, 9.5, 18], "size": [17, 0, 7], "pivot": [0, 10.5, 6], "rotation": [-17.5, 0, 0], "uv": [34, 0]},
						{"origin": [-8.5, 12.8, 19], "size": [17, 0, 8], "pivot": [0, 10.5, -6], "rotation": [17.5, 0, 0], "uv": [36, 25]},
						{"origin": [0.3, 4.5, 15], "size": [0, 18, 8], "pivot": [10.5, 0, -6], "rotation": [0, 17.5, 0], "uv": [32, 63]},
						{"origin": [-0.3, 4.5, 15], "size": [0, 18, 8], "pivot": [-10.5, 0, -6], "rotation": [0, -17.5, 0], "uv": [48, 63]},
						{"origin": [-6.5, 6.5, 17], "size": [13, 13, 7], "uv": [0, 47]}
					]
				},
				{
					"name": "bone14",
					"parent": "bone13",
					"pivot": [0, 13.5, 24.5],
					"cubes": [
						{"origin": [-8.5, 4.5, 24], "size": [17, 18, 7], "uv": [0, 0]}
					]
				},
				{
					"name": "bone15",
					"parent": "bone14",
					"pivot": [0.2, 13.41746, 30.9921],
					"cubes": [
						{"origin": [-8.3982, 4.5, 31.35473], "size": [0, 18, 8], "pivot": [-11.8982, 13.5, 32.35473], "rotation": [0, 20, 0], "uv": [16, 59]},
						{"origin": [8.3982, 4.5, 31.35473], "size": [0, 18, 8], "pivot": [11.8982, 13.5, 32.35473], "rotation": [0, -20, 0], "uv": [0, 59]},
						{"origin": [-8.5, 3.9018, 36.35473], "size": [18, 0, 8], "pivot": [13.5, -11.8982, 32.35473], "rotation": [20, 0, 0], "uv": [0, 33]},
						{"origin": [-8.5, 42.1018, 14.64527], "size": [18, 0, 8], "pivot": [13.5, -11.8982, -32.35473], "rotation": [-20, 0, 0], "uv": [0, 25]},
						{"origin": [-6.5, 6.5, 30], "size": [13, 13, 7], "uv": [37, 34]}
					]
				},
				{
					"name": "bone16",
					"parent": "bone15",
					"pivot": [0.1, 13.25871, 38.19077],
					"cubes": [
						{"origin": [-5.5, 18.16601, 36.55623], "size": [11, 0, 9], "pivot": [0, 18.66601, 41.55623], "rotation": [-27.5, 0, 0], "uv": [53, 62]},
						{"origin": [-5.5, -28.63399, 22.44377], "size": [11, 0, 9], "pivot": [0, 18.66601, -41.55623], "rotation": [27.5, 0, 0], "uv": [31, 62]},
						{"origin": [-40.63399, 7.5, 16.44377], "size": [0, 11, 9], "pivot": [18.66601, 0, -41.55623], "rotation": [0, 27.5, 0], "uv": [64, 73]},
						{"origin": [40.63399, 7.5, 16.44377], "size": [0, 11, 9], "pivot": [-18.66601, 0, -41.55623], "rotation": [0, -27.5, 0], "uv": [64, 62]},
						{"origin": [-2.5, 10.5, 38], "size": [6, 6, 7], "uv": [71, 26]}
					]
				},
				{
					"name": "bipedRightArm",
					"pivot": [-4, 22, 0]
				},
				{
					"name": "armorRightArm",
					"parent": "bipedRightArm",
					"pivot": [-4, 22, 0]
				},
				{
					"name": "bipedLeftArm",
					"pivot": [4, 22, 0]
				},
				{
					"name": "armorLeftArm",
					"parent": "bipedLeftArm",
					"pivot": [4, 22, 0]
				},
				{
					"name": "bipedLeftLeg",
					"pivot": [2, 12, 0]
				},
				{
					"name": "armorLeftLeg",
					"parent": "bipedLeftLeg",
					"pivot": [2, 12, 0]
				},
				{
					"name": "armorLeftBoot",
					"parent": "bipedLeftLeg",
					"pivot": [2, 12, 0]
				},
				{
					"name": "bipedRightLeg",
					"pivot": [-2, 12, 0]
				},
				{
					"name": "armorRightLeg",
					"parent": "bipedRightLeg",
					"pivot": [-2, 12, 0]
				},
				{
					"name": "armorRightBoot",
					"parent": "bipedRightLeg",
					"pivot": [-2, 12, 0]
				}
			]
		}
	]
}