{
	"format_version": "1.8.0",
	"animations": {
		"idle": {
			"loop": true,
			"animation_length": 6,
			"bones": {
				"1": {
					"rotation": {
						"vector": [-60, "math.sin((query.anim_time)/3*360)*15", 0]
					},
					"position": {
						"vector": [0, 0, -0.75]
					}
				},
				"2": {
					"rotation": {
						"vector": [0, "math.sin((query.anim_time-0.375)/3*360)*15", 0]
					}
				},
				"3": {
					"rotation": {
						"vector": [0, "math.sin((query.anim_time-0.75)/3*360)*15", 0]
					}
				},
				"4": {
					"rotation": {
						"vector": [0, "math.sin((query.anim_time-1.125)/3*360)*15", 0]
					}
				},
				"5": {
					"rotation": {
						"vector": [0, "math.sin((query.anim_time-1.5)/3*360)*15", 0]
					}
				}
			}
		},
		"sneak": {
			"loop": true,
			"animation_length": 6,
			"bones": {
				"1": {
					"rotation": {
						"vector": [-30, "math.sin((query.anim_time)/3*360)*15", 0]
					},
					"position": {
						"vector": [0, 0, -0.75]
					}
				},
				"2": {
					"rotation": {
						"vector": [10, "math.sin((query.anim_time-0.375)/3*360)*15", 0]
					}
				},
				"3": {
					"rotation": {
						"vector": [10, "math.sin((query.anim_time-0.75)/3*360)*15", 0]
					}
				},
				"4": {
					"rotation": {
						"vector": [10, "math.sin((query.anim_time-1.125)/3*360)*15", 0]
					}
				},
				"5": {
					"rotation": {
						"vector": [10, "math.sin((query.anim_time-1.5)/3*360)*15", 0]
					}
				}
			}
		},
		"walk": {
			"loop": true,
			"animation_length": 6,
			"bones": {
				"1": {
					"rotation": {
						"vector": ["math.sin((query.anim_time)/1*360)*15-30", "math.sin((query.anim_time)/2*360)*25", 0]
					},
					"position": {
						"vector": [0, 0, -0.75]
					}
				},
				"2": {
					"rotation": {
						"vector": ["math.sin((query.anim_time-0.2)/1*360)*15", "math.sin((query.anim_time-0.375)/2*360)*15", 0]
					}
				},
				"3": {
					"rotation": {
						"vector": ["math.sin((query.anim_time-0.4)/1*360)*15", "math.sin((query.anim_time-0.75)/2*360)*15", 0]
					}
				},
				"4": {
					"rotation": {
						"vector": ["math.sin((query.anim_time-0.6)/1*360)*15", "math.sin((query.anim_time-1.125)/2*360)*15", 0]
					}
				},
				"5": {
					"rotation": {
						"vector": ["math.sin((query.anim_time-0.8)/1*360)*15", "math.sin((query.anim_time-1.5)/2*360)*15", 0]
					}
				}
			}
		},
		"sprint": {
			"loop": true,
			"animation_length": 6,
			"bones": {
				"1": {
					"rotation": {
						"vector": ["math.sin((query.anim_time)/0.25*180)*15-15", "math.sin((query.anim_time)/1*360)*15", 0]
					},
					"position": {
						"vector": [0, 0, -0.75]
					}
				},
				"2": {
					"rotation": {
						"vector": ["math.sin((query.anim_time-0.2)/0.25*180)*15", "math.sin((query.anim_time-0.2)/1*360)*15", 0]
					}
				},
				"3": {
					"rotation": {
						"vector": ["math.sin((query.anim_time-0.4)/0.25*180)*15", "math.sin((query.anim_time-0.4)/1*360)*15", 0]
					}
				},
				"4": {
					"rotation": {
						"vector": ["math.sin((query.anim_time-0.6)/0.25*180)*15", "math.sin((query.anim_time-0.6)/1*360)*15", 0]
					}
				},
				"5": {
					"rotation": {
						"vector": ["math.sin((query.anim_time-0.8)/0.25*180)*15", "math.sin((query.anim_time-0.8)/1*360)*15", 0]
					}
				}
			}
		}
	},
	"geckolib_format_version": 2
}