{
	"format_version": "1.12.0",
	"minecraft:geometry": [
		{
			"description": {
				"identifier": "geometry.unknown",
				"texture_width": 64,
				"texture_height": 64,
				"visible_bounds_width": 2,
				"visible_bounds_height": 3.5,
				"visible_bounds_offset": [0, 1.25, 0]
			},
			"bones": [
				{
					"name": "bipedHead",
					"pivot": [0, 24, 0]
				},
				{
					"name": "armorHead",
					"parent": "bipedHead",
					"pivot": [0, 24, 0]
				},
				{
					"name": "head",
					"parent": "armorHead",
					"pivot": [0, 24, 0],
					"cubes": [
						{"origin": [3, 26, -1], "size": [4, 3, 0.001], "pivot": [4, 27, 1], "rotation": [0, -22.5, 0], "uv": [32, 0]},
						{"origin": [-7, 26, -1], "size": [4, 3, 0], "pivot": [-4, 27, 0], "rotation": [0, 22.5, 0], "uv": [32, 3]},
						{"origin": [-2.5, 25, -4.2], "size": [3, 3, 0.001], "pivot": [-1, 25, -5], "rotation": [0, 0, 45], "uv": [34, 8]},
						{"origin": [-1, 26, -4.2], "size": [2, 1, 0.001], "uv": [40, 0]},
						{"origin": [-0.7, 24.9, -4.1], "size": [1.5, 1, 0.001], "uv": [45, 0]},
						{"origin": [-0.5, 24.2, -4.1], "size": [2, 2, 0.001], "pivot": [1, 24, -5], "rotation": [0, 0, 45], "uv": [46, 0]},
						{"origin": [-2.55, 22.15, -4.1], "size": [2, 2, 0.001], "pivot": [1, 24, -5], "rotation": [0, 0, 45], "uv": [46, 0]},
						{"origin": [-2, 24.2, -4.1], "size": [4, 1, 0.001], "uv": [32, 13]},
						{"origin": [-3, 29, -4.3], "size": [7, 3, 0.001], "pivot": [0, 29, -6], "rotation": [0, 0, 32.5], "uv": [50, 0]},
						{"origin": [-0.5, 23.5, -4.5], "size": [5, 2, 9], "pivot": [1, 24, 0], "rotation": [0, 0, -5], "uv": [36, 53]},
						{"origin": [-4.5, 23.5, -4.5], "size": [5, 2, 9], "pivot": [0, 24, 0], "rotation": [0, 0, 5], "uv": [0, 53]},
						{"origin": [-3.5, 28.5, -4.1], "size": [7, 1, 0.001], "uv": [0, 19]},
						{"origin": [4.299, 25, -4.7], "size": [0.001, 5, 2], "pivot": [6, 24, -2], "rotation": [-7.52832, 4.95712, -0.65426], "uv": [0, 23]},
						{"origin": [-4.301, 25, -4.7], "size": [0.001, 5, 2], "pivot": [-3, 24, -2], "rotation": [-7.52832, -4.95712, 0.65426], "uv": [0, 23]},
						{"origin": [-5, 28, -4.2], "size": [3, 4, 0.001], "pivot": [-3, 28, -6], "rotation": [0, 0, 22.5], "uv": [1, 2]},
						{"origin": [-4, 24, -4], "size": [8, 8, 8], "uv": [0, 0]}
					]
				},
				{
					"name": "bipedBody",
					"pivot": [0, 24, 0]
				},
				{
					"name": "armorBody",
					"parent": "bipedBody",
					"pivot": [0, 24, 0]
				},
				{
					"name": "bipedRightArm",
					"pivot": [-4, 22, 0]
				},
				{
					"name": "armorRightArm",
					"parent": "bipedRightArm",
					"pivot": [-4, 22, 0]
				},
				{
					"name": "bipedLeftArm",
					"pivot": [4, 22, 0]
				},
				{
					"name": "armorLeftArm",
					"parent": "bipedLeftArm",
					"pivot": [4, 22, 0]
				},
				{
					"name": "bipedLeftLeg",
					"pivot": [2, 12, 0]
				},
				{
					"name": "armorLeftLeg",
					"parent": "bipedLeftLeg",
					"pivot": [2, 12, 0]
				},
				{
					"name": "armorLeftBoot",
					"parent": "bipedLeftLeg",
					"pivot": [2, 12, 0]
				},
				{
					"name": "bipedRightLeg",
					"pivot": [-2, 12, 0]
				},
				{
					"name": "armorRightLeg",
					"parent": "bipedRightLeg",
					"pivot": [-2, 12, 0]
				},
				{
					"name": "armorRightBoot",
					"parent": "bipedRightLeg",
					"pivot": [-2, 12, 0]
				}
			]
		}
	]
}