{
	"format_version": "1.12.0",
	"minecraft:geometry": [
		{
			"description": {
				"identifier": "geometry.unknown",
				"texture_width": 64,
				"texture_height": 64,
				"visible_bounds_width": 4,
				"visible_bounds_height": 3.5,
				"visible_bounds_offset": [0, 1.25, 0]
			},
			"bones": [
				{
					"name": "bipedHead",
					"pivot": [0, 24, 0]
				},
				{
					"name": "armorHead",
					"parent": "bipedHead",
					"pivot": [0, 24, 0]
				},
				{
					"name": "bone2",
					"parent": "armorHead",
					"pivot": [0, 24, 0],
					"cubes": [
						{"origin": [-5, 30, 3], "size": [2, 3, 2], "uv": [0, 22]},
						{"origin": [-4, 30, 5], "size": [1, 1, 1], "uv": [18, 17]},
						{"origin": [3, 30, 5], "size": [1, 1, 1], "uv": [18, 17]},
						{"origin": [-6, 30, 3], "size": [1, 1, 1], "uv": [18, 17]},
						{"origin": [5, 30, 3], "size": [1, 1, 1], "uv": [18, 17]},
						{"origin": [3, 30, 3], "size": [2, 3, 2], "uv": [0, 17]}
					]
				},
				{
					"name": "bone13",
					"parent": "bone2",
					"pivot": [-4.03558, 32.00451, 1.09253],
					"cubes": [
						{"origin": [0, 32, 0], "size": [2, 4, 0], "pivot": [2, 25, 1], "rotation": [0, 47.5, -27.5], "uv": [56, 11]},
						{"origin": [-1, 32, 3], "size": [2, 4, 0], "pivot": [2, 25, 1], "rotation": [0, -42.5, -27.5], "uv": [56, 15]}
					]
				},
				{
					"name": "bone12",
					"parent": "bone2",
					"pivot": [4.7975, 32.43033, 1.09253],
					"cubes": [
						{"origin": [-2, 31, 3], "size": [2, 4, 0], "pivot": [1, 24, 1], "rotation": [0, -42.5, 37.5], "uv": [56, 15]},
						{"origin": [-1, 31, 0], "size": [2, 4, 0], "pivot": [1, 24, 1], "rotation": [0, 47.5, 37.5], "uv": [56, 11]}
					]
				},
				{
					"name": "bone3",
					"parent": "bone2",
					"pivot": [0, 24, 0],
					"cubes": [
						{
							"origin": [1, 24, -7],
							"size": [5, 5, 2],
							"pivot": [0, 24, 0],
							"rotation": [-11.45696, -13.31791, -48.65802],
							"uv": {
								"north": {"uv": [10, 19], "uv_size": [5, 5]},
								"east": {"uv": [8, 19], "uv_size": [2, 5]},
								"south": {"uv": [26, 11], "uv_size": [5, 5]},
								"west": {"uv": [15, 19], "uv_size": [2, 5]},
								"up": {"uv": [10, 17], "uv_size": [5, 2]},
								"down": {"uv": [15, 19], "uv_size": [5, -2]}
							}
						},
						{"origin": [1, 23, -7], "size": [1, 1, 1], "pivot": [0, 24, 0], "rotation": [-11.45696, -13.31791, -48.65802], "uv": [8, 24]}
					]
				},
				{
					"name": "bone4",
					"parent": "bone2",
					"pivot": [0, 25, -1],
					"rotation": [11.19038, 64.63967, 6.12849],
					"cubes": [
						{"origin": [0, 22, -6], "size": [2, 10, 0], "pivot": [-3, 25, -5], "rotation": [-12.61815, 10.02213, -8.7739], "uv": [52, 54]},
						{"origin": [-2, 22, -10], "size": [3, 10, 0], "pivot": [-3, 25, -5], "rotation": [-22.14723, -55.20615, 11.93918], "uv": [56, 54]}
					]
				},
				{
					"name": "bone5",
					"parent": "bone2",
					"pivot": [4, 25, -1],
					"rotation": [4.77279, 2.55387, -3.79385],
					"cubes": [
						{"origin": [2, 22, -5], "size": [3, 10, 0], "pivot": [0, 25, -4], "rotation": [-9.25268, -2.71859, -3.85854], "uv": [42, 54]},
						{"origin": [1, 22, -9], "size": [2, 10, 0], "pivot": [0, 25, -4], "rotation": [-25.71739, -68.2769, 19.80426], "uv": [48, 54]}
					]
				},
				{
					"name": "bone6",
					"parent": "bone2",
					"pivot": [-3.90358, 24.0119, 6.36327],
					"cubes": [
						{"origin": [-4, 14, -2], "size": [2, 18, 0], "pivot": [21, 24, 3], "rotation": [18.54835, 19.03771, 6.24605], "uv": [4, 28]},
						{"origin": [14, 14, 28], "size": [2, 18, 0], "pivot": [21, 24, 3], "rotation": [42.67209, -63.66309, -39.56292], "uv": [0, 28]}
					]
				},
				{
					"name": "bone7",
					"parent": "bone2",
					"pivot": [3.93666, 24.24469, 5.80477],
					"cubes": [
						{"origin": [-9, 11, -21], "size": [2, 18, 0], "pivot": [16, 21, -16], "rotation": [33.72453, 70.74851, 33.17546], "uv": [4, 46]},
						{"origin": [9, 11, 9], "size": [2, 18, 0], "pivot": [16, 21, -16], "rotation": [10.97353, -15.91611, -2.08772], "uv": [0, 46]}
					]
				},
				{
					"name": "bipedBody",
					"pivot": [0, 24, 0]
				},
				{
					"name": "armorBody",
					"parent": "bipedBody",
					"pivot": [0, 24, 0]
				},
				{
					"name": "bone8",
					"parent": "armorBody",
					"pivot": [0, 15.23732, 15.84204],
					"rotation": [57.5, 0, 0]
				},
				{
					"name": "bone9",
					"parent": "bone8",
					"pivot": [0, 25.34341, 8.301],
					"rotation": [32.5, 0, 0],
					"cubes": [
						{"origin": [-2.06845, 23.58667, 4.71705], "size": [4, 4, 7], "pivot": [-0.06845, 25.58667, 8.21705], "rotation": [-65, 0, 0], "uv": [10, 20]}
					]
				},
				{
					"name": "bone10",
					"parent": "bone9",
					"pivot": [-0.06845, 20.24252, 9.17537],
					"cubes": [
						{"origin": [-2.06845, 18.24252, 5.67537], "size": [4, 4, 7], "pivot": [-0.06845, 20.24252, 9.17537], "rotation": [-90, 0, 0], "uv": [10, 20]}
					]
				},
				{
					"name": "bone11",
					"parent": "bone10",
					"pivot": [-2.76845, 12.81002, 9.43808],
					"rotation": [-52.5, 0, 0],
					"cubes": [
						{"origin": [-1.58018, 11.41674, 3.31828], "size": [4, 4, 7], "pivot": [0.41982, 12.41674, 7.81828], "rotation": [-37.5, 0, 0], "uv": [10, 31]},
						{"origin": [-0.58018, 13.21064, 7.01533], "size": [2, 0, 6], "pivot": [0.41982, 13.21064, 9.51533], "rotation": [-56.5968, 39.85571, 22.90981], "uv": [25, 20]},
						{"origin": [-0.58018, 13.21064, 7.01533], "size": [2, 0, 6], "pivot": [0.41982, 13.21064, 9.51533], "rotation": [-16.32495, -15.69986, -42.73421], "uv": [25, 20]},
						{"origin": [0.53925, 12.00783, 6.91764], "size": [2, 0, 6], "pivot": [1.41982, 11.8884, 9.85196], "rotation": [13.21398, 15.20434, 44.63025], "uv": [25, 20]},
						{"origin": [0.53925, 11.76897, 6.91764], "size": [2, 0, 6], "pivot": [1.41982, 11.8884, 9.85196], "rotation": [-15.14788, 16.95544, 131.22182], "uv": [25, 20]},
						{"origin": [-1.46075, 13.00783, 6.91764], "size": [2, 0, 6], "pivot": [-0.58018, 12.8884, 9.85196], "rotation": [13.21398, 15.20434, 4.63025], "uv": [25, 20]},
						{"origin": [-1.46075, 12.76897, 6.91764], "size": [2, 0, 6], "pivot": [-0.58018, 12.8884, 9.85196], "rotation": [-15.14788, 16.95544, 91.22182], "uv": [25, 20]}
					]
				},
				{
					"name": "bone",
					"parent": "armorBody",
					"pivot": [0, 24, 0],
					"cubes": [
						{"origin": [-4, 22, -4], "size": [8, 2, 2], "pivot": [0, 24, 0], "rotation": [37.5, 0, 0], "uv": [33, 31]},
						{
							"origin": [-5, 22, -1.5],
							"size": [10, 3, 6],
							"inflate": 0.01,
							"uv": {
								"north": {"uv": [36, 38], "uv_size": [12, 3]},
								"east": {"uv": [48, 38], "uv_size": [6, 3]},
								"south": {"uv": [36, 44], "uv_size": [12, 3]},
								"west": {"uv": [48, 41], "uv_size": [6, 3]},
								"up": {"uv": [36, 38], "uv_size": [12, 6]},
								"down": {"uv": [36, 44], "uv_size": [12, -6]}
							}
						},
						{"origin": [-5, 22, 0], "size": [10, 2, 6], "pivot": [0, 24, 0], "rotation": [27.5, 0, 0], "uv": [27, 1]},
						{"origin": [-4, 11, -2], "size": [8, 12, 5], "pivot": [0, 24, 0], "rotation": [-2.5, 0, 0], "uv": [0, 0]},
						{"origin": [-5, 24, -1], "size": [1, 2, 6], "uv": [36, 0]},
						{"origin": [4, 24, -1], "size": [1, 2, 6], "uv": [36, 0]}
					]
				},
				{
					"name": "bipedRightArm",
					"pivot": [-4, 22, 0]
				},
				{
					"name": "armorRightArm",
					"parent": "bipedRightArm",
					"pivot": [-4, 22, 0]
				},
				{
					"name": "bipedLeftArm",
					"pivot": [4, 22, 0]
				},
				{
					"name": "armorLeftArm",
					"parent": "bipedLeftArm",
					"pivot": [4, 22, 0]
				},
				{
					"name": "bipedLeftLeg",
					"pivot": [-2, 12, 0]
				},
				{
					"name": "armorLeftLeg",
					"parent": "bipedLeftLeg",
					"pivot": [-2, 12, 0]
				},
				{
					"name": "armorLeftBoot",
					"parent": "bipedLeftLeg",
					"pivot": [-2, 12, 0]
				},
				{
					"name": "bipedRightLeg",
					"pivot": [2, 12, 0]
				},
				{
					"name": "armorRightLeg",
					"parent": "bipedRightLeg",
					"pivot": [2, 12, 0]
				},
				{
					"name": "armorRightBoot",
					"parent": "bipedRightLeg",
					"pivot": [2, 12, 0]
				}
			]
		}
	]
}