{
	"format_version": "1.12.0",
	"minecraft:geometry": [
		{
			"description": {
				"identifier": "geometry.unknown",
				"texture_width": 64,
				"texture_height": 64,
				"visible_bounds_width": 3,
				"visible_bounds_height": 5.5,
				"visible_bounds_offset": [0, 2.25, 0]
			},
			"bones": [
				{
					"name": "bipedHead",
					"pivot": [0, 24, 0]
				},
				{
					"name": "armorHead",
					"parent": "bipedHead",
					"pivot": [0, 24, 0]
				},
				{
					"name": "head",
					"parent": "armorHead",
					"pivot": [0, 28, 0],
					"cubes": [
						{
							"origin": [-4, 24, -4],
							"size": [8, 8, 8],
							"uv": {
								"north": {"uv": [8, 30], "uv_size": [8, 8]},
								"east": {"uv": [0, 30], "uv_size": [8, 8]},
								"south": {"uv": [0, 22], "uv_size": [8, 8]},
								"west": {"uv": [16, 30], "uv_size": [8, 8]},
								"up": {"uv": [8, 22], "uv_size": [8, 8]},
								"down": {"uv": [16, 30], "uv_size": [8, -8]}
							}
						}
					]
				},
				{
					"name": "goggles",
					"parent": "head",
					"pivot": [0, 24, 0]
				},
				{
					"name": "swim",
					"parent": "goggles",
					"pivot": [0, 26.53875, -3.6],
					"cubes": [
						{
							"origin": [-4, 26.18875, -4],
							"size": [8, 1, 8],
							"inflate": 0.6,
							"uv": {
								"north": {"uv": [33, 53], "uv_size": [8, 1]},
								"east": {"uv": [30, 53], "uv_size": [1, 1]},
								"south": {"uv": [23, 53], "uv_size": [8, 1]},
								"west": {"uv": [30, 53], "uv_size": [1, 1]}
							}
						},
						{
							"origin": [-4.25, 24.83875, -5.2],
							"size": [8.5, 3.4, 1.7],
							"uv": {
								"north": {"uv": [1, 49], "uv_size": [5, 2]},
								"east": {"uv": [0, 49], "uv_size": [1, 2]},
								"west": {"uv": [6, 49], "uv_size": [1, 2]},
								"up": {"uv": [1, 48], "uv_size": [5, 1]},
								"down": {"uv": [6, 49], "uv_size": [5, -1]}
							}
						},
						{
							"origin": [0.85, 26.53875, -3.5],
							"size": [-1.7, -1.7, -1.7],
							"uv": {
								"east": {"uv": [9, 51], "uv_size": [1, -1]},
								"west": {"uv": [9, 51], "uv_size": [1, -1]},
								"down": {"uv": [8, 50], "uv_size": [1, 1]}
							}
						}
					]
				},
				{
					"name": "straw",
					"parent": "swim",
					"pivot": [3.4, 28.23875, -2.125],
					"cubes": [
						{
							"origin": [0, 23.13875, -4.6],
							"size": [6.8, 1.7, 1.7],
							"uv": {
								"north": {"uv": [12, 50], "uv_size": [4, 1]},
								"east": {"uv": [11, 50], "uv_size": [1, 1]},
								"south": {"uv": [17, 50], "uv_size": [4, 1]},
								"west": {"uv": [16, 50], "uv_size": [1, 1]},
								"up": {"uv": [12, 49], "uv_size": [4, 1]},
								"down": {"uv": [16, 50], "uv_size": [4, -1]}
							}
						},
						{
							"origin": [5.1, 24.83875, -4.6],
							"size": [1.7, 6.8, 1.7],
							"uv": {
								"north": {"uv": [2, 53], "uv_size": [1, 4]},
								"east": {"uv": [1, 53], "uv_size": [1, 4]},
								"south": {"uv": [4, 53], "uv_size": [1, 4]},
								"west": {"uv": [3, 53], "uv_size": [1, 4]},
								"up": {"uv": [2, 52], "uv_size": [1, 1]},
								"down": {"uv": [3, 53], "uv_size": [1, -1]}
							}
						}
					]
				},
				{
					"name": "bubble",
					"parent": "swim",
					"pivot": [5.92069, 32.52224, -3.47488],
					"cubes": [
						{
							"origin": [5.1, 31.63875, -4.35],
							"size": [1.7, 1.7, 1.7],
							"uv": {
								"north": {"uv": [11, 53], "uv_size": [2, 2]},
								"east": {"uv": [13, 53], "uv_size": [2, 2]},
								"south": {"uv": [11, 53], "uv_size": [2, 2]},
								"west": {"uv": [15, 53], "uv_size": [-2, 2]},
								"up": {"uv": [9, 55], "uv_size": [-2, -2]},
								"down": {"uv": [11, 55], "uv_size": [-2, -2]}
							}
						}
					]
				},
				{
					"name": "bubble2",
					"parent": "swim",
					"pivot": [5.92069, 30.82224, -3.47488],
					"cubes": [
						{
							"origin": [4.2875, 29.97625, -4.3125],
							"size": [1.625, 1.625, 1.625],
							"inflate": 0.25,
							"uv": {
								"north": {"uv": [11, 53], "uv_size": [2, 2]},
								"east": {"uv": [13, 53], "uv_size": [2, 2]},
								"south": {"uv": [11, 53], "uv_size": [2, 2]},
								"west": {"uv": [15, 53], "uv_size": [-2, 2]},
								"up": {"uv": [9, 55], "uv_size": [-2, -2]},
								"down": {"uv": [11, 55], "uv_size": [-2, -2]}
							}
						}
					]
				},
				{
					"name": "bubble3",
					"parent": "swim",
					"pivot": [5.92069, 30.82224, -3.47488],
					"cubes": [
						{
							"origin": [6.025, 30.01375, -4.275],
							"size": [1.55, 1.55, 1.55],
							"inflate": 0.5,
							"uv": {
								"north": {"uv": [11, 53], "uv_size": [2, 2]},
								"east": {"uv": [13, 53], "uv_size": [2, 2]},
								"south": {"uv": [11, 53], "uv_size": [2, 2]},
								"west": {"uv": [15, 53], "uv_size": [-2, 2]},
								"up": {"uv": [9, 55], "uv_size": [-2, -2]},
								"down": {"uv": [11, 55], "uv_size": [-2, -2]}
							}
						}
					]
				},
				{
					"name": "fly",
					"parent": "goggles",
					"pivot": [0, 26.53875, -3.41667],
					"cubes": [
						{
							"origin": [-4, 26.18875, -4],
							"size": [8, 1, 8],
							"inflate": 0.6,
							"uv": {
								"north": {"uv": [23, 49], "uv_size": [8, 1]},
								"east": {"uv": [30, 49], "uv_size": [1, 1]},
								"south": {"uv": [23, 49], "uv_size": [8, 1]},
								"west": {"uv": [30, 49], "uv_size": [1, 1]}
							}
						},
						{
							"origin": [-4.25, 24.83875, -5.25],
							"size": [3.4, 3.4, 1.7],
							"uv": {
								"north": {"uv": [17, 52], "uv_size": [2, 2]},
								"east": {"uv": [19, 52], "uv_size": [1, 2]},
								"south": {"uv": [17, 52], "uv_size": [2, 2]},
								"west": {"uv": [19, 53], "uv_size": [1, 2]},
								"up": {"uv": [17, 55], "uv_size": [2, 1]},
								"down": {"uv": [18, 55], "uv_size": [2, -1]}
							}
						},
						{
							"origin": [0.85, 24.83875, -5.25],
							"size": [3.4, 3.4, 1.7],
							"uv": {
								"north": {"uv": [17, 52], "uv_size": [2, 2]},
								"east": {"uv": [19, 52], "uv_size": [1, 2]},
								"south": {"uv": [17, 52], "uv_size": [2, 2]},
								"west": {"uv": [19, 53], "uv_size": [1, 2]},
								"up": {"uv": [17, 55], "uv_size": [2, 1]},
								"down": {"uv": [18, 55], "uv_size": [2, -1]}
							}
						}
					]
				},
				{
					"name": "cap",
					"parent": "head",
					"pivot": [0, 28.14634, 2.23465],
					"rotation": [-2.5, 0, 0],
					"cubes": [
						{
							"origin": [-4, 28.70282, -4.40041],
							"size": [8, 3, 8],
							"inflate": 0.55,
							"uv": {
								"north": {"uv": [53, 9], "uv_size": [8, 3]},
								"east": {"uv": [23, 6], "uv_size": [8, 3]},
								"south": {"uv": [31, 6], "uv_size": [8, 3]},
								"west": {"uv": [31, 6], "uv_size": [-8, 3]},
								"up": {"uv": [53, 1], "uv_size": [8, 8]}
							}
						},
						{
							"origin": [-4, 28.95282, -4.40041],
							"size": [8, 3, 8],
							"inflate": 0.6,
							"uv": {
								"north": {"uv": [44, 9], "uv_size": [8, 3]},
								"south": {"uv": [55, 17], "uv_size": [8, 3]},
								"up": {"uv": [44, 1], "uv_size": [8, 8]}
							}
						},
						{
							"origin": [-4, 28.70282, 4.69959],
							"size": [8, -1, 3],
							"inflate": 0.55,
							"uv": {
								"east": {"uv": [12, 15], "uv_size": [1, -3]},
								"south": {"uv": [12, 15], "uv_size": [1, -3]},
								"west": {"uv": [12, 15], "uv_size": [1, -3]},
								"up": {"uv": [12, 12], "uv_size": [8, 3]},
								"down": {"uv": [21, 15], "uv_size": [-1, -3]}
							}
						},
						{
							"origin": [4, 31.70282, 3.59959],
							"size": [-8, -3, -8],
							"inflate": -0.55,
							"uv": {
								"north": {"uv": [19, 15], "uv_size": [1, -3]},
								"east": {"uv": [20, 15], "uv_size": [-1, -3]},
								"south": {"uv": [14, 18], "uv_size": [8, -3]},
								"west": {"uv": [19, 15], "uv_size": [1, -3]},
								"down": {"uv": [20, 13], "uv_size": [-1, 1]}
							}
						}
					]
				},
				{
					"name": "tuft",
					"parent": "cap",
					"pivot": [-1, 30.69191, -5.05065],
					"rotation": [-10, 0, 0],
					"cubes": [
						{
							"origin": [-0.5, 26.19191, -4.65065],
							"size": [4, 4, 0],
							"inflate": 0.5,
							"uv": {
								"north": {"uv": [58, 34], "uv_size": [4, 4]}
							}
						}
					]
				},
				{
					"name": "emotes",
					"parent": "head",
					"pivot": [3, 24, -3]
				},
				{
					"name": "shock",
					"parent": "emotes",
					"pivot": [3, 24, -3],
					"cubes": [
						{
							"origin": [-4, 24, -4],
							"size": [8, 8, 8],
							"inflate": 0.001,
							"uv": {
								"north": {"uv": [56, 39], "uv_size": [8, 8]}
							}
						}
					]
				},
				{
					"name": "derp",
					"parent": "emotes",
					"pivot": [0, 24, 0]
				},
				{
					"name": "derp_L",
					"parent": "derp",
					"pivot": [0, 24, 0],
					"cubes": [
						{
							"origin": [-4, 24, -4],
							"size": [8, 8, 8],
							"inflate": 0.001,
							"uv": {
								"north": {"uv": [24, 39], "uv_size": [8, 8]}
							}
						}
					]
				},
				{
					"name": "derp_M",
					"parent": "derp",
					"pivot": [0, 24, 0],
					"cubes": [
						{
							"origin": [-4, 24, -4],
							"size": [8, 8, 8],
							"inflate": 0.001,
							"uv": {
								"north": {"uv": [32, 39], "uv_size": [8, 8]}
							}
						}
					]
				},
				{
					"name": "derp_R",
					"parent": "derp",
					"pivot": [0, 24, 0],
					"cubes": [
						{
							"origin": [-4, 24, -4],
							"size": [8, 8, 8],
							"inflate": 0.001,
							"uv": {
								"north": {"uv": [40, 39], "uv_size": [8, 8]}
							}
						}
					]
				},
				{
					"name": "eyebrowraise",
					"parent": "emotes",
					"pivot": [0, 24, 0]
				},
				{
					"name": "ebraise_L",
					"parent": "eyebrowraise",
					"pivot": [0, 24, 0],
					"cubes": [
						{
							"origin": [-4, 24, -4],
							"size": [8, 8, 8],
							"inflate": 0.001,
							"uv": {
								"north": {"uv": [0, 39], "uv_size": [8, 8]}
							}
						}
					]
				},
				{
					"name": "ebraise_M",
					"parent": "eyebrowraise",
					"pivot": [0, 24, 0],
					"cubes": [
						{
							"origin": [-4, 24, -4],
							"size": [8, 8, 8],
							"inflate": 0.001,
							"uv": {
								"north": {"uv": [8, 39], "uv_size": [8, 8]}
							}
						}
					]
				},
				{
					"name": "ebraise_R",
					"parent": "eyebrowraise",
					"pivot": [0, 24, 0],
					"cubes": [
						{
							"origin": [-4, 24, -4],
							"size": [8, 8, 8],
							"inflate": 0.001,
							"uv": {
								"north": {"uv": [16, 39], "uv_size": [8, 8]}
							}
						}
					]
				},
				{
					"name": "blink",
					"parent": "head",
					"pivot": [3, 24, -3],
					"cubes": [
						{
							"origin": [-4, 24, -4],
							"size": [8, 8, 8],
							"inflate": 0.0275,
							"uv": {
								"north": {"uv": [48, 39], "uv_size": [8, 8]}
							}
						}
					]
				},
				{
					"name": "hair",
					"parent": "head",
					"pivot": [3, 24, -3],
					"cubes": [
						{
							"origin": [-4, 24, -4],
							"size": [8, 8, 8],
							"inflate": 0.5,
							"uv": {
								"north": {"uv": [33, 21], "uv_size": [8, 8]},
								"east": {"uv": [25, 21], "uv_size": [8, 8]},
								"south": {"uv": [49, 21], "uv_size": [8, 8]},
								"west": {"uv": [41, 21], "uv_size": [8, 8]},
								"down": {"uv": [23, 20], "uv_size": [8, -8]}
							}
						},
						{
							"origin": [4, 32, 4],
							"size": [-8, -8, -8],
							"inflate": -0.5,
							"uv": {
								"north": {"uv": [49, 38], "uv_size": [8, -8]},
								"east": {"uv": [41, 38], "uv_size": [8, -8]},
								"south": {"uv": [33, 38], "uv_size": [8, -8]},
								"west": {"uv": [25, 38], "uv_size": [8, -8]},
								"up": {"uv": [40, 20], "uv_size": [-8, -8]}
							}
						}
					]
				},
				{
					"name": "bipedBody",
					"pivot": [0, 24, 0]
				},
				{
					"name": "armorBody",
					"parent": "bipedBody",
					"pivot": [0, 24, 0]
				},
				{
					"name": "bodycoat",
					"parent": "armorBody",
					"pivot": [0.5, 18, 2],
					"cubes": [
						{
							"origin": [-4.5, 16.75, -2.55],
							"size": [9, 2, 2.5],
							"inflate": 0.25,
							"uv": {
								"north": {"uv": [4, 5], "uv_size": [9, 2]},
								"east": {"uv": [2, 5], "uv_size": [2, 6]},
								"west": {"uv": [4, 5], "uv_size": [-2, 6]}
							}
						},
						{
							"origin": [4.5, 18.75, -0.05],
							"size": [-9, -2, -2.5],
							"inflate": -0.25,
							"uv": {
								"east": {"uv": [4, 11], "uv_size": [-2, -6]},
								"south": {"uv": [4, 7], "uv_size": [9, -2]},
								"west": {"uv": [2, 11], "uv_size": [2, -6]}
							}
						}
					]
				},
				{
					"name": "back",
					"parent": "bodycoat",
					"pivot": [0.5, 18, 2],
					"cubes": [
						{
							"origin": [-5.5, 18, 1],
							"size": [11, 5, 2],
							"pivot": [0.5, 18, 2],
							"rotation": [-22.5, 0, 0],
							"uv": {
								"north": {"uv": [2, 16], "uv_size": [11, 5]},
								"east": {"uv": [0, 16], "uv_size": [2, 5]},
								"south": {"uv": [2, 16], "uv_size": [11, 5]},
								"west": {"uv": [2, 16], "uv_size": [-2, 5]},
								"up": {"uv": [0, 14], "uv_size": [11, 2]},
								"down": {"uv": [0, 14], "uv_size": [11, -2]}
							}
						}
					]
				},
				{
					"name": "boob",
					"parent": "armorBody",
					"pivot": [-4.3, 23.01751, -2.01323],
					"cubes": [
						{
							"origin": [-4, 19.633, -4.83392],
							"size": [8, 3, 3],
							"inflate": 0.3,
							"pivot": [0, 22.633, -1.83392],
							"rotation": [70, 0, 0],
							"uv": {
								"north": {"uv": [35, 3], "uv_size": [8, 2]},
								"east": {"uv": [42, 6], "uv_size": [-3, 3]},
								"west": {"uv": [42, 6], "uv_size": [-3, 3]},
								"up": {"uv": [35, 0], "uv_size": [8, 5]}
							}
						},
						{
							"origin": [-2, 19.925, -3.625],
							"size": [4, 3, 1],
							"inflate": -0.125,
							"pivot": [-1, 19.1, -4.4],
							"rotation": [-20, 0, 0],
							"uv": {
								"north": {"uv": [0, 58], "uv_size": [5, 5]}
							}
						}
					]
				},
				{
					"name": "coat",
					"parent": "armorBody",
					"pivot": [0, 19, -1.5],
					"cubes": [
						{
							"origin": [4.5, 18.75, 2.45],
							"size": [-9, -6, -4],
							"inflate": -0.25,
							"uv": {
								"north": {"uv": [13, 11], "uv_size": [9, -6]},
								"east": {"uv": [4, 11], "uv_size": [-4, -6]},
								"south": {"uv": [4, 11], "uv_size": [9, -6]},
								"west": {"uv": [0, 11], "uv_size": [4, -6]}
							}
						},
						{
							"origin": [4.5, 17.575, 2.525],
							"size": [-9, -5, -4],
							"inflate": -0.175,
							"uv": {
								"north": {"uv": [26, 0], "uv_size": [9, 5]},
								"east": {"uv": [26, 0], "uv_size": [-4, 5]},
								"west": {"uv": [22, 0], "uv_size": [4, 5]}
							}
						},
						{
							"origin": [-4.5, 12.75, -1.55],
							"size": [9, 6, 4],
							"inflate": 0.25,
							"uv": {
								"north": {"uv": [4, 5], "uv_size": [9, 6]},
								"east": {"uv": [0, 5], "uv_size": [4, 6]},
								"south": {"uv": [13, 5], "uv_size": [9, 6]},
								"west": {"uv": [4, 5], "uv_size": [-4, 6]}
							}
						}
					]
				},
				{
					"name": "bottomcoat",
					"parent": "coat",
					"pivot": [-4.775, 12.525, -1.8],
					"cubes": [
						{
							"origin": [-4.5, 7.25, -1.525],
							"size": [9, 5, 4],
							"inflate": 0.275,
							"uv": {
								"east": {"uv": [41, 15], "uv_size": [4, 5]},
								"south": {"uv": [45, 15], "uv_size": [9, 5]},
								"west": {"uv": [45, 15], "uv_size": [-4, 5]}
							}
						},
						{
							"origin": [4.5, 12.25, 2.475],
							"size": [-9, -5, -4],
							"inflate": -0.225,
							"uv": {
								"north": {"uv": [45, 20], "uv_size": [9, -5]},
								"east": {"uv": [45, 20], "uv_size": [-4, -5]},
								"west": {"uv": [41, 20], "uv_size": [4, -5]}
							}
						},
						{
							"origin": [4.5, 12.25, 2.475],
							"size": [-9, -5, -4],
							"inflate": -0.175,
							"uv": {
								"north": {"uv": [26, 5], "uv_size": [9, -5]},
								"east": {"uv": [26, 5], "uv_size": [-4, -5]},
								"west": {"uv": [22, 5], "uv_size": [4, -5]}
							}
						}
					]
				},
				{
					"name": "bipedRightArm",
					"pivot": [-4, 22, 0]
				},
				{
					"name": "armorRightArm",
					"parent": "bipedRightArm",
					"pivot": [-4, 22, 0]
				},
				{
					"name": "coatR",
					"parent": "armorRightArm",
					"pivot": [-4, 22, 0],
					"cubes": [
						{
							"origin": [-7, 15.25, -2],
							"size": [3, 4, 4],
							"inflate": 0.4,
							"uv": {
								"north": {"uv": [0, 0], "uv_size": [3, 4]},
								"east": {"uv": [3, 0], "uv_size": [4, 4]},
								"south": {"uv": [10, 0], "uv_size": [-3, 4]},
								"west": {"uv": [7, 0], "uv_size": [-4, 4]},
								"down": {"uv": [10, 4], "uv_size": [3, -4]}
							}
						},
						{
							"origin": [-7.3, 17.85, -0.5],
							"size": [4, 2, 3],
							"inflate": 0.25,
							"uv": {
								"east": {"uv": [14, 1], "uv_size": [3, 2]},
								"south": {"uv": [17, 1], "uv_size": [4, 2]}
							}
						},
						{
							"origin": [-7, 13.5, -2],
							"size": [3, 2, 4],
							"inflate": 0.1,
							"uv": {
								"north": {"uv": [14, 3], "uv_size": [3, 2]},
								"east": {"uv": [17, 3], "uv_size": [4, 2]},
								"south": {"uv": [17, 3], "uv_size": [-3, 2]},
								"west": {"uv": [21, 3], "uv_size": [-4, 2]}
							}
						},
						{
							"origin": [-3.3, 19.85, 2.5],
							"size": [-4, -2, -3],
							"inflate": -0.25,
							"uv": {
								"north": {"uv": [17, 3], "uv_size": [4, -2]},
								"west": {"uv": [14, 3], "uv_size": [3, -2]}
							}
						}
					]
				},
				{
					"name": "bipedLeftArm",
					"pivot": [4, 22, 0]
				},
				{
					"name": "armorLeftArm",
					"parent": "bipedLeftArm",
					"pivot": [4, 22, 0]
				},
				{
					"name": "coatL",
					"parent": "armorLeftArm",
					"pivot": [4, 22, 0],
					"cubes": [
						{
							"origin": [4, 15.25, -2],
							"size": [3, 4, 4],
							"inflate": 0.4,
							"uv": {
								"north": {"uv": [3, 0], "uv_size": [-3, 4]},
								"east": {"uv": [3, 0], "uv_size": [4, 4]},
								"south": {"uv": [7, 0], "uv_size": [3, 4]},
								"west": {"uv": [7, 0], "uv_size": [-4, 4]},
								"down": {"uv": [13, 4], "uv_size": [-3, -4]}
							}
						},
						{
							"origin": [7.3, 19.85, 2.5],
							"size": [-4, -2, -3],
							"inflate": -0.25,
							"uv": {
								"north": {"uv": [21, 3], "uv_size": [-4, -2]},
								"east": {"uv": [17, 3], "uv_size": [-3, -2]}
							}
						},
						{
							"origin": [3.3, 17.85, -0.5],
							"size": [4, 2, 3],
							"inflate": 0.25,
							"uv": {
								"south": {"uv": [21, 1], "uv_size": [-4, 2]},
								"west": {"uv": [17, 1], "uv_size": [-3, 2]}
							}
						},
						{
							"origin": [4, 13.5, -2],
							"size": [3, 2, 4],
							"inflate": 0.1,
							"uv": {
								"north": {"uv": [17, 3], "uv_size": [-3, 2]},
								"east": {"uv": [17, 3], "uv_size": [4, 2]},
								"south": {"uv": [14, 3], "uv_size": [3, 2]},
								"west": {"uv": [21, 3], "uv_size": [-4, 2]}
							}
						}
					]
				},
				{
					"name": "bipedLeftLeg",
					"pivot": [4, 22, 0]
				},
				{
					"name": "armorLeftLeg",
					"parent": "bipedLeftLeg",
					"pivot": [2, 12, 0]
				},
				{
					"name": "armorLeftBoot",
					"parent": "bipedLeftLeg",
					"pivot": [2, 12, 0]
				},
				{
					"name": "bipedRightLeg",
					"pivot": [-4, 22, 0]
				},
				{
					"name": "armorRightLeg",
					"parent": "bipedRightLeg",
					"pivot": [-2, 12, 0]
				},
				{
					"name": "armorRightBoot",
					"parent": "bipedRightLeg",
					"pivot": [-2, 12, 0]
				}
			]
		}
	]
}