{
	"format_version": "1.12.0",
	"minecraft:geometry": [
		{
			"description": {
				"identifier": "geometry.unknown",
				"texture_width": 128,
				"texture_height": 128,
				"visible_bounds_width": 2,
				"visible_bounds_height": 3.5,
				"visible_bounds_offset": [0, 1.25, 0]
			},
			"bones": [
				{
					"name": "bipedHead",
					"pivot": [0, 24, 0]
				},
				{
					"name": "armorHead",
					"parent": "bipedHead",
					"pivot": [0, 24, 0]
				},
				{
					"name": "bone2",
					"parent": "armorHead",
					"pivot": [0, 24, 0],
					"cubes": [
						{"origin": [-5, 28.75, -5], "size": [10, 4, 10], "uv": [0, 62]},
						{"origin": [-5, 28.75, -9], "size": [10, 1, 4], "uv": [40, 70]},
						{"origin": [-4, 30, 5], "size": [1, 1, 0], "uv": [4, 16]}
					]
				},
				{
					"name": "bone13",
					"parent": "bone2",
					"pivot": [-4.03558, 32.00451, 1.09253],
					"cubes": [
						{"origin": [0, 32, 0], "size": [2, 4, 0], "pivot": [2, 25, 1], "rotation": [0, 47.5, -27.5], "uv": [6, 6]},
						{"origin": [-1, 32, 3], "size": [2, 4, 0], "pivot": [2, 25, 1], "rotation": [0, -42.5, -27.5], "uv": [0, 14]}
					]
				},
				{
					"name": "bone12",
					"parent": "bone2",
					"pivot": [4.7975, 32.43033, 1.09253],
					"cubes": [
						{"origin": [-2, 31, 3], "size": [2, 4, 0], "pivot": [1, 24, 1], "rotation": [0, -42.5, 37.5], "uv": [0, 14]},
						{"origin": [-1, 31, 0], "size": [2, 4, 0], "pivot": [1, 24, 1], "rotation": [0, 47.5, 37.5], "uv": [6, 6]}
					]
				},
				{
					"name": "bone3",
					"parent": "bone2",
					"pivot": [0, 24, 0],
					"cubes": [
						{"origin": [1, 24, -6], "size": [4, 4, 2], "pivot": [0, 24, 0], "rotation": [-11.45696, -13.31791, -48.65802], "uv": [32, 42]},
						{"origin": [1, 23, -7], "size": [0, 0, 1], "pivot": [0, 24, 0], "rotation": [-11.45696, -13.31791, -48.65802], "uv": [0, 0]}
					]
				},
				{
					"name": "bone4",
					"parent": "bone2",
					"pivot": [0, 25, -1],
					"rotation": [11.19038, 64.63967, 6.12849],
					"cubes": [
						{"origin": [0, 22, -6], "size": [2, 10, 0], "pivot": [-3, 25, -5], "rotation": [-12.61815, 10.02213, -8.7739], "uv": [50, 53]},
						{"origin": [-2, 22, -10], "size": [2, 10, 0], "pivot": [-3, 25, -5], "rotation": [-22.14723, -55.20615, 11.93918], "uv": [53, 26]}
					]
				},
				{
					"name": "bone5",
					"parent": "bone2",
					"pivot": [4, 25, -1],
					"rotation": [4.77279, 2.55387, -3.79385],
					"cubes": [
						{"origin": [2, 22, -5], "size": [3, 10, 0], "pivot": [0, 25, -4], "rotation": [-9.25268, -2.71859, -3.85854], "uv": [0, 0]},
						{"origin": [1, 22, -9], "size": [2, 10, 0], "pivot": [0, 25, -4], "rotation": [-25.71739, -68.2769, 19.80426], "uv": [46, 53]}
					]
				},
				{
					"name": "bone6",
					"parent": "bone2",
					"pivot": [-3.90358, 24.0119, 6.36327]
				},
				{
					"name": "bone7",
					"parent": "bone2",
					"pivot": [3.93666, 24.24469, 5.80477]
				},
				{
					"name": "bipedBody",
					"pivot": [0, 24, 0]
				},
				{
					"name": "bipedRightArm",
					"pivot": [-4, 22, 0]
				},
				{
					"name": "armorRightArm",
					"parent": "bipedRightArm",
					"pivot": [-4, 22, 0]
				},
				{
					"name": "bipedLeftArm",
					"pivot": [4, 22, 0]
				},
				{
					"name": "armorLeftArm",
					"parent": "bipedLeftArm",
					"pivot": [4, 22, 0]
				},
				{
					"name": "bipedLeftLeg",
					"pivot": [2, 12, 0]
				},
				{
					"name": "armorLeftLeg",
					"parent": "bipedLeftLeg",
					"pivot": [2, 12, 0]
				},
				{
					"name": "armorLeftBoot",
					"parent": "bipedLeftLeg",
					"pivot": [2, 12, 0]
				},
				{
					"name": "bipedRightLeg",
					"pivot": [-2, 12, 0]
				},
				{
					"name": "armorRightLeg",
					"parent": "bipedRightLeg",
					"pivot": [-2, 12, 0]
				},
				{
					"name": "armorRightBoot",
					"parent": "bipedRightLeg",
					"pivot": [-2, 12, 0]
				}
			]
		}
	]
}