{
	"format_version": "1.12.0",
	"minecraft:geometry": [
		{
			"description": {
				"identifier": "geometry.unknown",
				"texture_width": 64,
				"texture_height": 64,
				"visible_bounds_width": 5,
				"visible_bounds_height": 3.5,
				"visible_bounds_offset": [0, 1.25, 0]
			},
			"bones": [
				{
					"name": "bipedHead",
					"pivot": [0, 24, 0]
				},
				{
					"name": "armorHead",
					"parent": "bipedHead",
					"pivot": [0, 24, 0]
				},
				{
					"name": "bone",
					"parent": "armorHead",
					"pivot": [2.42337, 34.75, -0.42639],
					"cubes": [
						{"origin": [1, 32, -1.5], "size": [1, 2, 1], "uv": [40, 33]},
						{"origin": [1.10985, 32, -1.04152], "size": [1, 2, 1], "pivot": [2.42337, 34.75, -0.42639], "rotation": [0, 20, 0], "uv": [12, 40]},
						{"origin": [2.10985, 32, -1.04152], "size": [1, 1, 1], "pivot": [2.42337, 34.75, -0.42639], "rotation": [0, 20, 0], "uv": [42, 41]},
						{"origin": [2.26444, 33, -0.53455], "size": [1, 1, 1], "pivot": [2.76444, 33.5, -0.03455], "rotation": [63.62029, 32.52418, 74.10863], "uv": [42, 23]},
						{"origin": [1.99221, 33, -1.13446], "size": [1, 1, 1], "pivot": [2.49221, 33.5, -0.63446], "rotation": [-48.31727, 39.8173, 6.51543], "uv": [42, 36]},
						{"origin": [1.88822, 32, -1.56821], "size": [1, 1, 1], "pivot": [2.38822, 32.5, -1.06821], "rotation": [-18.89512, 27.80866, 43.65196], "uv": [39, 42]},
						{"origin": [3.21062, 33.19083, -0.31525], "size": [1, 1, 1], "pivot": [2.51062, 33.69083, -0.31525], "rotation": [-53.98931, -7.01401, 49.3802], "uv": [42, 38]},
						{"origin": [1.06895, 32, -0.6778], "size": [1, 2, 1], "pivot": [2.42337, 34.75, -0.42639], "rotation": [0, 45, 0], "uv": [40, 3]},
						{"origin": [0.88896, 32, -0.41341], "size": [1, 2, 1], "pivot": [2.42337, 34.75, -0.42639], "rotation": [0, 72.5, 0], "uv": [39, 6]},
						{"origin": [0.63387, 32, -0.05844], "size": [1, 2, 1], "pivot": [2.42337, 34.75, -0.42639], "rotation": [0, 92.5, 0], "uv": [36, 38]},
						{"origin": [0.6369, 32, -1.62749], "size": [1, 2, 1], "pivot": [2.42337, 34.75, -0.42639], "rotation": [0, -30, 0], "uv": [16, 40]}
					]
				},
				{
					"name": "bone2",
					"parent": "bone",
					"pivot": [2.42337, 34.75, -0.42639],
					"cubes": [
						{"origin": [1, 33.75, -1.5], "size": [1, 2, 1], "uv": [40, 30]},
						{"origin": [1.10985, 33.75, -1.04152], "size": [1, 2, 1], "pivot": [2.42337, 34.75, -0.42639], "rotation": [0, 20, 0], "uv": [40, 9]},
						{"origin": [1.69221, 33, -1.88446], "size": [1, 1, 1], "pivot": [2.49221, 33.5, -0.63446], "rotation": [-41.24495, 61.92481, 50.88493], "uv": [4, 42]},
						{"origin": [2.66586, 35.43821, -1.48902], "size": [1, 1, 1], "pivot": [2.56586, 35.23821, -0.98902], "rotation": [-100.14843, 3.39177, 53.9521], "uv": [0, 42]},
						{"origin": [1.85515, 34.75551, -0.97752], "size": [1, 1, 1], "pivot": [2.25515, 35.45551, -0.27752], "rotation": [-65.89785, -7.10467, 76.68594], "uv": [36, 41]},
						{"origin": [1.06895, 33.75, -0.6778], "size": [1, 2, 1], "pivot": [2.42337, 34.75, -0.42639], "rotation": [0, 45, 0], "uv": [40, 0]},
						{"origin": [0.88896, 33.75, -0.41341], "size": [1, 2, 1], "pivot": [2.42337, 34.75, -0.42639], "rotation": [0, 72.5, 0], "uv": [4, 39]},
						{"origin": [0.63387, 33.75, -0.05844], "size": [1, 2, 1], "pivot": [2.42337, 34.75, -0.42639], "rotation": [0, 92.5, 0], "uv": [32, 38]},
						{"origin": [0.6369, 33.75, -1.62749], "size": [1, 2, 1], "pivot": [2.42337, 34.75, -0.42639], "rotation": [0, -30, 0], "uv": [40, 15]}
					]
				},
				{
					"name": "bone3",
					"parent": "bone2",
					"pivot": [1.87517, 35.5, -0.37304],
					"cubes": [
						{"origin": [1, 35.5, -1.5], "size": [1, 2, 1], "uv": [20, 40]},
						{"origin": [1.10985, 35.5, -1.04152], "size": [1, 2, 1], "pivot": [2.42337, 34.75, -0.42639], "rotation": [0, 20, 0], "uv": [8, 40]},
						{"origin": [1.06895, 35.5, -0.6778], "size": [1, 2, 1], "pivot": [2.42337, 34.75, -0.42639], "rotation": [0, 45, 0], "uv": [39, 27]},
						{"origin": [0.88896, 35.5, -0.41341], "size": [1, 2, 1], "pivot": [2.42337, 34.75, -0.42639], "rotation": [0, 72.5, 0], "uv": [0, 39]},
						{"origin": [0.6369, 35.5, -1.62749], "size": [1, 2, 1], "pivot": [2.42337, 34.75, -0.42639], "rotation": [0, -30, 0], "uv": [40, 12]}
					]
				},
				{
					"name": "bone4",
					"parent": "bone3",
					"pivot": [1.70484, 36.91667, -0.30093],
					"cubes": [
						{"origin": [1.06895, 37.25, -0.6778], "size": [1, 1, 1], "pivot": [2.42337, 36.5, -0.42639], "rotation": [0, 45, 0], "uv": [43, 2]},
						{"origin": [1.10985, 37.25, -1.04152], "size": [1, 2, 1], "pivot": [2.42337, 36.5, -0.42639], "rotation": [0, 20, 0], "uv": [28, 38]},
						{"origin": [1, 37.25, -1.5], "size": [1, 1, 1], "uv": [43, 5]}
					]
				},
				{
					"name": "bone5",
					"parent": "armorHead",
					"pivot": [-2.42337, 34.75, -0.42639],
					"cubes": [
						{"origin": [-2, 32, -1.5], "size": [1, 2, 1], "uv": [24, 38]},
						{"origin": [-2.10985, 32, -1.04152], "size": [1, 2, 1], "pivot": [-2.42337, 34.75, -0.42639], "rotation": [0, -20, 0], "uv": [38, 19]},
						{"origin": [-3.10985, 32, -1.04152], "size": [1, 1, 1], "pivot": [-2.42337, 34.75, -0.42639], "rotation": [0, -20, 0], "uv": [32, 41]},
						{"origin": [-3.26444, 33, -0.53455], "size": [1, 1, 1], "pivot": [-2.76444, 33.5, -0.03455], "rotation": [63.62029, -32.52418, -74.10863], "uv": [28, 41]},
						{"origin": [-2.99221, 33, -1.13446], "size": [1, 1, 1], "pivot": [-2.49221, 33.5, -0.63446], "rotation": [-48.31727, -39.8173, -6.51543], "uv": [24, 41]},
						{"origin": [-2.88822, 32, -1.56821], "size": [1, 1, 1], "pivot": [-2.38822, 32.5, -1.06821], "rotation": [-18.89512, -27.80866, -43.65196], "uv": [41, 21]},
						{"origin": [-4.21062, 33.19083, -0.31525], "size": [1, 1, 1], "pivot": [-2.51062, 33.69083, -0.31525], "rotation": [-53.98931, 7.01401, -49.3802], "uv": [41, 18]},
						{"origin": [-2.06895, 32, -0.6778], "size": [1, 2, 1], "pivot": [-2.42337, 34.75, -0.42639], "rotation": [0, -45, 0], "uv": [20, 37]},
						{"origin": [-1.88896, 32, -0.41341], "size": [1, 2, 1], "pivot": [-2.42337, 34.75, -0.42639], "rotation": [0, -72.5, 0], "uv": [16, 37]},
						{"origin": [-1.63387, 32, -0.05844], "size": [1, 2, 1], "pivot": [-2.42337, 34.75, -0.42639], "rotation": [0, -92.5, 0], "uv": [12, 37]},
						{"origin": [-1.6369, 32, -1.62749], "size": [1, 2, 1], "pivot": [-2.42337, 34.75, -0.42639], "rotation": [0, 30, 0], "uv": [8, 37]}
					]
				},
				{
					"name": "bone6",
					"parent": "bone5",
					"pivot": [-2.42337, 34.75, -0.42639],
					"cubes": [
						{"origin": [-2, 33.75, -1.5], "size": [1, 2, 1], "uv": [36, 35]},
						{"origin": [-2.10985, 33.75, -1.04152], "size": [1, 2, 1], "pivot": [-2.42337, 34.75, -0.42639], "rotation": [0, -20, 0], "uv": [36, 32]},
						{"origin": [-2.69221, 33, -1.88446], "size": [1, 1, 1], "pivot": [-2.49221, 33.5, -0.63446], "rotation": [-41.24495, -61.92481, -50.88493], "uv": [39, 40]},
						{"origin": [-3.66586, 35.43821, -1.48902], "size": [1, 1, 1], "pivot": [-2.56586, 35.23821, -0.98902], "rotation": [-100.14843, -3.39177, -53.9521], "uv": [40, 25]},
						{"origin": [-2.85515, 34.75551, -0.97752], "size": [1, 1, 1], "pivot": [-2.25515, 35.45551, -0.27752], "rotation": [-65.89785, 7.10467, -76.68594], "uv": [39, 37]},
						{"origin": [-2.06895, 33.75, -0.6778], "size": [1, 2, 1], "pivot": [-2.42337, 34.75, -0.42639], "rotation": [0, -45, 0], "uv": [36, 4]},
						{"origin": [-1.88896, 33.75, -0.41341], "size": [1, 2, 1], "pivot": [-2.42337, 34.75, -0.42639], "rotation": [0, -72.5, 0], "uv": [32, 35]},
						{"origin": [-1.63387, 33.75, -0.05844], "size": [1, 2, 1], "pivot": [-2.42337, 34.75, -0.42639], "rotation": [0, -92.5, 0], "uv": [0, 9]},
						{"origin": [-1.6369, 33.75, -1.62749], "size": [1, 2, 1], "pivot": [-2.42337, 34.75, -0.42639], "rotation": [0, 30, 0], "uv": [0, 0]}
					]
				},
				{
					"name": "bone7",
					"parent": "bone6",
					"pivot": [-1.87517, 35.5, -0.37304],
					"cubes": [
						{"origin": [-2, 35.5, -1.5], "size": [1, 2, 1], "uv": [32, 32]},
						{"origin": [-2.10985, 35.5, -1.04152], "size": [1, 2, 1], "pivot": [-2.42337, 34.75, -0.42639], "rotation": [0, -20, 0], "uv": [14, 21]},
						{"origin": [-2.06895, 35.5, -0.6778], "size": [1, 2, 1], "pivot": [-2.42337, 34.75, -0.42639], "rotation": [0, -45, 0], "uv": [0, 21]},
						{"origin": [-1.88896, 35.5, -0.41341], "size": [1, 2, 1], "pivot": [-2.42337, 34.75, -0.42639], "rotation": [0, -72.5, 0], "uv": [0, 15]},
						{"origin": [-1.6369, 35.5, -1.62749], "size": [1, 2, 1], "pivot": [-2.42337, 34.75, -0.42639], "rotation": [0, 30, 0], "uv": [0, 12]}
					]
				},
				{
					"name": "bone8",
					"parent": "bone7",
					"pivot": [-1.70484, 36.91667, -0.30093],
					"cubes": [
						{"origin": [-2.06895, 37.25, -0.6778], "size": [1, 1, 1], "pivot": [-2.42337, 36.5, -0.42639], "rotation": [0, -45, 0], "uv": [38, 22]},
						{"origin": [-2.10985, 37.25, -1.04152], "size": [1, 2, 1], "pivot": [-2.42337, 36.5, -0.42639], "rotation": [0, -20, 0], "uv": [0, 18]},
						{"origin": [-2, 37.25, -1.5], "size": [1, 1, 1], "uv": [30, 19]}
					]
				},
				{
					"name": "bipedBody",
					"pivot": [0, 24, 0]
				},
				{
					"name": "armorBody",
					"parent": "bipedBody",
					"pivot": [0, 24, 0]
				},
				{
					"name": "bone9",
					"parent": "armorBody",
					"pivot": [0, 13, 2],
					"cubes": [
						{"origin": [-1, 12, 1], "size": [2, 2, 2], "uv": [32, 0]}
					]
				},
				{
					"name": "bone10",
					"parent": "bone9",
					"pivot": [0, 13, 2.44548],
					"cubes": [
						{"origin": [-1.5, 11.5, 2.5], "size": [3, 3, 4], "uv": [10, 24]},
						{"origin": [-2.5, 14.5, 2.5], "size": [5, 0, 4], "pivot": [0, 14.5, 2.5], "rotation": [15, 0, 0], "uv": [10, 17]},
						{"origin": [-2.5, 11.5, 2.5], "size": [5, 0, 4], "pivot": [0, 11.5, 2.5], "rotation": [-15, 0, 0], "uv": [0, 17]},
						{"origin": [1.5, 10.5, 2.5], "size": [0, 5, 4], "pivot": [1.5, 13, 2.5], "rotation": [0, 15, 0], "uv": [32, 10]},
						{"origin": [-1.5, 10.5, 2.5], "size": [0, 5, 4], "pivot": [-1.5, 13, 2.5], "rotation": [0, -15, 0], "uv": [32, 5]}
					]
				},
				{
					"name": "bone11",
					"parent": "bone10",
					"pivot": [0, 13, 6.23631],
					"cubes": [
						{"origin": [-2.5, 10.5, 6.25], "size": [5, 5, 4], "uv": [0, 0]},
						{"origin": [-3, 15.5, 6.25], "size": [6, 0, 4], "pivot": [0, 15.5, 6.25], "rotation": [7.5, 0, 0], "uv": [0, 13]},
						{"origin": [-3, 10.5, 6.25], "size": [6, 0, 4], "pivot": [0, 10.5, 6.25], "rotation": [-7.5, 0, 0], "uv": [12, 9]},
						{"origin": [2.5, 10, 6.25], "size": [0, 6, 4], "pivot": [2.5, 13, 6.25], "rotation": [0, 7.5, 0], "uv": [16, 27]},
						{"origin": [-2.5, 10, 6.25], "size": [0, 6, 4], "pivot": [-2.5, 13, 6.25], "rotation": [0, -7.5, 0], "uv": [8, 27]}
					]
				},
				{
					"name": "bone12",
					"parent": "bone11",
					"pivot": [0, 13, 9.84228],
					"cubes": [
						{"origin": [-1.5, 10, 9.75], "size": [0, 6, 4], "pivot": [-1.5, 13, 17.75], "rotation": [0, 11, 0], "uv": [24, 26]},
						{"origin": [1.5, 10, 9.75], "size": [0, 6, 4], "pivot": [1.5, 13, 17.75], "rotation": [0, -11, 0], "uv": [0, 24]},
						{"origin": [-3, 14.5, 9.75], "size": [6, 0, 4], "pivot": [0, 14.5, 17.75], "rotation": [-11.5, 0, 0], "uv": [10, 0]},
						{"origin": [-3, 11.5, 9.75], "size": [6, 0, 4], "pivot": [0, 11.5, 17.75], "rotation": [11.5, 0, 0], "uv": [0, 9]},
						{"origin": [-1.5, 11.5, 9.75], "size": [3, 3, 4], "uv": [20, 17]}
					]
				},
				{
					"name": "bone13",
					"parent": "bone12",
					"pivot": [0, 13, 13.78076],
					"cubes": [
						{"origin": [-1.5, 11.5, 13.75], "size": [3, 3, 4], "uv": [0, 21]},
						{"origin": [-2.5, 14.5, 13.75], "size": [5, 0, 4], "pivot": [0, 14.5, 17.75], "rotation": [-11.5, 0, 0], "uv": [14, 4]},
						{"origin": [-2.5, 11.5, 13.75], "size": [5, 0, 4], "pivot": [0, 11.5, 17.75], "rotation": [11.5, 0, 0], "uv": [12, 13]},
						{"origin": [-1.5, 10.5, 13.75], "size": [0, 5, 4], "pivot": [-1.5, 13, 17.75], "rotation": [0, 11, 0], "uv": [0, 30]},
						{"origin": [1.5, 10.5, 13.75], "size": [0, 5, 4], "pivot": [1.5, 13, 17.75], "rotation": [0, -11, 0], "uv": [28, 0]}
					]
				},
				{
					"name": "bone14",
					"parent": "bone13",
					"pivot": [0, 13.00346, 17.76416],
					"cubes": [
						{"origin": [-1, 12, 17.75], "size": [2, 2, 4], "uv": [24, 24]},
						{"origin": [-1.5, 14, 17.75], "size": [3, 0, 4], "pivot": [0, 14, 21.75], "rotation": [-8, 0, 0], "uv": [22, 13]},
						{"origin": [-1.5, 12, 17.75], "size": [3, 0, 4], "pivot": [0, 12, 21.75], "rotation": [7.5, 0, 0], "uv": [22, 0]},
						{"origin": [-1, 11.5, 17.75], "size": [0, 3, 4], "pivot": [-1, 13, 21.75], "rotation": [0, 7.5, 0], "uv": [32, 21]},
						{"origin": [1, 11.5, 17.75], "size": [0, 3, 4], "pivot": [1, 13, 21.75], "rotation": [0, -7.5, 0], "uv": [20, 20]}
					]
				},
				{
					"name": "bone15",
					"parent": "bone14",
					"pivot": [0, 13, 21.76369],
					"cubes": [
						{"origin": [-0.5, 12.5, 21.75], "size": [1, 1, 4], "uv": [32, 20]},
						{"origin": [-1, 13.5, 21.75], "size": [2, 0, 4], "pivot": [0, 13.5, 25.75], "rotation": [-7.5, 0, 0], "uv": [24, 9]},
						{"origin": [-1, 12.5, 21.75], "size": [2, 0, 4], "pivot": [0, 12.5, 25.75], "rotation": [7.5, 0, 0], "uv": [6, 21]},
						{"origin": [0.5, 12, 21.75], "size": [0, 2, 4], "pivot": [0.5, 13, 25.75], "rotation": [0, -7.5, 0], "uv": [32, 26]},
						{"origin": [-0.5, 12, 21.75], "size": [0, 2, 4], "pivot": [-0.5, 13, 25.75], "rotation": [0, 7.5, 0], "uv": [24, 32]}
					]
				},
				{
					"name": "bipedRightArm",
					"pivot": [-4, 22, 0]
				},
				{
					"name": "armorRightArm",
					"parent": "bipedRightArm",
					"pivot": [-4, 22, 0]
				},
				{
					"name": "bipedLeftArm",
					"pivot": [4, 22, 0]
				},
				{
					"name": "armorLeftArm",
					"parent": "bipedLeftArm",
					"pivot": [4, 22, 0]
				},
				{
					"name": "bipedLeftLeg",
					"pivot": [2, 12, 0]
				},
				{
					"name": "armorLeftLeg",
					"parent": "bipedLeftLeg",
					"pivot": [2, 12, 0]
				},
				{
					"name": "armorLeftBoot",
					"parent": "bipedLeftLeg",
					"pivot": [2, 12, 0]
				},
				{
					"name": "bipedRightLeg",
					"pivot": [-2, 12, 0]
				},
				{
					"name": "armorRightLeg",
					"parent": "bipedRightLeg",
					"pivot": [-2, 12, 0]
				},
				{
					"name": "armorRightBoot",
					"parent": "bipedRightLeg",
					"pivot": [-2, 12, 0]
				}
			]
		}
	]
}