{
	"format_version": "1.8.0",
	"animations": {
		"idle": {
			"loop": true,
			"animation_length": 2,
			"bones": {
				"bone3": {
					"rotation": {
						"0.0": {
							"vector": [0, 0, -12.5]
						},
						"1.0": {
							"vector": [0, -12.5, -12.5]
						},
						"2.0": {
							"vector": [0, 0, -12.5],
							"easing": "easeInOutSine"
						}
					},
					"position": {
						"0.0": {
							"vector": [0, 0.4, 0]
						},
						"1.0": {
							"vector": [0, 0.4, 0.2]
						},
						"2.0": {
							"vector": [0, 0.4, 0],
							"easing": "easeInOutSine"
						}
					}
				},
				"bone6": {
					"rotation": {
						"0.0": {
							"vector": [0, 0, -17.5]
						},
						"2.0": {
							"vector": [0, 0, -17.5],
							"easing": "easeInOutSine"
						}
					}
				},
				"bone7": {
					"rotation": {
						"0.0": {
							"vector": [0, 0, 20]
						},
						"1.0": {
							"vector": [0, 17.5, 20]
						},
						"2.0": {
							"vector": [0, 0, 20],
							"easing": "easeInOutSine"
						}
					},
					"position": {
						"0.0": {
							"vector": [0, 0.4, 0]
						},
						"1.0": {
							"vector": [0, 0.4, 0.3]
						},
						"2.0": {
							"vector": [0, 0.4, 0],
							"easing": "easeInOutSine"
						}
					}
				},
				"bone8": {
					"rotation": {
						"0.0": {
							"vector": [0, 0, 20]
						},
						"2.0": {
							"vector": [0, 0, 20],
							"easing": "easeInOutSine"
						}
					}
				},
				"bone9": {
					"rotation": {
						"0.0": {
							"vector": [-12.5, 0, 0]
						},
						"1.0": {
							"vector": [10, 0, 0],
							"easing": "easeInOutSine"
						},
						"2.0": {
							"vector": [-12.5, 0, 0],
							"easing": "easeInOutSine"
						}
					}
				},
				"bone10": {
					"rotation": {
						"0.0": {
							"vector": [-15, 0, 0]
						},
						"1.0": {
							"vector": [17.5, 0, 0],
							"easing": "easeInOutSine"
						},
						"2.0": {
							"vector": [-15, 0, 0],
							"easing": "easeInOutSine"
						}
					}
				},
				"bone11": {
					"rotation": {
						"0.0": {
							"vector": [-15, 0, 0]
						},
						"1.0": {
							"vector": [30, 0, 0],
							"easing": "easeInOutSine"
						},
						"2.0": {
							"vector": [-15, 0, 0],
							"easing": "easeInOutSine"
						}
					}
				},
				"bone12": {
					"rotation": {
						"0.0": {
							"vector": [0, 0, 0]
						},
						"0.6667": {
							"vector": [27.5, 0, 0],
							"easing": "easeInOutSine"
						},
						"2.0": {
							"vector": [0, 0, 0],
							"easing": "easeInOutSine"
						}
					}
				},
				"bone13": {
					"rotation": {
						"0.0": {
							"vector": [0, 0, 0]
						},
						"0.5": {
							"vector": [0, -20, 0],
							"easing": "easeInOutSine"
						},
						"2.0": {
							"vector": [0, 0, 0],
							"easing": "easeInOutSine"
						}
					}
				},
				"bone14": {
					"rotation": {
						"0.0": {
							"vector": [0, 0, 0]
						},
						"1.25": {
							"vector": [-8.87221, 32.18826, -4.75346],
							"easing": "easeInOutSine"
						},
						"2.0": {
							"vector": [0, 0, 0],
							"easing": "easeInOutSine"
						}
					},
					"position": {
						"0.0": {
							"vector": [0, 0, 0]
						},
						"1.25": {
							"vector": [0, 0, 0.2],
							"easing": "easeInOutSine"
						},
						"2.0": {
							"vector": [0, 0, 0],
							"easing": "easeInOutSine"
						}
					}
				},
				"bone15": {
					"rotation": {
						"0.0": {
							"vector": [0, 0, 0]
						},
						"0.75": {
							"vector": [0, 22.5, 0],
							"easing": "easeInOutSine"
						},
						"2.0": {
							"vector": [0, 0, 0],
							"easing": "easeInOutSine"
						}
					},
					"position": {
						"0.0": {
							"vector": [0, 0, 0]
						},
						"0.75": {
							"vector": [0, 0, 0.4],
							"easing": "easeInOutSine"
						},
						"2.0": {
							"vector": [0, 0, 0],
							"easing": "easeInOutSine"
						}
					}
				},
				"bone16": {
					"rotation": {
						"0.0": {
							"vector": [0, 0, 0]
						},
						"1.375": {
							"vector": [0, -30, 0],
							"easing": "easeInOutSine"
						},
						"2.0": {
							"vector": [0, 0, 0],
							"easing": "easeInOutSine"
						}
					},
					"position": {
						"0.0": {
							"vector": [0, 0, 0]
						},
						"1.375": {
							"vector": [-0.1, 0, 0.4],
							"easing": "easeInOutSine"
						},
						"2.0": {
							"vector": [0, 0, 0],
							"easing": "easeInOutSine"
						}
					}
				},
				"bone17": {
					"rotation": {
						"0.0": {
							"vector": [0, 0, 0]
						},
						"0.25": {
							"vector": [0, -42.5, 0],
							"easing": "easeInOutSine"
						},
						"2.0": {
							"vector": [0, 0, 0],
							"easing": "easeInOutSine"
						}
					},
					"position": {
						"0.0": {
							"vector": [0, 0, 0]
						},
						"0.25": {
							"vector": [0, 0, 0.2],
							"easing": "easeInOutSine"
						},
						"2.0": {
							"vector": [0, 0, 0],
							"easing": "easeInOutSine"
						}
					}
				},
				"bone18": {
					"rotation": {
						"0.0": {
							"vector": [0, 0, 0]
						},
						"1.75": {
							"vector": [25, 0, 0],
							"easing": "easeInOutSine"
						},
						"2.0": {
							"vector": [0, 0, 0],
							"easing": "easeInOutSine"
						}
					},
					"position": {
						"0.0": {
							"vector": [0, 0, 0]
						},
						"1.75": {
							"vector": [0, 0, 0.3],
							"easing": "easeInOutSine"
						},
						"2.0": {
							"vector": [0, 0, 0],
							"easing": "easeInOutSine"
						}
					}
				},
				"bone19": {
					"rotation": {
						"0.0": {
							"vector": [0, 0, 0]
						},
						"0.8333": {
							"vector": [0, 32.5, 0],
							"easing": "easeInOutSine"
						},
						"2.0": {
							"vector": [0, 0, 0],
							"easing": "easeInOutSine"
						}
					},
					"position": {
						"0.0": {
							"vector": [0, 0, 0]
						},
						"0.8333": {
							"vector": [0.1, 0, 0.4],
							"easing": "easeInOutSine"
						},
						"2.0": {
							"vector": [0, 0, 0],
							"easing": "easeInOutSine"
						}
					}
				},
				"bone20": {
					"rotation": {
						"0.0": {
							"vector": [0, 27.5, 0]
						},
						"1.0": {
							"vector": [0, -32.5, 0]
						},
						"2.0": {
							"vector": [0, 27.5, 0]
						}
					}
				}
			}
		},
		"sneak": {
			"loop": true,
			"animation_length": 2,
			"bones": {
				"bone3": {
					"rotation": {
						"0.0": {
							"vector": [0, 0, -12.5]
						},
						"1.0": {
							"vector": [0, -12.5, -12.5]
						},
						"2.0": {
							"vector": [0, 0, -12.5],
							"easing": "easeInOutSine"
						}
					},
					"position": {
						"0.0": {
							"vector": [0, 0.4, 0]
						},
						"1.0": {
							"vector": [0, 0.4, 0.2]
						},
						"2.0": {
							"vector": [0, 0.4, 0],
							"easing": "easeInOutSine"
						}
					}
				},
				"bone6": {
					"rotation": {
						"0.0": {
							"vector": [0, 0, -17.5]
						},
						"2.0": {
							"vector": [0, 0, -17.5],
							"easing": "easeInOutSine"
						}
					}
				},
				"bone7": {
					"rotation": {
						"0.0": {
							"vector": [0, 0, 20]
						},
						"1.0": {
							"vector": [0, 17.5, 20]
						},
						"2.0": {
							"vector": [0, 0, 20],
							"easing": "easeInOutSine"
						}
					},
					"position": {
						"0.0": {
							"vector": [0, 0.4, 0]
						},
						"1.0": {
							"vector": [0, 0.4, 0.3]
						},
						"2.0": {
							"vector": [0, 0.4, 0],
							"easing": "easeInOutSine"
						}
					}
				},
				"bone8": {
					"rotation": {
						"0.0": {
							"vector": [0, 0, 20]
						},
						"2.0": {
							"vector": [0, 0, 20],
							"easing": "easeInOutSine"
						}
					}
				},
				"bone9": {
					"rotation": {
						"0.0": {
							"vector": [-12.5, 0, 0]
						},
						"1.0": {
							"vector": [10, 0, 0],
							"easing": "easeInOutSine"
						},
						"2.0": {
							"vector": [-12.5, 0, 0],
							"easing": "easeInOutSine"
						}
					}
				},
				"bone10": {
					"rotation": {
						"0.0": {
							"vector": [-15, 0, 0]
						},
						"1.0": {
							"vector": [17.5, 0, 0],
							"easing": "easeInOutSine"
						},
						"2.0": {
							"vector": [-15, 0, 0],
							"easing": "easeInOutSine"
						}
					}
				},
				"bone11": {
					"rotation": {
						"0.0": {
							"vector": [-15, 0, 0]
						},
						"1.0": {
							"vector": [30, 0, 0],
							"easing": "easeInOutSine"
						},
						"2.0": {
							"vector": [-15, 0, 0],
							"easing": "easeInOutSine"
						}
					}
				},
				"bone12": {
					"rotation": {
						"0.0": {
							"vector": [0, 0, 0]
						},
						"0.6667": {
							"vector": [27.5, 0, 0],
							"easing": "easeInOutSine"
						},
						"2.0": {
							"vector": [0, 0, 0],
							"easing": "easeInOutSine"
						}
					}
				},
				"bone13": {
					"rotation": {
						"0.0": {
							"vector": [0, 0, 0]
						},
						"0.5": {
							"vector": [0, -20, 0],
							"easing": "easeInOutSine"
						},
						"2.0": {
							"vector": [0, 0, 0],
							"easing": "easeInOutSine"
						}
					}
				},
				"bone14": {
					"rotation": {
						"0.0": {
							"vector": [0, 0, 0]
						},
						"1.25": {
							"vector": [-8.87221, 32.18826, -4.75346],
							"easing": "easeInOutSine"
						},
						"2.0": {
							"vector": [0, 0, 0],
							"easing": "easeInOutSine"
						}
					},
					"position": {
						"0.0": {
							"vector": [0, 0, 0]
						},
						"1.25": {
							"vector": [0, 0, 0.2],
							"easing": "easeInOutSine"
						},
						"2.0": {
							"vector": [0, 0, 0],
							"easing": "easeInOutSine"
						}
					}
				},
				"bone15": {
					"rotation": {
						"0.0": {
							"vector": [0, 0, 0]
						},
						"0.75": {
							"vector": [0, 22.5, 0],
							"easing": "easeInOutSine"
						},
						"2.0": {
							"vector": [0, 0, 0],
							"easing": "easeInOutSine"
						}
					},
					"position": {
						"0.0": {
							"vector": [0, 0, 0]
						},
						"0.75": {
							"vector": [0, 0, 0.4],
							"easing": "easeInOutSine"
						},
						"2.0": {
							"vector": [0, 0, 0],
							"easing": "easeInOutSine"
						}
					}
				},
				"bone16": {
					"rotation": {
						"0.0": {
							"vector": [0, 0, 0]
						},
						"1.375": {
							"vector": [0, -30, 0],
							"easing": "easeInOutSine"
						},
						"2.0": {
							"vector": [0, 0, 0],
							"easing": "easeInOutSine"
						}
					},
					"position": {
						"0.0": {
							"vector": [0, 0, 0]
						},
						"1.375": {
							"vector": [-0.1, 0, 0.4],
							"easing": "easeInOutSine"
						},
						"2.0": {
							"vector": [0, 0, 0],
							"easing": "easeInOutSine"
						}
					}
				},
				"bone17": {
					"rotation": {
						"0.0": {
							"vector": [0, 0, 0]
						},
						"0.25": {
							"vector": [0, -42.5, 0],
							"easing": "easeInOutSine"
						},
						"2.0": {
							"vector": [0, 0, 0],
							"easing": "easeInOutSine"
						}
					},
					"position": {
						"0.0": {
							"vector": [0, 0, 0]
						},
						"0.25": {
							"vector": [0, 0, 0.2],
							"easing": "easeInOutSine"
						},
						"2.0": {
							"vector": [0, 0, 0],
							"easing": "easeInOutSine"
						}
					}
				},
				"bone18": {
					"rotation": {
						"0.0": {
							"vector": [0, 0, 0]
						},
						"1.75": {
							"vector": [25, 0, 0],
							"easing": "easeInOutSine"
						},
						"2.0": {
							"vector": [0, 0, 0],
							"easing": "easeInOutSine"
						}
					},
					"position": {
						"0.0": {
							"vector": [0, 0, 0]
						},
						"1.75": {
							"vector": [0, 0, 0.3],
							"easing": "easeInOutSine"
						},
						"2.0": {
							"vector": [0, 0, 0],
							"easing": "easeInOutSine"
						}
					}
				},
				"bone19": {
					"rotation": {
						"0.0": {
							"vector": [0, 0, 0]
						},
						"0.8333": {
							"vector": [0, 32.5, 0],
							"easing": "easeInOutSine"
						},
						"2.0": {
							"vector": [0, 0, 0],
							"easing": "easeInOutSine"
						}
					},
					"position": {
						"0.0": {
							"vector": [0, 0, 0]
						},
						"0.8333": {
							"vector": [0.1, 0, 0.4],
							"easing": "easeInOutSine"
						},
						"2.0": {
							"vector": [0, 0, 0],
							"easing": "easeInOutSine"
						}
					}
				},
				"bone20": {
					"rotation": {
						"0.0": {
							"vector": [0, 27.5, 0]
						},
						"1.0": {
							"vector": [0, -32.5, 0]
						},
						"2.0": {
							"vector": [0, 27.5, 0]
						}
					},
					"position": {
						"vector": [0, -1, 0]
					}
				}
			}
		},
		"walk": {
			"loop": true,
			"animation_length": 0.5,
			"bones": {
				"bone4": {
					"rotation": {
						"0.0": {
							"vector": [0, 32.5, 0]
						},
						"0.25": {
							"vector": [12.2921, 30.32448, 23.34288],
							"easing": "easeOutSine"
						},
						"0.5": {
							"vector": [0, 32.5, 0],
							"easing": "easeInSine"
						}
					},
					"position": {
						"0.0": {
							"vector": [0.5, 0, 0.75]
						},
						"0.25": {
							"vector": [0.5, 0.5, 0.75],
							"easing": "easeOutSine"
						},
						"0.5": {
							"vector": [0.5, 0, 0.75],
							"easing": "easeInSine"
						}
					}
				},
				"bone5": {
					"rotation": {
						"0.0": {
							"vector": [0, -30, 0]
						},
						"0.25": {
							"vector": [12.45891, -27.51235, -25.56145],
							"easing": "easeOutSine"
						},
						"0.5": {
							"vector": [0, -30, 0],
							"easing": "easeInSine"
						}
					},
					"position": {
						"0.0": {
							"vector": [-0.5, 0, 1]
						},
						"0.25": {
							"vector": [-0.5, 0.75, 1],
							"easing": "easeOutSine"
						},
						"0.5": {
							"vector": [-0.5, 0, 1],
							"easing": "easeInSine"
						}
					}
				},
				"bone9": {
					"rotation": {
						"0.0": {
							"vector": [37.5, 0, 0]
						},
						"0.25": {
							"vector": [37.5, 0, 0],
							"easing": "easeOutSine"
						},
						"0.5": {
							"vector": [37.5, 0, 0],
							"easing": "easeInSine"
						}
					},
					"position": {
						"0.0": {
							"vector": [0, 0, 0.4]
						},
						"0.25": {
							"vector": [0, 0.25, 0.35],
							"easing": "easeOutSine"
						},
						"0.5": {
							"vector": [0, 0, 0.4],
							"easing": "easeInSine"
						}
					}
				},
				"bone10": {
					"rotation": {
						"0.0": {
							"vector": [12.5, 0, 0]
						},
						"0.25": {
							"vector": [32.5, 0, 0],
							"easing": "easeOutSine"
						},
						"0.5": {
							"vector": [12.5, 0, 0],
							"easing": "easeInSine"
						}
					},
					"position": {
						"0.0": {
							"vector": [0, 0, 0]
						},
						"0.25": {
							"vector": [0, 0, -0.3]
						},
						"0.5": {
							"vector": [0, 0, 0],
							"easing": "easeInSine"
						}
					}
				},
				"bone11": {
					"rotation": {
						"0.0": {
							"vector": [15, 0, 0]
						},
						"0.25": {
							"vector": [32.5, 0, 0],
							"easing": "easeOutSine"
						},
						"0.5": {
							"vector": [15, 0, 0],
							"easing": "easeInSine"
						}
					}
				},
				"bone12": {
					"rotation": {
						"0.0": {
							"vector": [20, 0, 0]
						},
						"0.25": {
							"vector": [37.5, 0, 0]
						},
						"0.5": {
							"vector": [20, 0, 0]
						}
					},
					"position": {
						"0.0": {
							"vector": [0, 0, -0.1]
						},
						"0.25": {
							"vector": [0, 0, -0.3]
						},
						"0.5": {
							"vector": [0, 0, -0.1]
						}
					}
				},
				"bone13": {
					"rotation": {
						"0.0": {
							"vector": [0, -30, 0]
						},
						"0.25": {
							"vector": [0, -47.5, 0]
						},
						"0.5": {
							"vector": [0, -30, 0]
						}
					},
					"position": {
						"0.0": {
							"vector": [0, 0, -0.2]
						},
						"0.25": {
							"vector": [0, 0, -0.5]
						},
						"0.5": {
							"vector": [0, 0, -0.2]
						}
					}
				},
				"bone14": {
					"rotation": {
						"0.0": {
							"vector": [0, 20, 0]
						},
						"0.25": {
							"vector": [0, 42.5, 0]
						},
						"0.5": {
							"vector": [0, 20, 0]
						}
					},
					"position": {
						"0.0": {
							"vector": [0, 0, 0.1]
						},
						"0.5": {
							"vector": [0, 0, 0.1]
						}
					}
				},
				"bone15": {
					"rotation": {
						"0.0": {
							"vector": [0, 20, 0]
						},
						"0.25": {
							"vector": [0, 40, 0]
						},
						"0.5": {
							"vector": [0, 20, 0]
						}
					},
					"position": {
						"0.0": {
							"vector": [0.1, 0, 0.4]
						},
						"0.25": {
							"vector": [0.2, 0, 0.6]
						},
						"0.5": {
							"vector": [0.1, 0, 0.4]
						}
					}
				},
				"bone16": {
					"rotation": {
						"0.0": {
							"vector": [0, -25, 0]
						},
						"0.25": {
							"vector": [0, -47.5, 0]
						},
						"0.5": {
							"vector": [0, -25, 0]
						}
					},
					"position": {
						"0.0": {
							"vector": [-0.1, 0, 0.4]
						},
						"0.25": {
							"vector": [-0.2, 0, 0.7]
						},
						"0.5": {
							"vector": [-0.1, 0, 0.4]
						}
					}
				},
				"bone17": {
					"rotation": {
						"0.0": {
							"vector": [0, -50, 0]
						},
						"0.25": {
							"vector": [0, -65, 0]
						},
						"0.5": {
							"vector": [0, -50, 0]
						}
					},
					"position": {
						"0.0": {
							"vector": [-0.1, 0, 0.4]
						},
						"0.5": {
							"vector": [-0.1, 0, 0.4]
						}
					}
				},
				"bone18": {
					"rotation": {
						"0.0": {
							"vector": [30, 0, 0]
						},
						"0.25": {
							"vector": [42.5, 0, 0]
						},
						"0.5": {
							"vector": [30, 0, 0]
						}
					},
					"position": {
						"0.0": {
							"vector": [0, 0.1, 0.3]
						},
						"0.5": {
							"vector": [0, 0.1, 0.3]
						}
					}
				},
				"bone19": {
					"rotation": {
						"0.0": {
							"vector": [0, 27.5, 0]
						},
						"0.25": {
							"vector": [0, 35, 0]
						},
						"0.5": {
							"vector": [0, 27.5, 0]
						}
					},
					"position": {
						"0.0": {
							"vector": [0, 0, 0]
						},
						"0.25": {
							"vector": [0, 0, -0.2]
						},
						"0.5": {
							"vector": [0, 0, 0]
						}
					}
				},
				"bone20": {
					"rotation": {
						"0.0": {
							"vector": [0, 0, 0]
						},
						"0.25": {
							"vector": [22.5, 0, 0]
						},
						"0.5": {
							"vector": [0, 0, 0]
						}
					}
				}
			}
		}
	},
	"geckolib_format_version": 2
}