{
	"format_version": "1.8.0",
	"animations": {
		"idle": {
			"loop": true,
			"animation_length": 2,
			"bones": {
				"bone13": {
					"rotation": {
						"0.0": {
							"vector": [33.69007, 25.65891, 16.10211]
						},
						"1.0": {
							"vector": [32.00206, -19.3546, -11.70092],
							"easing": "easeInSine"
						},
						"2.0": {
							"vector": [33.69007, 25.65891, 16.10211],
							"easing": "easeInSine"
						}
					}
				},
				"bone14": {
					"rotation": {
						"0.0": {
							"vector": [0, 12.5, 0]
						},
						"1.0": {
							"vector": [0, -10, 0],
							"easing": "easeInSine"
						},
						"2.0": {
							"vector": [0, 12.5, 0],
							"easing": "easeInSine"
						}
					}
				},
				"bone15": {
					"rotation": {
						"0.0": {
							"vector": [0, -10, 0]
						},
						"1.0": {
							"vector": [0, 17.5, 0],
							"easing": "easeInSine"
						},
						"2.0": {
							"vector": [0, -10, 0],
							"easing": "easeInSine"
						}
					}
				},
				"bone16": {
					"rotation": {
						"0.0": {
							"vector": [10, -15, 0]
						},
						"0.5": {
							"vector": [12.5, 12.5, 0],
							"easing": "easeOutSine"
						},
						"0.75": {
							"vector": [10, 12.5, 0]
						},
						"1.0": {
							"vector": [0, 12.5, 0],
							"easing": "easeInSine"
						},
						"1.5": {
							"vector": [15, -15, 0],
							"easing": "easeOutSine"
						},
						"2.0": {
							"vector": [10, -15, 0]
						}
					}
				},
				"bone17": {
					"rotation": {
						"0.0": {
							"vector": [10, -15, 0]
						},
						"0.5": {
							"vector": [10, 17.5, 0],
							"easing": "easeOutSine"
						},
						"1.0": {
							"vector": [15, 17.5, 0],
							"easing": "easeInSine"
						},
						"1.5": {
							"vector": [12.5, -15, 0],
							"easing": "easeOutSine"
						},
						"2.0": {
							"vector": [10, -15, 0]
						}
					}
				},
				"bone18": {
					"rotation": {
						"0.0": {
							"vector": [10, -15, 0]
						},
						"0.5": {
							"vector": [15, 7.5, 0],
							"easing": "easeOutSine"
						},
						"0.75": {
							"vector": [12.5, 7.5, 0]
						},
						"1.0": {
							"vector": [17.5, 7.5, 0],
							"easing": "easeInSine"
						},
						"1.5": {
							"vector": [10, -15, 0],
							"easing": "easeOutSine"
						},
						"2.0": {
							"vector": [10, -15, 0]
						}
					},
					"position": {
						"0.0": {
							"vector": [-0.1, 0, 0]
						},
						"1.5": {
							"vector": [-0.1, 0, 0],
							"easing": "easeOutSine"
						},
						"2.0": {
							"vector": [-0.1, 0, 0]
						}
					}
				},
				"bone19": {
					"rotation": {
						"0.0": {
							"vector": [7.5, -12.5, 0]
						},
						"0.5": {
							"vector": [10, 20, 0],
							"easing": "easeOutSine"
						},
						"0.75": {
							"vector": [15, 20, 0]
						},
						"1.0": {
							"vector": [12.5, 20, 0],
							"easing": "easeInSine"
						},
						"1.5": {
							"vector": [0, -12.5, 0],
							"easing": "easeOutSine"
						},
						"2.0": {
							"vector": [7.5, -12.5, 0]
						}
					}
				},
				"bone20": {
					"rotation": {
						"0.0": {
							"vector": [0, -15, 0]
						},
						"0.5": {
							"vector": [15, 12.5, 0],
							"easing": "easeOutSine"
						},
						"0.75": {
							"vector": [5, 12.5, 0]
						},
						"1.0": {
							"vector": [5, 12.5, 0],
							"easing": "easeInSine"
						},
						"1.5": {
							"vector": [22.5, -15, 0],
							"easing": "easeOutSine"
						},
						"2.0": {
							"vector": [0, -15, 0]
						}
					}
				},
				"bone22": {
					"rotation": {
						"0.0": {
							"vector": [10, 0, -2.5]
						},
						"1.0": {
							"vector": [19.85108, 1.72794, -12.35108],
							"easing": "easeInOutSine"
						},
						"2.0": {
							"vector": [10, 0, -2.5],
							"easing": "easeInOutSine"
						}
					},
					"position": {
						"0.0": {
							"vector": [0, 0, 0]
						},
						"1.0": {
							"vector": [-0.1, -0.2, -0.5],
							"easing": "easeInOutSine"
						},
						"2.0": {
							"vector": [0, 0, 0],
							"easing": "easeInOutSine"
						}
					}
				},
				"bone25": {
					"rotation": {
						"0.0": {
							"vector": [0, 0, 0]
						},
						"1.0": {
							"vector": [10, 0, 12.5],
							"easing": "easeInOutSine"
						},
						"2.0": {
							"vector": [0, 0, 0],
							"easing": "easeInOutSine"
						}
					},
					"position": {
						"0.0": {
							"vector": [0, 0, 0]
						},
						"1.0": {
							"vector": [0.2, 0, -0.4],
							"easing": "easeInOutSine"
						},
						"2.0": {
							"vector": [0, 0, 0],
							"easing": "easeInOutSine"
						}
					}
				},
				"bone27": {
					"rotation": {
						"0.0": {
							"vector": [-27.5, 0, 0]
						},
						"0.75": {
							"vector": [-26.94093, -5.73576, -11.12501],
							"easing": "easeInOutSine"
						},
						"1.0": {
							"vector": [-26.94093, -5.73576, -11.12501],
							"easing": "easeInSine"
						},
						"1.75": {
							"vector": [-27.5, 0, 0],
							"easing": "easeInOutSine"
						},
						"2.0": {
							"vector": [-27.5, 0, 0]
						}
					},
					"position": {
						"0.0": {
							"vector": [0, 0.2, -0.3]
						},
						"1.75": {
							"vector": [0, 0.2, -0.3],
							"easing": "easeInOutSine"
						},
						"2.0": {
							"vector": [0, 0.2, -0.3]
						}
					}
				},
				"bone28": {
					"rotation": {
						"0.0": {
							"vector": [-20, 0, 22.5]
						},
						"0.75": {
							"vector": [0, 0, -15],
							"easing": "easeInOutSine"
						},
						"1.0": {
							"vector": [0, 0, -15],
							"easing": "easeInOutSine"
						},
						"1.75": {
							"vector": [-10, 0, 22.5]
						},
						"2.0": {
							"vector": [-20, 0, 22.5]
						}
					}
				},
				"bone29": {
					"rotation": {
						"0.0": {
							"vector": [0, 0, 25]
						},
						"0.75": {
							"vector": [0, -37.5, -22.5],
							"easing": "easeInOutSine"
						},
						"1.0": {
							"vector": [0, -37.5, -22.5],
							"easing": "easeInSine"
						},
						"1.75": {
							"vector": [0, 0, 25],
							"easing": "easeInOutSine"
						},
						"2.0": {
							"vector": [0, 0, 25]
						}
					}
				},
				"bone30": {
					"rotation": {
						"0.0": {
							"vector": [12.5, 0, 17.5]
						},
						"0.75": {
							"vector": [8.11019, 9.54385, -31.82185],
							"easing": "easeInOutSine"
						},
						"1.0": {
							"vector": [8.11019, 9.54385, -31.82185],
							"easing": "easeInSine"
						},
						"1.75": {
							"vector": [12.5, 0, 17.5],
							"easing": "easeInOutSine"
						},
						"2.0": {
							"vector": [12.5, 0, 17.5]
						}
					}
				},
				"bone32": {
					"rotation": {
						"0.0": {
							"vector": [-20, 0, 0]
						},
						"1.0": {
							"vector": [15, 0, 0],
							"easing": "easeInOutSine"
						},
						"2.0": {
							"vector": [-20, 0, 0],
							"easing": "easeInOutSine"
						}
					}
				},
				"bone31": {
					"rotation": {
						"0.0": {
							"vector": [-10, 0, 0]
						},
						"1.0": {
							"vector": [5, 0, -12.5],
							"easing": "easeInOutSine"
						},
						"2.0": {
							"vector": [-10, 0, 0],
							"easing": "easeInOutSine"
						}
					}
				}
			}
		},
		"walk": {
			"loop": true,
			"animation_length": 0.5,
			"bones": {
				"bone13": {
					"rotation": {
						"0.0": {
							"vector": [25, 0, 0]
						},
						"0.25": {
							"vector": [4.81426, 1.36165, -0.86634]
						},
						"0.5": {
							"vector": [25, 0, 0]
						}
					}
				},
				"bone14": {
					"rotation": {
						"0.0": {
							"vector": [10, 0, 0]
						},
						"0.25": {
							"vector": [-12.5, 0, 0]
						},
						"0.5": {
							"vector": [10, 0, 0]
						}
					}
				},
				"bone15": {
					"rotation": {
						"0.0": {
							"vector": [12.5, 0, 0]
						},
						"0.25": {
							"vector": [2.5, 0, 0]
						},
						"0.5": {
							"vector": [12.5, 0, 0]
						}
					}
				},
				"bone16": {
					"rotation": {
						"0.0": {
							"vector": [-20, 0, 0]
						},
						"0.125": {
							"vector": [10, 0, 0],
							"easing": "easeOutSine"
						},
						"0.25": {
							"vector": [10, 0, 0],
							"easing": "easeOutSine"
						},
						"0.375": {
							"vector": [-20, 0, 0],
							"easing": "easeOutSine"
						},
						"0.5": {
							"vector": [-20, 0, 0],
							"easing": "easeOutSine"
						}
					}
				},
				"bone17": {
					"rotation": {
						"0.0": {
							"vector": [-10, 0, 0]
						},
						"0.125": {
							"vector": [2.5, 0, 0],
							"easing": "easeOutSine"
						},
						"0.25": {
							"vector": [2.5, 0, 0],
							"easing": "easeOutSine"
						},
						"0.375": {
							"vector": [-10, 0, 0],
							"easing": "easeOutSine"
						},
						"0.5": {
							"vector": [-10, 0, 0],
							"easing": "easeOutSine"
						}
					}
				},
				"bone18": {
					"rotation": {
						"0.0": {
							"vector": [-7.5, 0, 0]
						},
						"0.125": {
							"vector": [7.5, 0, 0],
							"easing": "easeOutSine"
						},
						"0.25": {
							"vector": [7.5, 0, 0],
							"easing": "easeOutSine"
						},
						"0.375": {
							"vector": [-7.5, 0, 0],
							"easing": "easeOutSine"
						},
						"0.5": {
							"vector": [-7.5, 0, 0],
							"easing": "easeOutSine"
						}
					}
				},
				"bone19": {
					"rotation": {
						"0.0": {
							"vector": [0, 0, 0]
						},
						"0.125": {
							"vector": [12.5, 0, 0],
							"easing": "easeOutSine"
						},
						"0.25": {
							"vector": [12.5, 0, 0],
							"easing": "easeOutSine"
						},
						"0.375": {
							"vector": [0, 0, 0],
							"easing": "easeOutSine"
						},
						"0.5": {
							"vector": [0, 0, 0],
							"easing": "easeOutSine"
						}
					}
				},
				"bone20": {
					"rotation": {
						"0.0": {
							"vector": [-15, 0, 0]
						},
						"0.125": {
							"vector": [20, 0, 0],
							"easing": "easeOutSine"
						},
						"0.25": {
							"vector": [20, 0, 0],
							"easing": "easeOutSine"
						},
						"0.375": {
							"vector": [-15, 0, 0],
							"easing": "easeOutSine"
						},
						"0.5": {
							"vector": [-15, 0, 0],
							"easing": "easeOutSine"
						}
					}
				},
				"bone22": {
					"rotation": {
						"0.0": {
							"vector": [-5, 0, 0]
						},
						"0.25": {
							"vector": [7.5, 0, -15],
							"easing": "easeInSine"
						},
						"0.5": {
							"vector": [-5, 0, 0],
							"easing": "easeOutSine"
						}
					},
					"position": {
						"0.0": {
							"vector": [0, 0, 0.1]
						},
						"0.25": {
							"vector": [0, -0.3, -0.1],
							"easing": "easeInSine"
						},
						"0.5": {
							"vector": [0, 0, 0.1],
							"easing": "easeOutSine"
						}
					}
				},
				"bone25": {
					"rotation": {
						"0.0": {
							"vector": [-7.5, 0, 0]
						},
						"0.25": {
							"vector": [0.25279, 1.93597, 14.87739],
							"easing": "easeInSine"
						},
						"0.5": {
							"vector": [-7.5, 0, 0],
							"easing": "easeOutSine"
						}
					},
					"position": {
						"0.0": {
							"vector": [0, 0, 0.1]
						},
						"0.25": {
							"vector": [0.1, -0.3, -0.1],
							"easing": "easeInSine"
						},
						"0.5": {
							"vector": [0, 0, 0.1],
							"easing": "easeOutSine"
						}
					}
				},
				"bone28": {
					"rotation": {
						"0.0": {
							"vector": [30, 0, 0]
						},
						"0.1667": {
							"vector": [70, 0, 0],
							"easing": "easeInSine"
						},
						"0.25": {
							"vector": [70, 0, 0],
							"easing": "easeInSine"
						},
						"0.4167": {
							"vector": [30, 0, 0],
							"easing": "easeInSine"
						},
						"0.5": {
							"vector": [30, 0, 0],
							"easing": "easeInSine"
						}
					}
				},
				"bone29": {
					"rotation": {
						"0.0": {
							"vector": [-32.5, 0, 0]
						},
						"0.1667": {
							"vector": [20, 0, 0],
							"easing": "easeInSine"
						},
						"0.25": {
							"vector": [20, 0, 0],
							"easing": "easeInSine"
						},
						"0.4167": {
							"vector": [-32.5, 0, 0],
							"easing": "easeInSine"
						},
						"0.5": {
							"vector": [-32.5, 0, 0],
							"easing": "easeInSine"
						}
					}
				},
				"bone30": {
					"rotation": {
						"0.0": {
							"vector": [-35, 0, 0]
						},
						"0.1667": {
							"vector": [30, 0, 0],
							"easing": "easeInSine"
						},
						"0.25": {
							"vector": [30, 0, 0],
							"easing": "easeInSine"
						},
						"0.4167": {
							"vector": [-35, 0, 0],
							"easing": "easeInSine"
						},
						"0.5": {
							"vector": [-35, 0, 0],
							"easing": "easeInSine"
						}
					}
				},
				"bone31": {
					"rotation": {
						"0.0": {
							"vector": [15.27269, 8.64738, -28.83844]
						},
						"0.125": {
							"vector": [25.27269, 8.64738, -28.83844],
							"easing": "easeInSine"
						},
						"0.25": {
							"vector": [25.27269, 8.64738, -28.83844],
							"easing": "easeInSine"
						},
						"0.5": {
							"vector": [15.27269, 8.64738, -28.83844],
							"easing": "easeOutSine"
						}
					}
				},
				"bone32": {
					"rotation": {
						"0.0": {
							"vector": [27.5, 0, 0]
						},
						"0.125": {
							"vector": [35, 0, 0],
							"easing": "easeInSine"
						},
						"0.25": {
							"vector": [35, 0, 0],
							"easing": "easeInSine"
						},
						"0.5": {
							"vector": [27.5, 0, 0],
							"easing": "easeOutSine"
						}
					}
				}
			}
		}
	},
	"geckolib_format_version": 2
}