{
	"format_version": "1.12.0",
	"minecraft:geometry": [
		{
			"description": {
				"identifier": "geometry.unknown",
				"texture_width": 64,
				"texture_height": 64,
				"visible_bounds_width": 6,
				"visible_bounds_height": 2.5,
				"visible_bounds_offset": [0, 0.75, 0]
			},
			"bones": [
				{
					"name": "bipedHead",
					"pivot": [0, 24, 0]
				},
				{
					"name": "armorHead",
					"parent": "bipedHead",
					"pivot": [0, 24, 0]
				},
				{
					"name": "bone10",
					"parent": "armorHead",
					"pivot": [-0.87865, 13.28933, -0.74456],
					"rotation": [-10, 0, 0],
					"cubes": [
						{"origin": [-1.5, 9, -6.5], "size": [3, 2, 3], "pivot": [0, 16, -1.25], "rotation": [10, 0, 0], "uv": [35, 42]},
						{"origin": [-3, 9, -3.5], "size": [6, 5, 6], "pivot": [0, 16, -1.25], "rotation": [10, 0, 0], "uv": [0, 18]},
						{"origin": [-3, 10.66029, -2.78288], "size": [2, 1, 0], "pivot": [-2, 11.16029, -2.78288], "rotation": [9.25249, -3.81024, 22.19157], "uv": [4, 12]},
						{"origin": [1, 10.66029, -2.78288], "size": [2, 1, 0], "pivot": [2, 11.16029, -2.78288], "rotation": [9.25249, 3.81024, -22.19157], "uv": [4, 12], "mirror": true},
						{"origin": [-4, 9.25, -2.45], "size": [1, 2, 3], "pivot": [0, 16, -1.25], "rotation": [10, 0, 0], "uv": [45, 5], "mirror": true},
						{"origin": [-4.75, 10, -1.95], "size": [1, 1, 2], "pivot": [0, 16, -1.25], "rotation": [10, 0, 0], "uv": [22, 41], "mirror": true},
						{"origin": [-5.25, 10.5, -1.45], "size": [1, 1, 1], "pivot": [0, 16, -1.25], "rotation": [10, 0, 0], "uv": [36, 27], "mirror": true},
						{"origin": [-4.25, 11.75, -1.1], "size": [1, 1, 1], "pivot": [0, 16, -1.25], "rotation": [10, 0, 0], "uv": [0, 22]},
						{"origin": [-3.75, 11.25, -1.6], "size": [1, 1, 2], "pivot": [0, 16, -1.25], "rotation": [10, 0, 0], "uv": [46, 21]},
						{"origin": [2.75, 11.25, -1.5], "size": [1, 1, 2], "pivot": [0, 16, -1.25], "rotation": [10, 0, 0], "uv": [22, 41]},
						{"origin": [3.25, 11.75, -1], "size": [1, 1, 1], "pivot": [0, 16, -1.25], "rotation": [10, 0, 0], "uv": [0, 11]},
						{"origin": [3, 9.25, -2.5], "size": [1, 2, 3], "pivot": [0, 16, -1.25], "rotation": [10, 0, 0], "uv": [45, 5]},
						{"origin": [3.75, 10, -2], "size": [1, 1, 2], "pivot": [0, 16, -1.25], "rotation": [10, 0, 0], "uv": [22, 41]},
						{"origin": [4.25, 10.5, -1.5], "size": [1, 1, 1], "pivot": [0, 16, -1.25], "rotation": [10, 0, 0], "uv": [36, 27]}
					]
				},
				{
					"name": "bone11",
					"parent": "bone10",
					"pivot": [2.5, 16.13024, -0.51139]
				},
				{
					"name": "bone12",
					"parent": "bone10",
					"pivot": [-2.5, 16.13024, -0.51139]
				},
				{
					"name": "EarR",
					"parent": "bone12",
					"pivot": [-2.229, 16.73706, -0.13788],
					"rotation": [0, -17.5, 10],
					"cubes": [
						{"origin": [-3.11427, 11.57571, 0.16114], "size": [2, 3, 1], "pivot": [-3.57423, 16.31179, 0.55153], "rotation": [-5.31213, 44.12923, -25.89576], "uv": [0, 18], "mirror": true},
						{"origin": [-5.4295, 11.62571, -0.90966], "size": [1, 4, 0], "pivot": [-3.57423, 16.31179, 0.15153], "rotation": [-175.73461, -26.68866, 155.88984], "uv": [59, 57], "mirror": true},
						{"origin": [-5.46116, 10.62571, -1.68026], "size": [1, 5, 0], "pivot": [-3.57423, 16.31179, 0.15153], "rotation": [-172.57807, -59.04025, 151.4345], "uv": [61, 55], "mirror": true},
						{"origin": [-4.76543, 10.62571, -2.44475], "size": [1, 8, 0], "pivot": [-3.57423, 16.31179, 0.15153], "rotation": [-22.5, -80, 0], "uv": [54, 56]},
						{"origin": [-5.46116, 14.62571, -1.68026], "size": [1, 5, 0], "pivot": [-3.57423, 16.31179, 0.15153], "rotation": [-172.57807, -59.04025, 151.4345], "uv": [61, 60], "mirror": true},
						{"origin": [-5.4295, 14.62571, -0.90966], "size": [1, 4, 0], "pivot": [-3.57423, 16.31179, 0.15153], "rotation": [-175.73461, -26.68866, 155.88984], "uv": [59, 61]},
						{"origin": [-3.87875, 11.78234, 0.50207], "size": [1, 6, 0], "pivot": [-3.0846, 16.35853, 0.62487], "rotation": [-176.16322, -6.73749, 157.35764], "uv": [57, 59], "mirror": true}
					]
				},
				{
					"name": "EarR2",
					"parent": "bone12",
					"pivot": [1.279, 16.73706, -0.13788],
					"rotation": [0, 17.5, -10],
					"cubes": [
						{"origin": [0.83136, 11.78893, -0.48908], "size": [2, 3, 1], "pivot": [2.62423, 16.31179, 0.55153], "rotation": [-5.31213, -44.12923, 25.89576], "uv": [0, 18]},
						{"origin": [2.23853, 19.45194, -0.33254], "size": [2, 0, 2], "pivot": [3.03853, 18.85194, 0.96746], "rotation": [167.45353, 30.65385, 30.55098], "uv": [58, 0]},
						{"origin": [2.98955, 17.16988, 0.88695], "size": [2, 0, 2], "pivot": [3.28955, 17.16988, 1.68695], "rotation": [154.21694, 54.41749, 14.13655], "uv": [58, 0]},
						{"origin": [2.87875, 11.78234, 0.50207], "size": [1, 6, 0], "pivot": [3.0846, 16.35853, 0.62487], "rotation": [-176.16322, 6.73749, -157.35764], "uv": [57, 59]},
						{"origin": [4.4295, 14.62571, -0.90966], "size": [1, 4, 0], "pivot": [3.57423, 16.31179, 0.15153], "rotation": [-175.73461, 26.68866, -155.88984], "uv": [59, 61], "mirror": true},
						{"origin": [4.46116, 14.62571, -1.68026], "size": [1, 5, 0], "pivot": [3.57423, 16.31179, 0.15153], "rotation": [-172.57807, 59.04025, -151.4345], "uv": [61, 60]},
						{"origin": [3.76543, 10.62571, -2.44475], "size": [1, 8, 0], "pivot": [3.57423, 16.31179, 0.15153], "rotation": [-22.5, 80, 0], "uv": [54, 56], "mirror": true},
						{"origin": [4.46116, 10.62571, -1.68026], "size": [1, 5, 0], "pivot": [3.57423, 16.31179, 0.15153], "rotation": [-172.57807, 59.04025, -151.4345], "uv": [61, 55]},
						{"origin": [4.4295, 11.62571, -0.90966], "size": [1, 4, 0], "pivot": [3.57423, 16.31179, 0.15153], "rotation": [-175.73461, 26.68866, -155.88984], "uv": [59, 57]}
					]
				},
				{
					"name": "bone9",
					"parent": "bone10",
					"pivot": [0, 5.49351, -4.47748]
				},
				{
					"name": "bone15",
					"parent": "bone9",
					"pivot": [0, 9.85324, -5.18649],
					"cubes": [
						{"origin": [-1, 10.2938, -4.99967], "size": [1, 0, 1], "pivot": [0, 9.7938, -3.24967], "rotation": [15, 0, 0], "uv": [0, 9]}
					]
				},
				{
					"name": "bone16",
					"parent": "bone15",
					"pivot": [0, 9.75913, -11.31093]
				},
				{
					"name": "bone17",
					"parent": "bone16",
					"pivot": [0, 8.40359, -5.39763]
				},
				{
					"name": "bipedBody",
					"pivot": [0, 24, 0]
				},
				{
					"name": "armorBody",
					"parent": "bipedBody",
					"pivot": [0, 24, 0]
				},
				{
					"name": "bone13",
					"parent": "armorBody",
					"pivot": [0, 10.5, 5.5],
					"cubes": [
						{"origin": [-3, 5, -1], "size": [6, 5, 13], "uv": [0, 0]},
						{"origin": [-2.5, 7.24418, -1.70903], "size": [5, 3, 1], "pivot": [0, 10.74418, 0.79097], "rotation": [10, 0, 0], "uv": [0, 44]},
						{"origin": [-2, 5.82633, -1.58503], "size": [4, 3, 0], "pivot": [0, 7.82633, -1.36003], "rotation": [0, 0, -42.5], "uv": [46, 18]},
						{"origin": [-3.5, 7.24418, -1.45903], "size": [1, 1, 1], "pivot": [0, 10.74418, 0.79097], "rotation": [10, 0, 0], "uv": [0, 2]},
						{"origin": [2.5, 7.24418, -1.45903], "size": [1, 1, 1], "pivot": [0, 10.74418, 0.79097], "rotation": [10, 0, 0], "uv": [0, 2], "mirror": true}
					]
				},
				{
					"name": "Rope",
					"parent": "bone13",
					"pivot": [-1.94841, 10.84444, 4.02219],
					"cubes": [
						{"origin": [-1.35245, 4.25295, -0.61596], "size": [1, 1, 3], "pivot": [-0.85245, 4.75295, 0.88404], "rotation": [177.74377, -6.48437, -156.14738], "uv": [9, 46]},
						{"origin": [-1.0142, 4.23369, 2.5697], "size": [1, 1, 1], "pivot": [-0.6142, 4.73369, 2.8697], "rotation": [179.49664, 13.15285, -171.41907], "uv": [0, 0]},
						{"origin": [-1.1142, 4.23369, 2.0697], "size": [1, 1, 1], "pivot": [-0.6142, 4.73369, 2.8697], "rotation": [178.30917, 73.14642, -172.92278], "uv": [0, 0]},
						{"origin": [-1.3142, 4.23369, 1.2697], "size": [1, 1, 1], "pivot": [-0.6142, 4.73369, 2.8697], "rotation": [36.87944, 89.18324, 45.57212], "uv": [46, 46]},
						{"origin": [-1.3142, 4.23369, 0.2697], "size": [1, 1, 1], "pivot": [-0.6142, 4.73369, 2.8697], "rotation": [165.13215, 88.08942, 173.83552], "uv": [46, 46]},
						{"origin": [-3.11118, 5.71179, 5.97743], "size": [1, 1, 1], "pivot": [-2.96625, 7.48178, 4.37034], "rotation": [-149.31648, 73.07392, -88.03587], "uv": [11, 48]},
						{"origin": [-3.47512, 6.59497, 3.87062], "size": [1, 1, 3], "pivot": [-2.96625, 7.48178, 4.37034], "rotation": [-178.11346, 60.58526, -89.43827], "uv": [9, 46]},
						{"origin": [-3.47512, 6.59497, 1.87062], "size": [1, 1, 2], "pivot": [-2.96625, 7.48178, 4.37034], "rotation": [-178.11346, 60.58526, -89.43827], "uv": [45, 45]},
						{"origin": [-3.47512, 5.20268, 1.96662], "size": [1, 1, 1], "pivot": [-2.96625, 7.48178, 4.37034], "rotation": [141.88654, 60.58526, -89.43827], "uv": [46, 46]},
						{"origin": [-3.00482, 9.51628, 5.41144], "size": [1, 1, 1], "pivot": [-2.60482, 10.01628, 5.81144], "rotation": [40.22555, 68.7806, -160.75521], "uv": [46, 46]},
						{"origin": [-3.00482, 9.41628, 2.51144], "size": [1, 1, 3], "pivot": [-2.60482, 10.01628, 5.81144], "rotation": [19.44363, 70.0748, -167.17042], "uv": [44, 44]},
						{"origin": [0.1142, 4.23369, 2.0697], "size": [1, 1, 1], "pivot": [0.6142, 4.73369, 2.8697], "rotation": [178.30917, -73.14642, 172.92278], "uv": [0, 0], "mirror": true},
						{"origin": [-0.84235, 4.04034, -1.14157], "size": [1, 1, 1], "pivot": [-0.74235, 4.74034, -0.84157], "rotation": [164.58433, -34.19435, -138.35847], "uv": [0, 0]},
						{"origin": [-2.05222, 4.40808, -1.36707], "size": [1, 1, 1], "pivot": [-1.45222, 5.10808, -1.06707], "rotation": [119.07881, -56.7385, -103.76772], "uv": [0, 0]},
						{"origin": [-2.40622, 4.39217, -1.70599], "size": [1, 1, 1], "pivot": [-2.20622, 4.89217, -1.40599], "rotation": [54.06539, -48.42583, -45.90619], "uv": [0, 0]},
						{"origin": [-4.3, 5.96141, -1.09703], "size": [1, 1, 1], "pivot": [-3, 5.96141, 1.20297], "rotation": [36.33914, -24.94169, -17.23442], "uv": [0, 0]},
						{"origin": [0.35245, 4.25295, -0.61596], "size": [1, 1, 3], "pivot": [0.85245, 4.75295, 0.88404], "rotation": [177.74377, 6.48437, 156.14738], "uv": [9, 46], "mirror": true},
						{"origin": [0.0142, 4.23369, 2.5697], "size": [1, 1, 1], "pivot": [0.6142, 4.73369, 2.8697], "rotation": [179.49664, -13.15285, 171.41907], "uv": [0, 0], "mirror": true},
						{"origin": [-0.15765, 4.04034, -1.14157], "size": [1, 1, 1], "pivot": [0.74235, 4.74034, -0.84157], "rotation": [164.58433, 34.19435, 138.35847], "uv": [0, 0], "mirror": true},
						{"origin": [1.05222, 4.40808, -1.36707], "size": [1, 1, 1], "pivot": [1.45222, 5.10808, -1.06707], "rotation": [119.07881, 56.7385, 103.76772], "uv": [0, 0], "mirror": true},
						{"origin": [1.40622, 4.39217, -1.70599], "size": [1, 1, 1], "pivot": [2.20622, 4.89217, -1.40599], "rotation": [54.06539, 48.42583, 45.90619], "uv": [0, 0], "mirror": true},
						{"origin": [3.3, 5.96141, -1.09703], "size": [1, 1, 1], "pivot": [3, 5.96141, 1.20297], "rotation": [36.33914, 24.94169, 17.23442], "uv": [0, 0], "mirror": true},
						{"origin": [2.5, 5.96141, -0.49703], "size": [1, 1, 3], "pivot": [3, 5.96141, 1.20297], "rotation": [32.5, 0, 0], "uv": [9, 46], "mirror": true},
						{"origin": [2.5, 8.53628, 1.295], "size": [1, 1, 4], "pivot": [3, 8.43628, 3.395], "rotation": [62.5, 0, 0], "uv": [43, 43], "mirror": true},
						{"origin": [2, 10.34216, 3.27099], "size": [1, 1, 1], "pivot": [3, 10.84216, 3.97099], "rotation": [69.79152, -19.05681, -41.57337], "uv": [11, 48], "mirror": true},
						{"origin": [2.2, 10.34216, 4.27099], "size": [1, 1, 2], "pivot": [3, 10.84216, 3.97099], "rotation": [73.61286, -27.24513, -81.55764], "uv": [10, 47], "mirror": true},
						{"origin": [2.2, 10.34216, 6.27099], "size": [1, 1, 1], "pivot": [3, 10.84216, 3.97099], "rotation": [73.61286, -27.24513, -81.55764], "uv": [11, 48], "mirror": true},
						{"origin": [2.00482, 9.41628, 2.51144], "size": [1, 1, 3], "pivot": [2.60482, 10.01628, 5.81144], "rotation": [19.44363, -70.0748, 167.17042], "uv": [44, 44], "mirror": true},
						{"origin": [2.00482, 9.51628, 5.41144], "size": [1, 1, 1], "pivot": [2.60482, 10.01628, 5.81144], "rotation": [40.22555, -68.7806, 160.75521], "uv": [46, 46], "mirror": true},
						{"origin": [2.47512, 5.20268, 1.96662], "size": [1, 1, 1], "pivot": [2.96625, 7.48178, 4.37034], "rotation": [141.88654, -60.58526, 89.43827], "uv": [46, 46], "mirror": true},
						{"origin": [2.47512, 6.59497, 1.87062], "size": [1, 1, 2], "pivot": [2.96625, 7.48178, 4.37034], "rotation": [-178.11346, -60.58526, 89.43827], "uv": [45, 45], "mirror": true},
						{"origin": [2.47512, 6.59497, 3.87062], "size": [1, 1, 3], "pivot": [2.96625, 7.48178, 4.37034], "rotation": [-178.11346, -60.58526, 89.43827], "uv": [9, 46], "mirror": true},
						{"origin": [2.11118, 5.71179, 5.97743], "size": [1, 1, 1], "pivot": [2.96625, 7.48178, 4.37034], "rotation": [-149.31648, -73.07392, 88.03587], "uv": [11, 48], "mirror": true},
						{"origin": [0.3142, 4.23369, 0.2697], "size": [1, 1, 1], "pivot": [0.6142, 4.73369, 2.8697], "rotation": [165.13215, -88.08942, -173.83552], "uv": [46, 46], "mirror": true},
						{"origin": [0.3142, 4.23369, 1.2697], "size": [1, 1, 1], "pivot": [0.6142, 4.73369, 2.8697], "rotation": [36.87944, -89.18324, -45.57212], "uv": [46, 46], "mirror": true},
						{"origin": [-3.2, 10.34216, 4.27099], "size": [1, 1, 2], "pivot": [-3, 10.84216, 3.97099], "rotation": [73.61286, 27.24513, 81.55764], "uv": [10, 47]},
						{"origin": [-3.2, 10.34216, 6.27099], "size": [1, 1, 1], "pivot": [-3, 10.84216, 3.97099], "rotation": [73.61286, 27.24513, 81.55764], "uv": [11, 48]},
						{"origin": [-3, 10.34216, 3.27099], "size": [1, 1, 1], "pivot": [-3, 10.84216, 3.97099], "rotation": [69.79152, 19.05681, 41.57337], "uv": [11, 48]},
						{"origin": [-3.5, 8.53628, 1.295], "size": [1, 1, 4], "pivot": [-3, 8.43628, 3.395], "rotation": [62.5, 0, 0], "uv": [43, 43]},
						{"origin": [-3.5, 5.96141, -0.49703], "size": [1, 1, 3], "pivot": [-3, 5.96141, 1.20297], "rotation": [32.5, 0, 0], "uv": [9, 46]},
						{"origin": [-0.4449, 10.17451, 3.90733], "size": [1, 2, 2], "uv": [10, 47], "mirror": true},
						{"origin": [-0.5449, 11.37451, 3.80733], "size": [1, 1, 2], "uv": [10, 47], "mirror": true},
						{"origin": [0.9551, 11.17451, 3.90733], "size": [1, 1, 3], "pivot": [1.0551, 11.67451, 4.90733], "rotation": [-7.5, 72.5, 0], "uv": [9, 46], "mirror": true},
						{"origin": [2.45967, 10.97451, 4.5776], "size": [1, 1, 1], "pivot": [3.55967, 11.47451, 5.2776], "rotation": [0, 22.5, 0], "uv": [11, 48], "mirror": true},
						{"origin": [2.51149, 10.97451, 5.54632], "size": [1, 1, 1], "pivot": [3.31149, 11.47451, 6.24632], "rotation": [0, -7.5, 0], "uv": [46, 46], "mirror": true},
						{"origin": [2.00963, 10.97451, 6.30032], "size": [1, 1, 1], "pivot": [2.90963, 11.47451, 7.00032], "rotation": [0, -42.5, 0], "uv": [46, 46], "mirror": true},
						{"origin": [2.20963, 10.97451, 7.20032], "size": [1, 1, 1], "pivot": [2.90963, 11.47451, 7.00032], "rotation": [0, -77.5, 0], "uv": [46, 46], "mirror": true},
						{"origin": [2.80963, 10.97451, 7.80032], "size": [1, 1, 1], "pivot": [2.90963, 11.47451, 7.00032], "rotation": [0, -110, 0], "uv": [46, 46], "mirror": true},
						{"origin": [3.30963, 10.97451, 8.40032], "size": [1, 1, 1], "pivot": [2.90963, 11.47451, 7.00032], "rotation": [0, -127.5, 0], "uv": [46, 46], "mirror": true},
						{"origin": [-0.83898, 11.17451, 5.24893], "size": [1, 1, 2], "pivot": [0.06102, 11.67451, 5.94893], "rotation": [-172.5, -17.5, 180], "uv": [10, 47], "mirror": true},
						{"origin": [0.22818, 10.17451, 5.73467], "size": [1, 1, 2], "pivot": [0.72818, 11.17451, 6.73467], "rotation": [-155, -17.5, 180], "uv": [10, 47], "mirror": true},
						{"origin": [0.37924, 9.77451, 7.36525], "size": [1, 1, 2], "pivot": [1.17924, 11.17451, 8.16525], "rotation": [0, -140, 0], "uv": [45, 45], "mirror": true},
						{"origin": [-0.12076, 9.77451, 4.36525], "size": [2, 1, 2], "pivot": [1.17924, 11.17451, 8.16525], "rotation": [0, -140, 0], "uv": [45, 45], "mirror": true},
						{"origin": [0.37924, 9.77451, 6.36525], "size": [1, 1, 1], "pivot": [1.17924, 11.17451, 8.16525], "rotation": [0, -140, 0], "uv": [37, 47], "mirror": true},
						{"origin": [-1.87924, 9.77451, 4.36525], "size": [2, 1, 2], "pivot": [-1.17924, 11.17451, 8.16525], "rotation": [0, 140, 0], "uv": [45, 45]},
						{"origin": [-1.37924, 9.77451, 6.36525], "size": [1, 1, 1], "pivot": [-1.17924, 11.17451, 8.16525], "rotation": [0, 140, 0], "uv": [37, 47]},
						{"origin": [-1.37924, 9.77451, 7.36525], "size": [1, 1, 2], "pivot": [-1.17924, 11.17451, 8.16525], "rotation": [0, 140, 0], "uv": [10, 47]},
						{"origin": [-1.22818, 10.17451, 5.73467], "size": [1, 1, 2], "pivot": [-0.72818, 11.17451, 6.73467], "rotation": [-155, 17.5, -180], "uv": [45, 45]},
						{"origin": [-0.16102, 11.17451, 5.24893], "size": [1, 1, 2], "pivot": [-0.06102, 11.67451, 5.94893], "rotation": [-172.5, 17.5, -180], "uv": [45, 45]},
						{"origin": [-1.9551, 11.17451, 3.90733], "size": [1, 1, 3], "pivot": [-1.0551, 11.67451, 4.90733], "rotation": [-7.5, -72.5, 0], "uv": [44, 44]},
						{"origin": [-3.45967, 10.97451, 4.5776], "size": [1, 1, 1], "pivot": [-3.55967, 11.47451, 5.2776], "rotation": [0, -22.5, 0], "uv": [46, 46]},
						{"origin": [-3.51149, 10.97451, 5.54632], "size": [1, 1, 1], "pivot": [-3.31149, 11.47451, 6.24632], "rotation": [0, 7.5, 0], "uv": [11, 48]},
						{"origin": [-3.00963, 10.97451, 6.30032], "size": [1, 1, 1], "pivot": [-2.90963, 11.47451, 7.00032], "rotation": [0, 42.5, 0], "uv": [11, 48]},
						{"origin": [-3.20963, 10.97451, 7.20032], "size": [1, 1, 1], "pivot": [-2.90963, 11.47451, 7.00032], "rotation": [0, 77.5, 0], "uv": [11, 48]},
						{"origin": [-3.80963, 10.97451, 7.80032], "size": [1, 1, 1], "pivot": [-2.90963, 11.47451, 7.00032], "rotation": [0, 110, 0], "uv": [11, 48]},
						{"origin": [-4.30963, 10.97451, 8.40032], "size": [1, 1, 1], "pivot": [-2.90963, 11.47451, 7.00032], "rotation": [0, 127.5, 0], "uv": [46, 46]}
					]
				},
				{
					"name": "bone14",
					"parent": "bone13",
					"pivot": [0.3, 17.05, 3.55]
				},
				{
					"name": "bone",
					"parent": "bone13",
					"pivot": [3, 7, 1.5],
					"cubes": [
						{"origin": [1, 2, 0], "size": [2, 5, 3], "uv": [15, 41]}
					]
				},
				{
					"name": "bone2",
					"parent": "bone",
					"pivot": [3, 2.55087, 1.43105],
					"cubes": [
						{"origin": [1, 0.05087, 0.03105], "size": [2, 3, 3], "uv": [43, 27]}
					]
				},
				{
					"name": "bone5",
					"parent": "bone13",
					"pivot": [2.25, 9.5, 11.5],
					"cubes": [
						{"origin": [0.5, 4, 9.5], "size": [2.5, 5, 4], "uv": [0, 0]}
					]
				},
				{
					"name": "bone6",
					"parent": "bone5",
					"pivot": [2.25, 3.5, 11.5],
					"cubes": [
						{"origin": [0.75, 0, 10], "size": [2, 5, 3], "uv": [25, 42]}
					]
				},
				{
					"name": "bone7",
					"parent": "bone13",
					"pivot": [-2.75, 9.5, 11.5],
					"cubes": [
						{"origin": [-3, 4, 9.5], "size": [2.5, 5, 4], "uv": [0, 0]}
					]
				},
				{
					"name": "bone8",
					"parent": "bone7",
					"pivot": [-2.75, 3.5, 11.5],
					"cubes": [
						{"origin": [-2.75, 0, 10], "size": [2, 5, 3], "uv": [25, 42]}
					]
				},
				{
					"name": "bone3",
					"parent": "bone13",
					"pivot": [-3, 7, 1.5],
					"cubes": [
						{"origin": [-3, 2, 0], "size": [2, 5, 3], "uv": [15, 41]}
					]
				},
				{
					"name": "bone4",
					"parent": "bone3",
					"pivot": [-3, 2, 1.5],
					"cubes": [
						{"origin": [-3, -0.03831, 0.03707], "size": [2, 3, 3], "uv": [43, 27]}
					]
				},
				{
					"name": "tail9",
					"parent": "armorBody",
					"pivot": [0, 12, 3]
				},
				{
					"name": "tail8",
					"parent": "tail9",
					"pivot": [-2, 10.75, 8],
					"cubes": [
						{"origin": [-3, 6, -6], "size": [6, 6, 5], "pivot": [0, 9.08185, 11.25], "rotation": [-180, 0, 180], "uv": [19, 24]},
						{"origin": [-4, 3.31328, -5.49427], "size": [8, 0, 6], "pivot": [0, 9.08185, 11.25], "rotation": [170, 0, 180], "uv": [12, 18]},
						{"origin": [-3.66815, 16.18424, -4.96495], "size": [8, 0, 6], "pivot": [0, 9.08185, 11.25], "rotation": [-165, 0, 90], "uv": [12, 18], "mirror": true},
						{"origin": [-4, 14.84805, -5.48081], "size": [8, 0, 6], "pivot": [0, 9.08185, 11.25], "rotation": [-170, 0, -180], "uv": [12, 18]},
						{"origin": [-4.33185, 16.18424, -4.96495], "size": [8, 0, 6], "pivot": [0, 9.08185, 11.25], "rotation": [-165, 0, -90], "uv": [12, 18]}
					]
				},
				{
					"name": "tail7",
					"parent": "tail8",
					"pivot": [0, 15, 13]
				},
				{
					"name": "tail6",
					"parent": "tail7",
					"pivot": [-3, 11.75, 17]
				},
				{
					"name": "tail5",
					"parent": "tail6",
					"pivot": [0, 10.47865, 20.23255]
				},
				{
					"name": "tail4",
					"parent": "tail5",
					"pivot": [0, 11.98692, 24.41929]
				},
				{
					"name": "tail3",
					"parent": "tail4",
					"pivot": [0, 11.87585, 29.35513],
					"cubes": [
						{"origin": [-2, 7, 37], "size": [4, 4, 5], "pivot": [0, 9.08185, 30.25], "rotation": [-180, 0, 180], "uv": [0, 35]},
						{"origin": [-3, 14.81936, 19.71807], "size": [6, 0, 6], "pivot": [0, 9.08185, 30.25], "rotation": [20, 0, 0], "uv": [0, 29]},
						{"origin": [-3.33185, 15.54974, 19.98544], "size": [6, 0, 6], "pivot": [0, 9.08185, 30.25], "rotation": [22.5, 0, -90], "uv": [28, 18]},
						{"origin": [-2.66815, 15.54974, 19.98544], "size": [6, 0, 6], "pivot": [0, 9.08185, 30.25], "rotation": [22.5, 0, 90], "uv": [19, 6]},
						{"origin": [-3, 3.13789, 19.98255], "size": [6, 0, 6], "pivot": [0, 9.08185, 30.25], "rotation": [-20, 0, 0], "uv": [19, 0]},
						{"origin": [-3.33185, 15.54974, 26.01456], "size": [6, 0, 3], "pivot": [0, 9.08185, 19.75], "rotation": [-22.5, 0, -90], "uv": [33, 24]},
						{"origin": [-2.33185, 15.54974, 29.01456], "size": [4, 0, 3], "pivot": [0, 9.08185, 19.75], "rotation": [-22.5, 0, -90], "uv": [0, 9]},
						{"origin": [-3, 3.13789, 26.01745], "size": [6, 0, 3], "pivot": [0, 9.08185, 19.75], "rotation": [20, 0, 0], "uv": [33, 24]},
						{"origin": [-2, 3.13789, 29.01745], "size": [4, 0, 3], "pivot": [0, 9.08185, 19.75], "rotation": [20, 0, 0], "uv": [0, 9]},
						{"origin": [-2.66815, 15.54974, 26.01456], "size": [6, 0, 3], "pivot": [0, 9.08185, 19.75], "rotation": [-22.5, 0, 90], "uv": [33, 24], "mirror": true},
						{"origin": [-1.66815, 15.54974, 29.01456], "size": [4, 0, 3], "pivot": [0, 9.08185, 19.75], "rotation": [-22.5, 0, 90], "uv": [0, 9], "mirror": true},
						{"origin": [-3, 14.81936, 26.28193], "size": [6, 0, 3], "pivot": [0, 9.08185, 19.75], "rotation": [-20, 0, 0], "uv": [33, 24]},
						{"origin": [-2, 14.81936, 29.28193], "size": [4, 0, 3], "pivot": [0, 9.08185, 19.75], "rotation": [-20, 0, 0], "uv": [0, 9]},
						{"origin": [-2, 7, 13], "size": [4, 4, 2], "pivot": [0, 9.08185, 21.75], "rotation": [180, 0, 180], "uv": [40, 36]},
						{"origin": [-1.5, 7.5, 11], "size": [3, 3, 2], "pivot": [0, 9.08185, 21.75], "rotation": [180, 0, 180], "uv": [45, 0]},
						{"origin": [-1, 8, 9], "size": [2, 2, 2], "pivot": [0, 9.08185, 21.75], "rotation": [180, 0, 180], "uv": [46, 10]}
					]
				},
				{
					"name": "tail2",
					"parent": "tail3",
					"pivot": [0, 11.93993, 34.36377],
					"cubes": [
						{"origin": [-1.66815, 16.29974, 14.98544], "size": [4, 0, 6], "pivot": [0, 9.08185, 30.25], "rotation": [22.5, 0, 90], "uv": [12, 35]},
						{"origin": [-2.33185, 16.29974, 14.98544], "size": [4, 0, 6], "pivot": [0, 9.08185, 30.25], "rotation": [22.5, 0, -90], "uv": [32, 12]},
						{"origin": [-2, 15.81936, 14.71807], "size": [4, 0, 6], "pivot": [0, 9.08185, 30.25], "rotation": [20, 0, 0], "uv": [31, 6]},
						{"origin": [-2, 2.38789, 14.73255], "size": [4, 0, 6], "pivot": [0, 9.08185, 30.25], "rotation": [-20, 0, 0], "uv": [31, 0]},
						{"origin": [-1, 8, 42], "size": [2, 2, 5], "pivot": [0, 9.08185, 30.25], "rotation": [-180, 0, 180], "uv": [26, 35]}
					]
				},
				{
					"name": "tailTip",
					"parent": "tail2",
					"pivot": [-1.44741, 11.75, 39.53656],
					"cubes": [
						{"origin": [-1.08185, 13.35635, 11.00779], "size": [2, 0, 4], "pivot": [0, 9.08185, 30.25], "rotation": [10, 0, -90], "uv": [22, 35]},
						{"origin": [-0.95817, 12.33394, 10.77256], "size": [2, 0, 4], "pivot": [0, 9.08185, 30.25], "rotation": [7.5, 0, 0], "uv": [9, 35]},
						{"origin": [-0.5, 8.5, 47], "size": [1, 1, 3], "pivot": [0, 9.08185, 30.25], "rotation": [-180, 0, 180], "uv": [46, 14]},
						{"origin": [-0.95817, 5.65035, 10.73287], "size": [2, 0, 4], "pivot": [0, 9.08185, 30.25], "rotation": [-7.5, 0, 0], "uv": [9, 35]},
						{"origin": [-0.91815, 13.35635, 11.00779], "size": [2, 0, 4], "pivot": [0, 9.08185, 30.25], "rotation": [10, 0, 90], "uv": [4, 0]}
					]
				},
				{
					"name": "bipedRightArm",
					"pivot": [-4, 22, 0]
				},
				{
					"name": "armorRightArm",
					"parent": "bipedRightArm",
					"pivot": [-4, 22, 0]
				},
				{
					"name": "bipedLeftArm",
					"pivot": [4, 22, 0]
				},
				{
					"name": "armorLeftArm",
					"parent": "bipedLeftArm",
					"pivot": [4, 22, 0]
				},
				{
					"name": "bipedLeftLeg",
					"pivot": [-2, 12, 0]
				},
				{
					"name": "armorLeftLeg",
					"parent": "bipedLeftLeg",
					"pivot": [-2, 12, 0]
				},
				{
					"name": "armorLeftBoot",
					"parent": "bipedLeftLeg",
					"pivot": [-2, 12, 0]
				},
				{
					"name": "bipedRightLeg",
					"pivot": [2, 12, 0]
				},
				{
					"name": "armorRightLeg",
					"parent": "bipedRightLeg",
					"pivot": [2, 12, 0]
				},
				{
					"name": "armorRightBoot",
					"parent": "bipedRightLeg",
					"pivot": [2, 12, 0]
				}
			]
		}
	]
}