{
	"format_version": "1.12.0",
	"minecraft:geometry": [
		{
			"description": {
				"identifier": "geometry.unknown",
				"texture_width": 128,
				"texture_height": 128,
				"visible_bounds_width": 7,
				"visible_bounds_height": 4.5,
				"visible_bounds_offset": [0, 1.75, 0]
			},
			"bones": [
				{
					"name": "bipedHead",
					"pivot": [0, 24, 0]
				},
				{
					"name": "armorHead",
					"parent": "bipedHead",
					"pivot": [0, 24, 0]
				},
				{
					"name": "EarR4",
					"parent": "armorHead",
					"pivot": [3.55666, 34.12435, 1.08678],
					"rotation": [0, 0, -10],
					"cubes": [
						{"origin": [1.06045, 32.17702, -0.00767], "size": [3, 1.4, 0.5], "pivot": [2.1729, 32.43998, 0.48493], "rotation": [38.56281, -23.9343, -44.7401], "uv": [2, 5]},
						{"origin": [3.16045, 33.07702, -0.10767], "size": [3, 1, 0.7], "pivot": [3.4729, 32.43998, -0.11507], "rotation": [42.02488, -15.82808, -54.87168], "uv": [1, 4]},
						{"origin": [3.16045, 32.47702, -0.00767], "size": [3, 1, 0.7], "pivot": [3.4729, 32.43998, -0.11507], "rotation": [38.56281, -23.9343, -44.7401], "uv": [1, 4]},
						{"origin": [2.26045, 31.77702, -0.40767], "size": [3, 1, 1], "pivot": [3.4729, 32.43998, -0.11507], "rotation": [41.46659, -17.49281, -52.92474], "uv": [25, 52]},
						{"origin": [2.06045, 32.37702, -0.20767], "size": [3, 1, 1], "pivot": [3.4729, 32.43998, -0.11507], "rotation": [38.56281, -23.9343, -44.7401], "uv": [49, 1]},
						{"origin": [2.79529, 30.59011, 0.4585], "size": [1, 5, 0], "pivot": [4.14979, 34.2, 1.30153], "rotation": [-175.15274, -38.14775, -160.80697], "uv": [30, 64]},
						{"origin": [4.56608, 37.78166, -0.394], "size": [1, 3, 0], "pivot": [4.65187, 40.13489, 0.46863], "rotation": [-22.5, 80, -10], "uv": [6, 74]},
						{"origin": [4.92656, 30.59011, -1.50406], "size": [1, 7, 0], "pivot": [4.24979, 34.2, 1.10153], "rotation": [-22.5, 80, 0], "uv": [10, 62]},
						{"origin": [4.85893, 37.78166, -0.59436], "size": [1, 1, 0], "pivot": [4.55187, 40.13489, 0.66863], "rotation": [-5.45175, 45.61767, 8.28951], "uv": [2, 76]},
						{"origin": [1.07061, 31.61009, -1.42287], "size": [1, 7, 0], "pivot": [1.61094, 32.71997, -1.34424], "rotation": [-5.45175, 45.61767, 18.28951], "uv": [7, 63]},
						{"origin": [1.97061, 30.61009, -1.37287], "size": [1, 8, 0], "pivot": [1.61094, 32.71997, -1.34424], "rotation": [-5.45175, 45.61767, 18.28951], "uv": [2, 62]},
						{"origin": [3.85302, 37.87275, 0.24314], "size": [1, 5, 0], "pivot": [4.35302, 40.37275, 0.56814], "rotation": [-172.57807, 59.04025, -161.4345], "uv": [10, 72]},
						{"origin": [5.61541, 30.59011, -0.90257], "size": [1, 8, 0], "pivot": [4.44979, 34.2, 0.90153], "rotation": [-172.57807, 59.04025, -151.4345], "uv": [14, 62]},
						{"origin": [4.85355, 30.59011, -0.09064], "size": [1, 7, 0], "pivot": [4.14979, 34.2, 0.80153], "rotation": [-175.73461, 26.68866, -155.88984], "uv": [18, 62]},
						{"origin": [3.25991, 30.59011, 0.95353], "size": [1, 7, 0], "pivot": [4.14979, 34.2, 1.30153], "rotation": [-176.17927, 4.24307, -157.52533], "uv": [26, 62]},
						{"origin": [3.45941, 37.78166, -0.95676], "size": [1, 3, 0], "pivot": [4.55187, 40.13489, 0.16863], "rotation": [-175.73461, 26.68866, -165.88984], "uv": [14, 74]},
						{"origin": [2.45941, 36.78166, -0.95676], "size": [1, 3, 0], "pivot": [4.55187, 40.13489, 0.16863], "rotation": [-175.73461, 26.68866, -165.88984], "uv": [40, 66]},
						{"origin": [3.85355, 31.59011, -0.04064], "size": [1, 6, 0], "pivot": [4.14979, 34.2, 0.80153], "rotation": [-175.73461, 26.68866, -155.88984], "uv": [21, 61]},
						{"origin": [4.28791, 40.66549, 0.63121], "size": [2, 0, 2], "pivot": [4.38791, 40.16549, 2.03121], "rotation": [-141.7987, 14.702, 51.53515], "uv": [54, 0]},
						{"origin": [3.08791, 39.86549, 1.03121], "size": [2, 0, 2], "pivot": [4.38791, 40.16549, 2.03121], "rotation": [-141.7987, 14.702, 51.53515], "uv": [54, 0]}
					]
				},
				{
					"name": "EarR3",
					"parent": "armorHead",
					"pivot": [-3.55666, 34.12435, 1.08678],
					"rotation": [0, 0, 10],
					"cubes": [
						{"origin": [-4.06045, 32.17702, -0.00767], "size": [3, 1.4, 0.5], "pivot": [-2.1729, 32.43998, 0.48493], "rotation": [38.56281, 23.9343, 44.7401], "uv": [2, 5], "mirror": true},
						{"origin": [-6.16045, 33.07702, -0.10767], "size": [3, 1, 0.7], "pivot": [-3.4729, 32.43998, -0.11507], "rotation": [42.02488, 15.82808, 54.87168], "uv": [1, 4], "mirror": true},
						{"origin": [-6.16045, 32.47702, -0.00767], "size": [3, 1, 0.7], "pivot": [-3.4729, 32.43998, -0.11507], "rotation": [38.56281, 23.9343, 44.7401], "uv": [1, 4], "mirror": true},
						{"origin": [-5.26045, 31.77702, -0.40767], "size": [3, 1, 1], "pivot": [-3.4729, 32.43998, -0.11507], "rotation": [41.46659, 17.49281, 52.92474], "uv": [25, 52], "mirror": true},
						{"origin": [-5.06045, 32.37702, -0.20767], "size": [3, 1, 1], "pivot": [-3.4729, 32.43998, -0.11507], "rotation": [38.56281, 23.9343, 44.7401], "uv": [49, 1], "mirror": true},
						{"origin": [-3.79529, 30.59011, 0.4585], "size": [1, 5, 0], "pivot": [-4.14979, 34.2, 1.30153], "rotation": [-175.15274, 38.14775, 160.80697], "uv": [30, 64], "mirror": true},
						{"origin": [-5.56608, 37.78166, -0.394], "size": [1, 3, 0], "pivot": [-4.65187, 40.13489, 0.46863], "rotation": [-22.5, -80, 10], "uv": [6, 74], "mirror": true},
						{"origin": [-5.92656, 30.59011, -1.50406], "size": [1, 7, 0], "pivot": [-4.24979, 34.2, 1.10153], "rotation": [-22.5, -80, 0], "uv": [10, 62], "mirror": true},
						{"origin": [-5.85893, 37.78166, -0.59436], "size": [1, 1, 0], "pivot": [-4.55187, 40.13489, 0.66863], "rotation": [-5.45175, -45.61767, -8.28951], "uv": [2, 76], "mirror": true},
						{"origin": [-2.07061, 31.61009, -1.42287], "size": [1, 7, 0], "pivot": [-1.61094, 32.71997, -1.34424], "rotation": [-5.45175, -45.61767, -18.28951], "uv": [7, 63], "mirror": true},
						{"origin": [-2.97061, 30.61009, -1.37287], "size": [1, 8, 0], "pivot": [-1.61094, 32.71997, -1.34424], "rotation": [-5.45175, -45.61767, -18.28951], "uv": [2, 62], "mirror": true},
						{"origin": [-4.85302, 37.87275, 0.24314], "size": [1, 5, 0], "pivot": [-4.35302, 40.37275, 0.56814], "rotation": [-172.57807, -59.04025, 161.4345], "uv": [10, 72], "mirror": true},
						{"origin": [-6.61541, 30.59011, -0.90257], "size": [1, 8, 0], "pivot": [-4.44979, 34.2, 0.90153], "rotation": [-172.57807, -59.04025, 151.4345], "uv": [14, 62], "mirror": true},
						{"origin": [-5.85355, 30.59011, -0.09064], "size": [1, 7, 0], "pivot": [-4.14979, 34.2, 0.80153], "rotation": [-175.73461, -26.68866, 155.88984], "uv": [18, 62], "mirror": true},
						{"origin": [-4.25991, 30.59011, 0.95353], "size": [1, 7, 0], "pivot": [-4.14979, 34.2, 1.30153], "rotation": [-176.17927, -4.24307, 157.52533], "uv": [26, 62], "mirror": true},
						{"origin": [-4.45941, 37.78166, -0.95676], "size": [1, 3, 0], "pivot": [-4.55187, 40.13489, 0.16863], "rotation": [-175.73461, -26.68866, 165.88984], "uv": [14, 74], "mirror": true},
						{"origin": [-3.45941, 36.78166, -0.95676], "size": [1, 3, 0], "pivot": [-4.55187, 40.13489, 0.16863], "rotation": [-175.73461, -26.68866, 165.88984], "uv": [40, 66], "mirror": true},
						{"origin": [-4.85355, 31.59011, -0.04064], "size": [1, 6, 0], "pivot": [-4.14979, 34.2, 0.80153], "rotation": [-175.73461, -26.68866, 155.88984], "uv": [21, 61], "mirror": true}
					]
				},
				{
					"name": "bipedBody",
					"pivot": [0, 24, 0]
				},
				{
					"name": "armorBody",
					"parent": "bipedBody",
					"pivot": [-0.00815, 11.99533, 22.54514]
				},
				{
					"name": "tail9",
					"parent": "armorBody",
					"pivot": [0, 12, 1.5],
					"cubes": [
						{"origin": [-1, 11, 0], "size": [2, 2, 3], "uv": [50, 21]}
					]
				},
				{
					"name": "tail8",
					"parent": "tail9",
					"pivot": [0, 11.93274, 4.66641],
					"cubes": [
						{"origin": [-3, 9, 3], "size": [6, 6, 3], "uv": [41, 43]},
						{"origin": [-4, 8.5, 4], "size": [8, 0, 4], "pivot": [-1, 16, 8], "rotation": [-10, 0, 0], "uv": [16, 37]},
						{"origin": [-1, 14.75, 3.1], "size": [8, 0, 4], "pivot": [2, 12.75, 8], "rotation": [15, 0, 90], "uv": [16, 37], "mirror": true},
						{"origin": [-4, 15.75, 3], "size": [8, 0, 4], "pivot": [1, 14, 8], "rotation": [10, 0, 0], "uv": [16, 37]},
						{"origin": [-5, 12.75, 3.1], "size": [8, 0, 4], "pivot": [-2, 10.75, 8], "rotation": [15, 0, -90], "uv": [16, 37]}
					]
				},
				{
					"name": "tail7",
					"parent": "tail8",
					"pivot": [0, 12.13274, 8.39343],
					"cubes": [
						{"origin": [-8, 14.75, 7.1], "size": [11, 0, 4], "pivot": [-3, 11.75, 12], "rotation": [15, 0, -90], "uv": [16, 37]},
						{"origin": [-5, 7, 7], "size": [10, 10, 2], "uv": [32, 4]},
						{"origin": [-6, 17.75, 7], "size": [12, 0, 4], "pivot": [0, 15, 12], "rotation": [10, 0, 0], "uv": [16, 37]},
						{"origin": [-3, 14.75, 7.1], "size": [11, 0, 4], "pivot": [3, 11.75, 12], "rotation": [15, 0, 90], "uv": [16, 37], "mirror": true},
						{"origin": [-6, 6.5, 8], "size": [12, 0, 4], "pivot": [0, 15, 12], "rotation": [-10, 0, 0], "uv": [16, 37]}
					]
				},
				{
					"name": "tail6",
					"parent": "tail7",
					"pivot": [-3, 11.75, 15],
					"cubes": [
						{"origin": [-5, 7, 10], "size": [10, 10, 3], "uv": [24, 16]},
						{"origin": [-6, 6.5, 11], "size": [12, 0, 4], "pivot": [0, 15, 15], "rotation": [-10, 0, 0], "uv": [16, 37]},
						{"origin": [-3, 14.75, 10.1], "size": [11, 0, 4], "pivot": [3, 11.75, 15], "rotation": [15, 0, 90], "uv": [17, 47], "mirror": true},
						{"origin": [-6, 17.75, 10], "size": [12, 0, 4], "pivot": [0, 15, 15], "rotation": [10, 0, 0], "uv": [16, 37]},
						{"origin": [-8, 14.75, 10.1], "size": [11, 0, 4], "pivot": [-3, 11.75, 15], "rotation": [15, 0, -90], "uv": [17, 47]}
					]
				},
				{
					"name": "tail5",
					"parent": "tail6",
					"pivot": [0, 10.47865, 15.73255],
					"cubes": [
						{"origin": [-4, 8, 12.5], "size": [8, 8, 4], "uv": [20, 29]},
						{"origin": [-5, 16.67146, 13.22124], "size": [10, 0, 5], "pivot": [0, 14.92146, 15.22124], "rotation": [-160, 0, 180], "uv": [15, 36]},
						{"origin": [-1.52583, 13, 13.13648], "size": [10, 0, 5], "pivot": [3.47417, 11.75, 15.38648], "rotation": [-155, 0, -90], "uv": [15, 36]},
						{"origin": [-4.66815, 16.68513, 14.80477], "size": [10, 0, 5], "pivot": [0, 12.08185, 15.3962], "rotation": [-157.5, 0, 90], "uv": [15, 36], "mirror": true},
						{"origin": [-5, 7.72865, 14.23255], "size": [10, 0, 5], "pivot": [0, 10.47865, 15.73255], "rotation": [162.5, 0, 180], "uv": [15, 36]}
					]
				},
				{
					"name": "tail4",
					"parent": "tail5",
					"pivot": [0, 11.98692, 19.91929],
					"cubes": [
						{"origin": [-3, 9, 16.5], "size": [6, 6, 4], "uv": [21, 41]},
						{"origin": [-4, 17.67146, 7.22124], "size": [8, 0, 5], "pivot": [0, 14.92146, 14.22124], "rotation": [-160, 0, 180], "uv": [15, 36]},
						{"origin": [-4.33185, 17.68513, 8.80477], "size": [8, 0, 5], "pivot": [0, 12.08185, 14.3962], "rotation": [-157.5, 0, -90], "uv": [15, 36]},
						{"origin": [-3.66815, 17.68513, 8.80477], "size": [8, 0, 5], "pivot": [0, 12.08185, 14.3962], "rotation": [-157.5, 0, 90], "uv": [15, 36], "mirror": true},
						{"origin": [-4, 5.32854, -1.02876], "size": [8, 0, 5], "pivot": [0, -14.92146, 14.22124], "rotation": [160, 0, -180], "uv": [15, 36]}
					]
				},
				{
					"name": "tail3",
					"parent": "tail4",
					"pivot": [0, 11.87585, 23.85513],
					"cubes": [
						{"origin": [-2, 10, 20.5], "size": [4, 4, 4], "uv": [0, 46]},
						{"origin": [-3, 18.17146, 1.22124], "size": [6, 0, 5], "pivot": [0, 14.92146, 13.22124], "rotation": [-160, 0, 180], "uv": [0, 36]},
						{"origin": [-3.33185, 18.68513, 2.80477], "size": [6, 0, 5], "pivot": [0, 12.08185, 13.3962], "rotation": [-157.5, 0, -90], "uv": [0, 36]},
						{"origin": [-2.66815, 18.68513, 2.80477], "size": [6, 0, 5], "pivot": [0, 12.08185, 13.3962], "rotation": [-157.5, 0, 90], "uv": [0, 36], "mirror": true},
						{"origin": [-3, 4.32854, -6.77876], "size": [6, 0, 5], "pivot": [0, -14.92146, 13.22124], "rotation": [160, 0, -180], "uv": [0, 36]}
					]
				},
				{
					"name": "tail2",
					"parent": "tail3",
					"pivot": [0, 11.93993, 27.56377],
					"cubes": [
						{"origin": [-1.66815, 19.43513, -2.49523], "size": [4, 0, 5], "pivot": [0, 12.08185, 13.0962], "rotation": [-157.5, 0, 90], "uv": [45, 16], "mirror": true},
						{"origin": [-2.33185, 19.43513, -2.49523], "size": [4, 0, 5], "pivot": [0, 12.08185, 13.0962], "rotation": [-157.5, 0, -90], "uv": [45, 16]},
						{"origin": [-2, 19.17146, -4.07876], "size": [4, 0, 5], "pivot": [0, 14.92146, 12.92124], "rotation": [-160, 0, 180], "uv": [45, 16]},
						{"origin": [-2, 3.57854, -12.32876], "size": [4, 0, 5], "pivot": [0, -14.92146, 12.92124], "rotation": [160, 0, -180], "uv": [45, 16]},
						{"origin": [-1, 11, 25.2], "size": [2, 2, 4], "uv": [12, 50]}
					]
				},
				{
					"name": "tailTip",
					"parent": "tail2",
					"pivot": [-1.44741, 11.75, 32.73656],
					"cubes": [
						{"origin": [0.69741, 11.25, 32.23656], "size": [2, 0, 3], "pivot": [1.44741, 11.75, 32.73656], "rotation": [-170, 0, -90], "uv": [0, 0]},
						{"origin": [-3.04183, 12.9, 31.10733], "size": [2, 0, 3], "pivot": [-1.04183, 13, 32.15733], "rotation": [-172.5, 0, -180], "uv": [0, 0], "mirror": true},
						{"origin": [-0.5, 11.5, 30.2], "size": [1, 1, 2], "uv": [20, 16]},
						{"origin": [-3.04183, 11.1, 31.30733], "size": [2, 0, 3], "pivot": [-1.04183, 13, 32.15733], "rotation": [172.5, 0, -180], "uv": [0, 0], "mirror": true},
						{"origin": [-2.69741, 11.25, 32.23656], "size": [2, 0, 3], "pivot": [-1.44741, 11.75, 32.73656], "rotation": [-170, 0, 90], "uv": [0, 0], "mirror": true}
					]
				},
				{
					"name": "bipedRightArm",
					"pivot": [-4, 22, 0]
				},
				{
					"name": "armorRightArm",
					"parent": "bipedRightArm",
					"pivot": [-4, 22, 0]
				},
				{
					"name": "bipedLeftArm",
					"pivot": [4, 22, 0]
				},
				{
					"name": "armorLeftArm",
					"parent": "bipedLeftArm",
					"pivot": [4, 22, 0]
				},
				{
					"name": "bipedLeftLeg",
					"pivot": [-2, 12, 0]
				},
				{
					"name": "armorLeftLeg",
					"parent": "bipedLeftLeg",
					"pivot": [-2, 12, 0]
				},
				{
					"name": "armorLeftBoot",
					"parent": "bipedLeftLeg",
					"pivot": [-2, 12, 0]
				},
				{
					"name": "bipedRightLeg",
					"pivot": [2, 12, 0]
				},
				{
					"name": "armorRightLeg",
					"parent": "bipedRightLeg",
					"pivot": [2, 12, 0]
				},
				{
					"name": "armorRightBoot",
					"parent": "bipedRightLeg",
					"pivot": [2, 12, 0]
				}
			]
		}
	]
}