{
	"format_version": "1.12.0",
	"minecraft:geometry": [
		{
			"description": {
				"identifier": "geometry.unknown",
				"texture_width": 64,
				"texture_height": 64,
				"visible_bounds_width": 2,
				"visible_bounds_height": 3.5,
				"visible_bounds_offset": [0, 1.25, 0]
			},
			"bones": [
				{
					"name": "bipedHead",
					"pivot": [0, 24, 0]
				},
				{
					"name": "armorHead",
					"parent": "bipedHead",
					"pivot": [0, 24, 0],
					"cubes": [
						{
							"origin": [-4, 33, -0.5],
							"size": [2, 3, 2],
							"uv": {
								"north": {"uv": [56, 12], "uv_size": [8, 12]},
								"east": {"uv": [56, 12], "uv_size": [8, 12]},
								"south": {"uv": [56, 12], "uv_size": [8, 12]},
								"west": {"uv": [56, 12], "uv_size": [8, 12]},
								"up": {"uv": [56, 12], "uv_size": [8, 4]}
							}
						},
						{
							"origin": [-5.001, 29.999, -1.001],
							"size": [3.002, 3.002, 3.002],
							"uv": {
								"north": {"uv": [52, 24], "uv_size": [12, 12]},
								"east": {"uv": [52, 24], "uv_size": [12, 12]},
								"south": {"uv": [52, 24], "uv_size": [12, 12]},
								"west": {"uv": [52, 24], "uv_size": [12, 12]},
								"up": {"uv": [52, 24], "uv_size": [12, 12]},
								"down": {"uv": [52, 36], "uv_size": [12, -4]}
							}
						},
						{
							"origin": [-2.999, 36.001, 0.001],
							"size": [0.998, 1.998, 0.998],
							"uv": {
								"north": {"uv": [60, 0], "uv_size": [4, 8]},
								"east": {"uv": [60, 0], "uv_size": [4, 8]},
								"south": {"uv": [60, 0], "uv_size": [4, 8]},
								"west": {"uv": [60, 0], "uv_size": [4, 8]},
								"up": {"uv": [64, 8], "uv_size": [-4, -4]}
							}
						},
						{
							"origin": [1.999, 29.999, -1.001],
							"size": [3.002, 3.002, 3.002],
							"uv": {
								"north": {"uv": [64, 24], "uv_size": [-12, 12]},
								"east": {"uv": [64, 24], "uv_size": [-12, 12]},
								"south": {"uv": [64, 24], "uv_size": [-12, 12]},
								"west": {"uv": [64, 24], "uv_size": [-12, 12]},
								"up": {"uv": [64, 24], "uv_size": [-12, 12]},
								"down": {"uv": [64, 36], "uv_size": [-12, -4]}
							}
						},
						{
							"origin": [2, 33, -0.5],
							"size": [2, 3, 2],
							"uv": {
								"north": {"uv": [64, 12], "uv_size": [-8, 12]},
								"east": {"uv": [64, 12], "uv_size": [-8, 12]},
								"south": {"uv": [64, 12], "uv_size": [-8, 12]},
								"west": {"uv": [64, 12], "uv_size": [-8, 12]},
								"up": {"uv": [64, 12], "uv_size": [-8, 4]}
							}
						},
						{
							"origin": [2.001, 36.001, 0.001],
							"size": [0.998, 1.998, 0.998],
							"uv": {
								"north": {"uv": [60, 0], "uv_size": [4, 8]},
								"east": {"uv": [60, 0], "uv_size": [4, 8]},
								"south": {"uv": [60, 0], "uv_size": [4, 8]},
								"west": {"uv": [60, 0], "uv_size": [4, 8]},
								"up": {"uv": [64, 8], "uv_size": [-4, -4]}
							}
						}
					]
				},
				{
					"name": "bipedBody",
					"pivot": [0, 24, 0]
				},
				{
					"name": "armorBody",
					"parent": "bipedBody",
					"pivot": [0, 24, 0]
				},
				{
					"name": "bipedRightArm",
					"pivot": [-4, 22, 0]
				},
				{
					"name": "armorRightArm",
					"parent": "bipedRightArm",
					"pivot": [-4, 22, 0]
				},
				{
					"name": "bipedLeftArm",
					"pivot": [4, 22, 0]
				},
				{
					"name": "armorLeftArm",
					"parent": "bipedLeftArm",
					"pivot": [4, 22, 0]
				},
				{
					"name": "bipedLeftLeg",
					"pivot": [-2, 12, 0]
				},
				{
					"name": "armorLeftLeg",
					"parent": "bipedLeftLeg",
					"pivot": [-2, 12, 0]
				},
				{
					"name": "armorLeftBoot",
					"parent": "bipedLeftLeg",
					"pivot": [-2, 12, 0]
				},
				{
					"name": "bipedRightLeg",
					"pivot": [2, 12, 0]
				},
				{
					"name": "armorRightLeg",
					"parent": "bipedRightLeg",
					"pivot": [2, 12, 0]
				},
				{
					"name": "armorRightBoot",
					"parent": "bipedRightLeg",
					"pivot": [2, 12, 0]
				}
			]
		}
	]
}