{
	"format_version": "1.12.0",
	"minecraft:geometry": [
		{
			"description": {
				"identifier": "geometry.unknown",
				"texture_width": 64,
				"texture_height": 64,
				"visible_bounds_width": 3,
				"visible_bounds_height": 4.5,
				"visible_bounds_offset": [0, 1.75, 0]
			},
			"bones": [
				{
					"name": "bipedHead",
					"pivot": [0, 24, 0]
				},
				{
					"name": "armorHead",
					"parent": "bipedHead",
					"pivot": [0, 24, 0],
					"cubes": [
						{
							"origin": [-4, 28, -4.025],
							"size": [8, 4, 0],
							"uv": {
								"north": {"uv": [8, 0], "uv_size": [8, 4]}
							}
						},
						{
							"origin": [-6.5, 22.5, -5.775],
							"size": [13, 7.5, 3],
							"inflate": -1.5,
							"uv": {
								"north": {"uv": [14, 17], "uv_size": [13, 6]}
							}
						},
						{
							"origin": [0.25, 24, -4.75],
							"size": [4, 8, 3],
							"pivot": [1.25, 32, -1.75],
							"rotation": [-12.5, -5, -12.5],
							"uv": {
								"north": {"uv": [3, 35], "uv_size": [4, 8]},
								"east": {"uv": [0, 35], "uv_size": [3, 8]},
								"west": {"uv": [7, 35], "uv_size": [3, 8]},
								"up": {"uv": [3, 35], "uv_size": [4, -3]},
								"down": {"uv": [11, 35], "uv_size": [-4, -3]}
							}
						},
						{
							"origin": [1, 21.75, -5.25],
							"size": [4, 8, 3],
							"inflate": -0.25,
							"pivot": [2, 29.75, -2.25],
							"rotation": [2.52635, -4.18284, -1.20978],
							"uv": {
								"north": {"uv": [13, 38], "uv_size": [4, 8]},
								"east": {"uv": [10, 38], "uv_size": [3, 8]},
								"south": {"uv": [20, 38], "uv_size": [4, 8]},
								"west": {"uv": [17, 38], "uv_size": [3, 8]},
								"up": {"uv": [13, 38], "uv_size": [4, -3]},
								"down": {"uv": [21, 38], "uv_size": [-4, -3]}
							}
						},
						{
							"origin": [4.25, 32, -1.75],
							"size": [-4, -8, -3],
							"pivot": [1.25, 32, -1.75],
							"rotation": [-12.5, -5, -12.5],
							"uv": {
								"east": {"uv": [7, 43], "uv_size": [3, -8]},
								"south": {"uv": [3, 43], "uv_size": [4, -8]},
								"west": {"uv": [0, 43], "uv_size": [3, -8]},
								"up": {"uv": [7, 35], "uv_size": [4, -3]},
								"down": {"uv": [7, 35], "uv_size": [-4, -3]}
							}
						},
						{
							"origin": [5, 29.75, -2.25],
							"size": [-4, -8, -3],
							"inflate": 0.25,
							"pivot": [2, 29.75, -2.25],
							"rotation": [2.52635, -4.18284, -1.20978],
							"uv": {
								"north": {"uv": [20, 46], "uv_size": [4, -8]},
								"east": {"uv": [17, 46], "uv_size": [3, -8]},
								"south": {"uv": [13, 46], "uv_size": [4, -8]},
								"west": {"uv": [10, 46], "uv_size": [3, -8]},
								"up": {"uv": [17, 38], "uv_size": [4, -3]},
								"down": {"uv": [17, 38], "uv_size": [-4, -3]}
							}
						}
					]
				},
				{
					"name": "eyelids",
					"parent": "armorHead",
					"pivot": [-2, 28, -4],
					"cubes": [
						{
							"origin": [-4, 27, -4.0125],
							"size": [8, 3, 0],
							"uv": {
								"north": {"uv": [16, 13], "uv_size": [8, 3]}
							}
						}
					]
				},
				{
					"name": "leftBtmHorn",
					"parent": "armorHead",
					"pivot": [5, 28, 0],
					"rotation": [0, 0, 27.5],
					"cubes": [
						{
							"origin": [2, 28, -1.5],
							"size": [3, 4, 3],
							"uv": {
								"north": {"uv": [5, 12], "uv_size": [3, 4]},
								"east": {"uv": [5, 12], "uv_size": [3, 4]},
								"south": {"uv": [5, 12], "uv_size": [3, 4]},
								"west": {"uv": [5, 12], "uv_size": [3, 4]},
								"up": {"uv": [8, 13], "uv_size": [-3, -1]},
								"down": {"uv": [8, 16], "uv_size": [-3, -4]}
							}
						}
					]
				},
				{
					"name": "bone",
					"parent": "leftBtmHorn",
					"pivot": [5, 32, 0],
					"rotation": [0, 0, -60],
					"cubes": [
						{
							"origin": [2, 32, -1.25],
							"size": [3, 4, 2.5],
							"uv": {
								"north": {"uv": [5, 8], "uv_size": [3, 4]},
								"east": {"uv": [5, 8], "uv_size": [3, 4]},
								"south": {"uv": [5, 8], "uv_size": [3, 4]},
								"west": {"uv": [5, 8], "uv_size": [3, 4]},
								"up": {"uv": [8, 9], "uv_size": [-3, -1]},
								"down": {"uv": [8, 12], "uv_size": [-3, -4]}
							}
						}
					]
				},
				{
					"name": "bone2",
					"parent": "bone",
					"pivot": [2, 36, 0],
					"rotation": [0, 0, 30],
					"cubes": [
						{
							"origin": [2, 36, -1],
							"size": [2, 4, 2],
							"uv": {
								"north": {"uv": [5, 4], "uv_size": [2, 4]},
								"east": {"uv": [5, 4], "uv_size": [2, 4]},
								"south": {"uv": [5, 4], "uv_size": [2, 4]},
								"west": {"uv": [5, 4], "uv_size": [2, 4]},
								"up": {"uv": [7, 5], "uv_size": [-2, -1]},
								"down": {"uv": [7, 8], "uv_size": [-2, -4]}
							}
						},
						{
							"origin": [2, 40, -0.5],
							"size": [1, 3, 1],
							"uv": {
								"north": {"uv": [6, 1], "uv_size": [1, 3]},
								"east": {"uv": [6, 1], "uv_size": [1, 3]},
								"south": {"uv": [6, 1], "uv_size": [1, 3]},
								"west": {"uv": [6, 1], "uv_size": [1, 3]},
								"up": {"uv": [7, 2], "uv_size": [-1, -1]},
								"down": {"uv": [7, 4], "uv_size": [-1, -3]}
							}
						},
						{
							"origin": [2, 35.83772, -0.5],
							"size": [1, 7.16228, 1],
							"pivot": [3, 43, 0],
							"rotation": [0, 0, -18.4349],
							"uv": {
								"north": {"uv": [7, 1], "uv_size": [1, 7]},
								"east": {"uv": [7, 1], "uv_size": [1, 7]},
								"south": {"uv": [7, 1], "uv_size": [1, 7]},
								"west": {"uv": [7, 1], "uv_size": [1, 7]},
								"up": {"uv": [8, 8], "uv_size": [-1, -7]},
								"down": {"uv": [8, 8], "uv_size": [-1, -7]}
							}
						}
					]
				},
				{
					"name": "rightBtmHorn",
					"parent": "armorHead",
					"pivot": [-5, 28, 0],
					"rotation": [0, 0, -27.5],
					"cubes": [
						{
							"origin": [-5, 28, -1.5],
							"size": [3, 4, 3],
							"uv": {
								"north": {"uv": [8, 12], "uv_size": [-3, 4]},
								"east": {"uv": [8, 12], "uv_size": [-3, 4]},
								"south": {"uv": [8, 12], "uv_size": [-3, 4]},
								"west": {"uv": [8, 12], "uv_size": [-3, 4]},
								"up": {"uv": [5, 13], "uv_size": [3, -1]},
								"down": {"uv": [5, 16], "uv_size": [3, -4]}
							}
						}
					]
				},
				{
					"name": "bone3",
					"parent": "rightBtmHorn",
					"pivot": [-5, 32, 0],
					"rotation": [0, 0, 60],
					"cubes": [
						{
							"origin": [-5, 32, -1.25],
							"size": [3, 4, 2.5],
							"uv": {
								"north": {"uv": [8, 8], "uv_size": [-3, 4]},
								"east": {"uv": [8, 8], "uv_size": [-3, 4]},
								"south": {"uv": [8, 8], "uv_size": [-3, 4]},
								"west": {"uv": [8, 8], "uv_size": [-3, 4]},
								"up": {"uv": [5, 9], "uv_size": [3, -1]},
								"down": {"uv": [5, 12], "uv_size": [3, -4]}
							}
						}
					]
				},
				{
					"name": "bone4",
					"parent": "bone3",
					"pivot": [-2, 36, 0],
					"rotation": [0, 0, -30],
					"cubes": [
						{
							"origin": [-4, 36, -1],
							"size": [2, 4, 2],
							"uv": {
								"north": {"uv": [7, 4], "uv_size": [-2, 4]},
								"east": {"uv": [7, 4], "uv_size": [-2, 4]},
								"south": {"uv": [7, 4], "uv_size": [-2, 4]},
								"west": {"uv": [7, 4], "uv_size": [-2, 4]},
								"up": {"uv": [5, 5], "uv_size": [2, -1]},
								"down": {"uv": [5, 8], "uv_size": [2, -4]}
							}
						},
						{
							"origin": [-3, 40, -0.5],
							"size": [1, 3, 1],
							"uv": {
								"north": {"uv": [7, 1], "uv_size": [-1, 3]},
								"east": {"uv": [7, 1], "uv_size": [-1, 3]},
								"south": {"uv": [7, 1], "uv_size": [-1, 3]},
								"west": {"uv": [7, 1], "uv_size": [-1, 3]},
								"up": {"uv": [6, 2], "uv_size": [1, -1]},
								"down": {"uv": [6, 4], "uv_size": [1, -3]}
							}
						},
						{
							"origin": [-3, 35.83772, -0.5],
							"size": [1, 7.16228, 1],
							"pivot": [-3, 43, 0],
							"rotation": [0, 0, 18.4349],
							"uv": {
								"north": {"uv": [8, 1], "uv_size": [-1, 7]},
								"east": {"uv": [8, 1], "uv_size": [-1, 7]},
								"south": {"uv": [8, 1], "uv_size": [-1, 7]},
								"west": {"uv": [8, 1], "uv_size": [-1, 7]},
								"up": {"uv": [7, 8], "uv_size": [1, -7]},
								"down": {"uv": [7, 8], "uv_size": [1, -7]}
							}
						}
					]
				},
				{
					"name": "hairBack",
					"parent": "armorHead",
					"pivot": [0, 24, 3],
					"rotation": [10, 0, 0],
					"cubes": [
						{
							"origin": [-4, 16, 1],
							"size": [8, 11, 3],
							"inflate": -0.01,
							"uv": {
								"east": {"uv": [61, 53], "uv_size": [3, 11]},
								"south": {"uv": [53, 53], "uv_size": [8, 11]},
								"west": {"uv": [50, 53], "uv_size": [3, 11]}
							}
						},
						{
							"origin": [-7, 16, 4],
							"size": [14, 8, 0],
							"pivot": [0, 16, 4],
							"rotation": [-20, 0, 0],
							"uv": {
								"south": {"uv": [50, 45], "uv_size": [14, 8]}
							}
						}
					]
				},
				{
					"name": "bipedBody",
					"pivot": [0, 24, 0]
				},
				{
					"name": "armorBody",
					"parent": "bipedBody",
					"pivot": [0, 24, 0],
					"cubes": [
						{
							"origin": [-4, 19, -6],
							"size": [8, 4, 4],
							"inflate": -0.001,
							"pivot": [0, 23, -2],
							"rotation": [55, 0, 0],
							"uv": {
								"north": {"uv": [52, 29], "uv_size": [8, 3]},
								"east": {"uv": [48, 29], "uv_size": [4, 3]},
								"west": {"uv": [60, 29], "uv_size": [4, 3]},
								"up": {"uv": [52, 25], "uv_size": [8, 4]}
							}
						},
						{
							"origin": [-4, 19, -6],
							"size": [8, 4, 4],
							"inflate": 0.249,
							"pivot": [0, 23, -2],
							"rotation": [55, 0, 0],
							"uv": {
								"north": {"uv": [35, 29], "uv_size": [8, 3]},
								"east": {"uv": [31, 29], "uv_size": [4, 3]},
								"west": {"uv": [43, 29], "uv_size": [4, 3]},
								"up": {"uv": [35, 25], "uv_size": [8, 4]}
							}
						}
					]
				},
				{
					"name": "mouth_sides",
					"parent": "armorBody",
					"pivot": [0, 16, -2],
					"cubes": [
						{
							"origin": [-4, 13, -2],
							"size": [8, 6, 4],
							"inflate": 0.26,
							"uv": {
								"north": {"uv": [32, 0], "uv_size": [8, 6]},
								"east": {"uv": [44, 0], "uv_size": [-4, 6]},
								"west": {"uv": [40, 0], "uv_size": [4, 6]}
							}
						},
						{
							"origin": [-4, 13, -2],
							"size": [8, 6, 4],
							"inflate": 0.01,
							"uv": {
								"north": {"uv": [51, 33], "uv_size": [8, 6]},
								"east": {"uv": [47, 33], "uv_size": [4, 6]},
								"west": {"uv": [59, 33], "uv_size": [4, 6]}
							}
						}
					]
				},
				{
					"name": "mouth_top",
					"parent": "armorBody",
					"pivot": [0, 20, -2],
					"cubes": [
						{
							"origin": [-4, 12, -2.5],
							"size": [8, 8, 3],
							"inflate": 0.05,
							"pivot": [0, 20, -2.5],
							"rotation": [-7.5, 0, 0],
							"uv": {
								"north": {"uv": [55, 0], "uv_size": [9, 9]},
								"east": {"uv": [63, 18], "uv_size": [-4, -9]},
								"west": {"uv": [60, 18], "uv_size": [-4, -9]}
							}
						},
						{
							"origin": [-4, 12, -2.25],
							"size": [8, 8, 0],
							"pivot": [0, 20, -2.5],
							"rotation": [-10, 0, 0],
							"uv": {
								"north": {"uv": [46, 0], "uv_size": [9, 9]}
							}
						}
					]
				},
				{
					"name": "mouth_btm",
					"parent": "armorBody",
					"pivot": [0, 12, -2],
					"cubes": [
						{
							"origin": [-4, 12, -2.375],
							"size": [8, 8, 3],
							"inflate": 0.1,
							"pivot": [0, 12, -2.375],
							"rotation": [5, 0, 0],
							"uv": {
								"north": {"uv": [55, 9], "uv_size": [9, 9]},
								"east": {"uv": [60, 9], "uv_size": [-4, 9]},
								"west": {"uv": [63, 9], "uv_size": [-4, 9]}
							}
						},
						{
							"origin": [-4, 12, -2.25],
							"size": [8, 8, 0],
							"pivot": [0, 12, -2.5],
							"rotation": [5, 0, 0],
							"uv": {
								"north": {"uv": [46, 9], "uv_size": [9, 9]}
							}
						}
					]
				},
				{
					"name": "tongue",
					"parent": "armorBody",
					"pivot": [0, 17, -2],
					"cubes": [
						{
							"origin": [-2.5, 13.5, -2],
							"size": [5, 4, 1],
							"pivot": [0, 17, -2],
							"rotation": [-7.5, 0, 0],
							"uv": {
								"north": {"uv": [53, 20], "uv_size": [5, 4]},
								"east": {"uv": [52, 20], "uv_size": [1, 4]},
								"south": {"uv": [59, 20], "uv_size": [5, 4]},
								"west": {"uv": [58, 20], "uv_size": [1, 4]},
								"up": {"uv": [53, 19], "uv_size": [5, 1]},
								"down": {"uv": [58, 20], "uv_size": [5, -1]}
							}
						}
					]
				},
				{
					"name": "frontCloak",
					"parent": "armorBody",
					"pivot": [0, 12, -2.25],
					"rotation": [-2.5, 0, 0],
					"cubes": [
						{
							"origin": [-2.5, 5, -2.25],
							"size": [5, 7, 0],
							"uv": {
								"north": {"uv": [16, 25], "uv_size": [5, 7]}
							}
						}
					]
				},
				{
					"name": "backCloak",
					"parent": "armorBody",
					"pivot": [0, 13, 0],
					"cubes": [
						{
							"origin": [-4, 6, -1],
							"size": [8, 8, 3],
							"inflate": 0.255,
							"pivot": [0, 13, 0],
							"rotation": [2.5, 0, 0],
							"uv": {
								"east": {"uv": [11, 24], "uv_size": [3, 8]},
								"south": {"uv": [3, 24], "uv_size": [8, 8]},
								"west": {"uv": [0, 24], "uv_size": [3, 8]},
								"up": {"uv": [4, 16], "uv_size": [4, 4]},
								"down": {"uv": [8, 20], "uv_size": [4, -4]}
							}
						},
						{
							"origin": [-4, 6.24619, -0.57552],
							"size": [8, 4, 3],
							"inflate": 0.5,
							"pivot": [0, 9.25, 0.25],
							"rotation": [-2.5, 0, 0],
							"uv": {
								"east": {"uv": [7, 48], "uv_size": [-3, 4]},
								"south": {"uv": [11, 48], "uv_size": [8, 4]},
								"west": {"uv": [4, 48], "uv_size": [3, 4]}
							}
						},
						{
							"origin": [-4, 7, 2.25],
							"size": [8, 3, 0],
							"inflate": 0.25,
							"pivot": [0, 14, 0.25],
							"rotation": [2.5, 0, 0],
							"uv": {
								"south": {"uv": [7, 48], "uv_size": [8, 3]}
							}
						},
						{
							"origin": [4, 10.24619, 2.42448],
							"size": [-8, -4, -3],
							"inflate": -0.5,
							"pivot": [0, 9.25, 0.25],
							"rotation": [-2.5, 0, 0],
							"uv": {
								"north": {"uv": [11, 52], "uv_size": [8, -4]},
								"east": {"uv": [4, 52], "uv_size": [3, -4]},
								"west": {"uv": [7, 52], "uv_size": [-3, -4]}
							}
						}
					]
				},
				{
					"name": "bipedRightArm",
					"pivot": [-4, 22, 0]
				},
				{
					"name": "armorRightArm",
					"parent": "bipedRightArm",
					"pivot": [-4, 22, 0],
					"cubes": [
						{
							"origin": [-7.5, 14, -1],
							"size": [2, 2, 2],
							"uv": {
								"north": {"uv": [48, 22], "uv_size": [-2, 2]},
								"east": {"uv": [47, 21], "uv_size": [-2, 2]},
								"south": {"uv": [49, 21], "uv_size": [-2, 2]},
								"west": {"uv": [49, 21], "uv_size": [-2, 2]},
								"up": {"uv": [45, 25], "uv_size": [2, -2]},
								"down": {"uv": [47, 25], "uv_size": [2, -2]}
							}
						}
					]
				},
				{
					"name": "rightArmSash",
					"parent": "armorRightArm",
					"pivot": [-4, 21, 0],
					"rotation": [0, 0, -30],
					"cubes": [
						{
							"origin": [-9, 21, -2.5],
							"size": [6, 3, 5],
							"uv": {
								"north": {"uv": [10, 48], "uv_size": [6, 3]},
								"east": {"uv": [5, 48], "uv_size": [5, 3]},
								"south": {"uv": [3, 48], "uv_size": [6, 3]},
								"west": {"uv": [15, 48], "uv_size": [5, 3]},
								"down": {"uv": [32, 51], "uv_size": [-5, -5]}
							}
						},
						{
							"origin": [-7.5, 21, -2],
							"size": [4, 3, 4],
							"inflate": 0.25,
							"pivot": [-3, 21, 0],
							"rotation": [0, 0, 10],
							"uv": {
								"north": {"uv": [9, 48], "uv_size": [4, 3]},
								"east": {"uv": [5, 48], "uv_size": [4, 3]},
								"south": {"uv": [17, 48], "uv_size": [4, 3]},
								"west": {"uv": [13, 48], "uv_size": [4, 3]},
								"down": {"uv": [31, 50], "uv_size": [-4, -4]}
							}
						},
						{
							"origin": [-9, 21, -2.5],
							"size": [6, 2, 5],
							"inflate": 0.25,
							"uv": {
								"north": {"uv": [21, 48], "uv_size": [-6, 2]},
								"east": {"uv": [9, 48], "uv_size": [-5, 2]},
								"south": {"uv": [21, 48], "uv_size": [-6, 2]},
								"west": {"uv": [14, 48], "uv_size": [-5, 2]}
							}
						},
						{
							"origin": [-9, 19, -2.5],
							"size": [5, 2, 5],
							"uv": {
								"north": {"uv": [5, 55], "uv_size": [5, 2]},
								"east": {"uv": [0, 55], "uv_size": [5, 2]},
								"south": {"uv": [15, 55], "uv_size": [5, 2]},
								"west": {"uv": [10, 55], "uv_size": [5, 2]}
							}
						},
						{
							"origin": [-3, 24, 2.5],
							"size": [-6, -3, -5],
							"uv": {
								"north": {"uv": [3, 51], "uv_size": [6, -3]},
								"east": {"uv": [15, 51], "uv_size": [5, -3]},
								"south": {"uv": [10, 51], "uv_size": [6, -3]},
								"west": {"uv": [5, 51], "uv_size": [5, -3]},
								"up": {"uv": [27, 51], "uv_size": [5, -5]}
							}
						},
						{
							"origin": [-3.5, 24, 2],
							"size": [-4, -3, -4],
							"inflate": -0.25,
							"pivot": [-3, 21, 0],
							"rotation": [0, 0, 10],
							"uv": {
								"north": {"uv": [17, 51], "uv_size": [4, -3]},
								"east": {"uv": [13, 51], "uv_size": [4, -3]},
								"south": {"uv": [9, 51], "uv_size": [4, -3]},
								"west": {"uv": [5, 51], "uv_size": [4, -3]},
								"up": {"uv": [27, 50], "uv_size": [4, -4]}
							}
						},
						{
							"origin": [-3, 23, 2.5],
							"size": [-6, -2, -5],
							"inflate": -0.25,
							"uv": {
								"north": {"uv": [21, 50], "uv_size": [-6, -2]},
								"east": {"uv": [14, 50], "uv_size": [-5, -2]},
								"south": {"uv": [21, 50], "uv_size": [-6, -2]},
								"west": {"uv": [9, 50], "uv_size": [-5, -2]}
							}
						}
					]
				},
				{
					"name": "rightArmPupil",
					"parent": "armorRightArm",
					"pivot": [-7.625, 15, 0],
					"cubes": [
						{
							"origin": [-7.625, 14.5, -0.5],
							"size": [0, 1, 1],
							"uv": {
								"east": {"uv": [44, 22], "uv_size": [-1, 1]}
							}
						}
					]
				},
				{
					"name": "bipedLeftArm",
					"pivot": [4, 22, 0]
				},
				{
					"name": "armorLeftArm",
					"parent": "bipedLeftArm",
					"pivot": [4, 22, 0],
					"cubes": [
						{
							"origin": [5.5, 14, -1],
							"size": [2, 2, 2],
							"uv": {
								"north": {"uv": [46, 22], "uv_size": [2, 2]},
								"east": {"uv": [47, 21], "uv_size": [2, 2]},
								"south": {"uv": [47, 21], "uv_size": [2, 2]},
								"west": {"uv": [45, 21], "uv_size": [2, 2]},
								"up": {"uv": [47, 25], "uv_size": [-2, -2]},
								"down": {"uv": [49, 25], "uv_size": [-2, -2]}
							}
						}
					]
				},
				{
					"name": "leftArmPupil",
					"parent": "armorLeftArm",
					"pivot": [7.625, 15, 0],
					"cubes": [
						{
							"origin": [7.625, 14.5, -0.5],
							"size": [0, 1, 1],
							"uv": {
								"west": {"uv": [43, 22], "uv_size": [1, 1]}
							}
						}
					]
				},
				{
					"name": "leftArmSash",
					"parent": "armorLeftArm",
					"pivot": [4, 21, 0],
					"rotation": [0, 0, 30],
					"cubes": [
						{
							"origin": [3, 21, -2.5],
							"size": [6, 3, 5],
							"uv": {
								"north": {"uv": [16, 48], "uv_size": [-6, 3]},
								"east": {"uv": [20, 48], "uv_size": [-5, 3]},
								"south": {"uv": [9, 48], "uv_size": [-6, 3]},
								"west": {"uv": [10, 48], "uv_size": [-5, 3]},
								"down": {"uv": [27, 51], "uv_size": [5, -5]}
							}
						},
						{
							"origin": [3.5, 21, -2],
							"size": [4, 3, 4],
							"inflate": 0.25,
							"pivot": [3, 21, 0],
							"rotation": [0, 0, -10],
							"uv": {
								"north": {"uv": [13, 48], "uv_size": [-4, 3]},
								"east": {"uv": [17, 48], "uv_size": [-4, 3]},
								"south": {"uv": [21, 48], "uv_size": [-4, 3]},
								"west": {"uv": [9, 48], "uv_size": [-4, 3]},
								"down": {"uv": [27, 50], "uv_size": [4, -4]}
							}
						},
						{
							"origin": [3, 21, -2.5],
							"size": [6, 2, 5],
							"inflate": 0.25,
							"uv": {
								"north": {"uv": [14, 48], "uv_size": [6, 2]},
								"east": {"uv": [8, 48], "uv_size": [5, 2]},
								"south": {"uv": [14, 48], "uv_size": [6, 2]},
								"west": {"uv": [3, 48], "uv_size": [5, 2]}
							}
						},
						{
							"origin": [4, 19, -2.5],
							"size": [5, 2, 5],
							"uv": {
								"north": {"uv": [10, 55], "uv_size": [-5, 2]},
								"east": {"uv": [15, 55], "uv_size": [-5, 2]},
								"south": {"uv": [20, 55], "uv_size": [-5, 2]},
								"west": {"uv": [5, 55], "uv_size": [-5, 2]}
							}
						},
						{
							"origin": [7.5, 24, 2],
							"size": [-4, -3, -4],
							"inflate": -0.25,
							"pivot": [3, 21, 0],
							"rotation": [0, 0, -10],
							"uv": {
								"north": {"uv": [21, 51], "uv_size": [-4, -3]},
								"east": {"uv": [9, 51], "uv_size": [-4, -3]},
								"south": {"uv": [13, 51], "uv_size": [-4, -3]},
								"west": {"uv": [17, 51], "uv_size": [-4, -3]},
								"up": {"uv": [31, 50], "uv_size": [-4, -4]}
							}
						},
						{
							"origin": [9, 24, 2.5],
							"size": [-6, -3, -5],
							"uv": {
								"north": {"uv": [9, 51], "uv_size": [-6, -3]},
								"east": {"uv": [10, 51], "uv_size": [-5, -3]},
								"south": {"uv": [16, 51], "uv_size": [-6, -3]},
								"west": {"uv": [20, 51], "uv_size": [-5, -3]},
								"up": {"uv": [32, 51], "uv_size": [-5, -5]}
							}
						},
						{
							"origin": [9, 23, 2.5],
							"size": [-6, -2, -5],
							"inflate": -0.25,
							"uv": {
								"north": {"uv": [14, 50], "uv_size": [6, -2]},
								"east": {"uv": [3, 50], "uv_size": [5, -2]},
								"south": {"uv": [14, 50], "uv_size": [6, -2]},
								"west": {"uv": [8, 50], "uv_size": [5, -2]}
							}
						}
					]
				},
				{
					"name": "bipedLeftLeg",
					"pivot": [-2, 12, 0]
				},
				{
					"name": "armorLeftLeg",
					"parent": "bipedLeftLeg",
					"pivot": [-2, 12, 0]
				},
				{
					"name": "armorLeftBoot",
					"parent": "bipedLeftLeg",
					"pivot": [-2, 12, 0],
					"cubes": [
						{
							"origin": [2.5, 2, -1],
							"size": [2, 2, 2],
							"uv": {
								"north": {"uv": [46, 22], "uv_size": [2, 2]},
								"east": {"uv": [47, 21], "uv_size": [2, 2]},
								"south": {"uv": [47, 21], "uv_size": [2, 2]},
								"west": {"uv": [45, 21], "uv_size": [2, 2]},
								"up": {"uv": [47, 25], "uv_size": [-2, -2]},
								"down": {"uv": [49, 25], "uv_size": [-2, -2]}
							}
						},
						{
							"origin": [1, 2, 0.5],
							"size": [2, 2, 2],
							"uv": {
								"north": {"uv": [46, 22], "uv_size": [2, 2]},
								"east": {"uv": [47, 21], "uv_size": [2, 2]},
								"south": {"uv": [47, 21], "uv_size": [2, 2]},
								"west": {"uv": [45, 21], "uv_size": [2, 2]},
								"up": {"uv": [47, 25], "uv_size": [-2, -2]},
								"down": {"uv": [49, 25], "uv_size": [-2, -2]}
							}
						}
					]
				},
				{
					"name": "leftLegPupil",
					"parent": "armorLeftBoot",
					"pivot": [4.625, 3, 0],
					"cubes": [
						{
							"origin": [4.625, 2.5, -0.5],
							"size": [0, 1, 1],
							"uv": {
								"west": {"uv": [43, 22], "uv_size": [1, 1]}
							}
						}
					]
				},
				{
					"name": "leftLegPupil2",
					"parent": "armorLeftBoot",
					"pivot": [2.125, 3, 1.5],
					"rotation": [0, -90, 0],
					"cubes": [
						{
							"origin": [3.25, 2.5, 1.125],
							"size": [0, 1, 1],
							"uv": {
								"west": {"uv": [43, 22], "uv_size": [1, 1]}
							}
						}
					]
				},
				{
					"name": "bipedRightLeg",
					"pivot": [2, 12, 0]
				},
				{
					"name": "armorRightLeg",
					"parent": "bipedRightLeg",
					"pivot": [2, 12, 0]
				},
				{
					"name": "armorRightBoot",
					"parent": "bipedRightLeg",
					"pivot": [2, 12, 0],
					"cubes": [
						{
							"origin": [-4.5, 2, -1],
							"size": [2, 2, 2],
							"uv": {
								"north": {"uv": [48, 22], "uv_size": [-2, 2]},
								"east": {"uv": [47, 21], "uv_size": [-2, 2]},
								"south": {"uv": [49, 21], "uv_size": [-2, 2]},
								"west": {"uv": [49, 21], "uv_size": [-2, 2]},
								"up": {"uv": [45, 25], "uv_size": [2, -2]},
								"down": {"uv": [47, 25], "uv_size": [2, -2]}
							}
						},
						{
							"origin": [-3, 2, 0.5],
							"size": [2, 2, 2],
							"uv": {
								"north": {"uv": [48, 22], "uv_size": [-2, 2]},
								"east": {"uv": [47, 21], "uv_size": [-2, 2]},
								"south": {"uv": [49, 21], "uv_size": [-2, 2]},
								"west": {"uv": [49, 21], "uv_size": [-2, 2]},
								"up": {"uv": [45, 25], "uv_size": [2, -2]},
								"down": {"uv": [47, 25], "uv_size": [2, -2]}
							}
						}
					]
				},
				{
					"name": "rightLegPupil",
					"parent": "armorRightBoot",
					"pivot": [-4.625, 3, 0],
					"cubes": [
						{
							"origin": [-4.625, 2.5, -0.5],
							"size": [0, 1, 1],
							"uv": {
								"east": {"uv": [44, 22], "uv_size": [-1, 1]}
							}
						}
					]
				},
				{
					"name": "rightLegPupil2",
					"parent": "armorRightBoot",
					"pivot": [-2.125, 3, 1.5],
					"rotation": [0, 90, 0],
					"cubes": [
						{
							"origin": [-3.25, 2.5, 1.125],
							"size": [0, 1, 1],
							"uv": {
								"east": {"uv": [44, 22], "uv_size": [-1, 1]}
							}
						}
					]
				}
			]
		}
	]
}