{
	"format_version": "1.12.0",
	"minecraft:geometry": [
		{
			"description": {
				"identifier": "geometry.unknown",
				"texture_width": 64,
				"texture_height": 64,
				"visible_bounds_width": 2,
				"visible_bounds_height": 3.5,
				"visible_bounds_offset": [0, 1.25, 0]
			},
			"bones": [
				{
					"name": "bipedHead",
					"pivot": [0, 24, 0]
				},
				{
					"name": "armorHead",
					"parent": "bipedHead",
					"pivot": [0, 24, 0],
					"cubes": [
						{
							"origin": [-4, 33, -2.5],
							"size": [2, 3, 2],
							"uv": {
								"north": {"uv": [10, 12], "uv_size": [4, 12]},
								"east": {"uv": [10, 12], "uv_size": [4, 12]},
								"south": {"uv": [10, 12], "uv_size": [4, 12]},
								"west": {"uv": [10, 12], "uv_size": [4, 12]},
								"up": {"uv": [10, 12], "uv_size": [4, 4]}
							}
						},
						{
							"origin": [-5.001, 29.999, -3.001],
							"size": [3.002, 3.002, 3.002],
							"uv": {
								"north": {"uv": [8, 24], "uv_size": [6, 12]},
								"east": {"uv": [8, 24], "uv_size": [6, 12]},
								"south": {"uv": [8, 24], "uv_size": [6, 12]},
								"west": {"uv": [8, 24], "uv_size": [6, 12]},
								"up": {"uv": [8, 24], "uv_size": [6, 12]},
								"down": {"uv": [8, 36], "uv_size": [6, -4]}
							}
						},
						{
							"origin": [-2.999, 36.001, -1.999],
							"size": [0.998, 1.998, 0.998],
							"uv": {
								"north": {"uv": [12, 0], "uv_size": [2, 8]},
								"east": {"uv": [12, 0], "uv_size": [2, 8]},
								"south": {"uv": [12, 0], "uv_size": [2, 8]},
								"west": {"uv": [12, 0], "uv_size": [2, 8]},
								"up": {"uv": [14, 8], "uv_size": [-2, -4]}
							}
						},
						{
							"origin": [1.999, 29.999, -3.001],
							"size": [3.002, 3.002, 3.002],
							"uv": {
								"north": {"uv": [14, 24], "uv_size": [-6, 12]},
								"east": {"uv": [14, 24], "uv_size": [-6, 12]},
								"south": {"uv": [14, 24], "uv_size": [-6, 12]},
								"west": {"uv": [14, 24], "uv_size": [-6, 12]},
								"up": {"uv": [14, 24], "uv_size": [-6, 12]},
								"down": {"uv": [14, 36], "uv_size": [-6, -4]}
							}
						},
						{
							"origin": [2, 33, -2.5],
							"size": [2, 3, 2],
							"uv": {
								"north": {"uv": [14, 12], "uv_size": [-4, 12]},
								"east": {"uv": [14, 12], "uv_size": [-4, 12]},
								"south": {"uv": [14, 12], "uv_size": [-4, 12]},
								"west": {"uv": [14, 12], "uv_size": [-4, 12]},
								"up": {"uv": [14, 12], "uv_size": [-4, 4]}
							}
						},
						{
							"origin": [2.001, 36.001, -1.999],
							"size": [0.998, 1.998, 0.998],
							"uv": {
								"north": {"uv": [12, 0], "uv_size": [2, 8]},
								"east": {"uv": [12, 0], "uv_size": [2, 8]},
								"south": {"uv": [12, 0], "uv_size": [2, 8]},
								"west": {"uv": [12, 0], "uv_size": [2, 8]},
								"up": {"uv": [14, 8], "uv_size": [-2, -4]}
							}
						},
						{
							"origin": [-5, 25, -4.25],
							"size": [10, 4.5, 0],
							"uv": {
								"north": {"uv": [2, 40], "uv_size": [26, 24]},
								"south": {"uv": [2, 40], "uv_size": [26, 24]}
							}
						},
						{
							"origin": [-4.25, 24.5, -4.25],
							"size": [8.5, 5.5, 5.5],
							"uv": {
								"east": {"uv": [16, 0], "uv_size": [12, 24]},
								"west": {"uv": [28, 0], "uv_size": [-12, 24]}
							}
						}
					]
				},
				{
					"name": "bipedBody",
					"pivot": [0, 24, 0]
				},
				{
					"name": "armorBody",
					"parent": "bipedBody",
					"pivot": [0, 24, 0]
				},
				{
					"name": "bipedRightArm",
					"pivot": [-4, 22, 0]
				},
				{
					"name": "armorRightArm",
					"parent": "bipedRightArm",
					"pivot": [-4, 22, 0]
				},
				{
					"name": "bipedLeftArm",
					"pivot": [4, 22, 0]
				},
				{
					"name": "armorLeftArm",
					"parent": "bipedLeftArm",
					"pivot": [4, 22, 0]
				},
				{
					"name": "bipedLeftLeg",
					"pivot": [-2, 12, 0]
				},
				{
					"name": "armorLeftLeg",
					"parent": "bipedLeftLeg",
					"pivot": [-2, 12, 0]
				},
				{
					"name": "armorLeftBoot",
					"parent": "bipedLeftLeg",
					"pivot": [-2, 12, 0]
				},
				{
					"name": "bipedRightLeg",
					"pivot": [2, 12, 0]
				},
				{
					"name": "armorRightLeg",
					"parent": "bipedRightLeg",
					"pivot": [2, 12, 0]
				},
				{
					"name": "armorRightBoot",
					"parent": "bipedRightLeg",
					"pivot": [2, 12, 0]
				}
			]
		}
	]
}