{
	"format_version": "1.12.0",
	"minecraft:geometry": [
		{
			"description": {
				"identifier": "geometry.unknown",
				"texture_width": 64,
				"texture_height": 64,
				"visible_bounds_width": 2,
				"visible_bounds_height": 3.5,
				"visible_bounds_offset": [0, 1.25, 0]
			},
			"bones": [
				{
					"name": "bipedHead",
					"pivot": [0, 24, 0]
				},
				{
					"name": "armorHead",
					"parent": "bipedHead",
					"pivot": [0, 24, 0]
				},
				{
					"name": "Head",
					"parent": "armorHead",
					"pivot": [0, 24, 0],
					"cubes": [
						{"origin": [-4, 24, -4], "size": [8, 8, 8], "uv": [0, 0]}
					]
				},
				{
					"name": "Blink",
					"parent": "Head",
					"pivot": [0, 24, 0],
					"cubes": [
						{
							"origin": [-4, 24, -4],
							"size": [8, 8, 8],
							"inflate": 0.001,
							"uv": {
								"north": {"uv": [2, 54], "uv_size": [8, 8]}
							}
						}
					]
				},
				{
					"name": "Hair",
					"parent": "Head",
					"pivot": [0, 24, 0],
					"cubes": [
						{
							"origin": [-4, 24, -4],
							"size": [8, 8, 8],
							"inflate": 0.25,
							"uv": {
								"north": {"uv": [40, 8], "uv_size": [8, 8]},
								"east": {"uv": [32, 8], "uv_size": [8, 8]},
								"south": {"uv": [56, 8], "uv_size": [8, 8]},
								"west": {"uv": [48, 8], "uv_size": [8, 8]},
								"up": {"uv": [40, 0], "uv_size": [8, 8]},
								"down": {"uv": [48, 8], "uv_size": [8, -8]}
							}
						},
						{
							"origin": [-4, 21.5, -4],
							"size": [8, 3, 1.6],
							"inflate": 0.25,
							"uv": {
								"north": {"uv": [40, 17], "uv_size": [8, 3]},
								"east": {"uv": [38, 17], "uv_size": [2, 3]},
								"west": {"uv": [48, 17], "uv_size": [2, 3]}
							}
						}
					]
				},
				{
					"name": "Bonnet",
					"parent": "Head",
					"pivot": [0, 24, 0],
					"cubes": [
						{"origin": [-4.5, 30, -7], "size": [9, 0, 7], "pivot": [0, 32, -2], "rotation": [72.5, 0, 0], "uv": [28, 30]},
						{
							"origin": [-4.5, 29.5, -7.25],
							"size": [9, 0, 7],
							"pivot": [0, 32, -2],
							"rotation": [72.5, 0, 0],
							"uv": {
								"up": {"uv": [35, 37], "uv_size": [9, 7]},
								"down": {"uv": [44, 44], "uv_size": [9, -7]}
							}
						}
					]
				},
				{
					"name": "bipedBody",
					"pivot": [0, 24, 0]
				},
				{
					"name": "armorBody",
					"parent": "bipedBody",
					"pivot": [0, 24, 0]
				},
				{
					"name": "BodyHair",
					"parent": "armorBody",
					"pivot": [0, 24.25, 0],
					"cubes": [
						{
							"origin": [-4, 12.775, -1.25],
							"size": [8, 11, 5],
							"inflate": 0.255,
							"uv": {
								"east": {"uv": [32, 17], "uv_size": [5, 11]},
								"south": {"uv": [56, 17], "uv_size": [8, 11]},
								"west": {"uv": [51, 17], "uv_size": [5, 11]},
								"up": {"uv": [61, 50], "uv_size": [-8, -5]}
							}
						},
						{
							"origin": [-6, 12.25, 2.75],
							"size": [12, 12, 0],
							"uv": {
								"north": {"uv": [51, 51], "uv_size": [12, 12]},
								"south": {"uv": [51, 51], "uv_size": [12, 12]}
							}
						}
					]
				},
				{
					"name": "Boob",
					"parent": "armorBody",
					"pivot": [0, 22.5, -2],
					"cubes": [
						{"origin": [-4.5, 18.90849, -3.25], "size": [9, 3, 4], "pivot": [0, 19.90849, -1.25], "rotation": [60, 0, 0], "uv": [3, 17]},
						{"origin": [-4.5, 18.90849, -3.25], "size": [9, 3, 4], "inflate": 0.25, "pivot": [0, 19.90849, -1.25], "rotation": [60, 0, 0], "uv": [3, 26]}
					]
				},
				{
					"name": "bipedLeftArm",
					"pivot": [-4, 22, 0]
				},
				{
					"name": "armorLeftArm",
					"parent": "bipedLeftArm",
					"pivot": [-4, 22, 0]
				},
				{
					"name": "bipedRightArm",
					"pivot": [4, 22, 0]
				},
				{
					"name": "armorRightArm",
					"parent": "bipedRightArm",
					"pivot": [4, 22, 0]
				},
				{
					"name": "bipedLeftLeg",
					"pivot": [-2, 12, 0]
				},
				{
					"name": "armorLeftLeg",
					"parent": "bipedLeftLeg",
					"pivot": [-2, 12, 0]
				},
				{
					"name": "armorLeftBoot",
					"parent": "bipedLeftLeg",
					"pivot": [-2, 12, 0]
				},
				{
					"name": "bipedRightLeg",
					"pivot": [2, 12, 0]
				},
				{
					"name": "armorRightLeg",
					"parent": "bipedRightLeg",
					"pivot": [2, 12, 0]
				},
				{
					"name": "armorRightBoot",
					"parent": "bipedRightLeg",
					"pivot": [2, 12, 0]
				}
			]
		}
	]
}