{
	"format_version": "1.12.0",
	"minecraft:geometry": [
		{
			"description": {
				"identifier": "geometry.unknown",
				"texture_width": 64,
				"texture_height": 64,
				"visible_bounds_width": 2,
				"visible_bounds_height": 3.5,
				"visible_bounds_offset": [0, 1.25, 0]
			},
			"bones": [
				{
					"name": "Head",
					"pivot": [0, 24, 0],
					"rotation": [-6, 5, 0],
					"cubes": [
						{"origin": [-4, 24, -4], "size": [8, 8, 8], "uv": [0, 0]},
						{"origin": [-4, 24, -4], "size": [8, 8, 8], "inflate": 0.5, "uv": [32, 0]}
					]
				},
				{
					"name": "Tonguehair",
					"parent": "Head",
					"pivot": [0, 24, 0],
					"cubes": [
						{
							"origin": [-2.5, 31, -5],
							"size": [5, 4, 1],
							"uv": {
								"north": {"uv": [0, 0], "uv_size": [4, 5]},
								"east": {"uv": [0, 5], "uv_size": [1, 5]},
								"south": {"uv": [4, 0], "uv_size": [4, 5]},
								"west": {"uv": [1, 5], "uv_size": [1, 5]},
								"up": {"uv": [2, 5], "uv_size": [4, 1]},
								"down": {"uv": [2, 7], "uv_size": [4, -1]}
							}
						},
						{
							"origin": [-1.5, 29, -5],
							"size": [3, 4, 1],
							"uv": {
								"north": {"uv": [0, 0], "uv_size": [4, 5]},
								"east": {"uv": [0, 5], "uv_size": [1, 5]},
								"south": {"uv": [4, 0], "uv_size": [4, 5]},
								"west": {"uv": [1, 5], "uv_size": [1, 5]},
								"up": {"uv": [2, 5], "uv_size": [4, 1]},
								"down": {"uv": [2, 7], "uv_size": [4, -1]}
							}
						},
						{
							"origin": [3, 27, -6],
							"size": [3, 6, 2],
							"pivot": [0, 24, 0],
							"rotation": [0, -5, -10],
							"uv": {
								"north": {"uv": [26, 1], "uv_size": [3, 6]},
								"east": {"uv": [0, 6], "uv_size": [2, 6]},
								"south": {"uv": [3, 0], "uv_size": [3, 6]},
								"west": {"uv": [6, 0], "uv_size": [2, 6]},
								"up": {"uv": [2, 6], "uv_size": [3, 2]},
								"down": {"uv": [5, 8], "uv_size": [3, -2]}
							}
						},
						{
							"origin": [-6, 27, -6],
							"size": [3, 6, 2],
							"pivot": [0, 24, 0],
							"rotation": [-5, 5, 10],
							"uv": {
								"north": {"uv": [0, 0], "uv_size": [3, 6]},
								"east": {"uv": [0, 6], "uv_size": [2, 6]},
								"south": {"uv": [3, 0], "uv_size": [3, 6]},
								"west": {"uv": [6, 0], "uv_size": [2, 6]},
								"up": {"uv": [2, 6], "uv_size": [3, 2]},
								"down": {"uv": [5, 8], "uv_size": [3, -2]}
							}
						},
						{
							"origin": [-7.5, 26, 2.5],
							"size": [2, 6, 3],
							"pivot": [0, 24, 0],
							"rotation": [5, 2.5, 15],
							"uv": {
								"north": {"uv": [42, 1], "uv_size": [2, 6]},
								"east": {"uv": [42, 1], "uv_size": [3, 6]},
								"south": {"uv": [43, 0], "uv_size": [2, 6]},
								"west": {"uv": [41, 1], "uv_size": [3, 6]},
								"up": {"uv": [43, 3], "uv_size": [2, 3]},
								"down": {"uv": [5, 3], "uv_size": [2, -3]}
							}
						},
						{
							"origin": [-6, 24, -3],
							"size": [2, 8, 4],
							"pivot": [0, 24, 0],
							"rotation": [-10, 0, 2.5],
							"uv": {
								"north": {"uv": [0, 0], "uv_size": [2, 2]},
								"east": {"uv": [0, 2], "uv_size": [2, 2]},
								"south": {"uv": [2, 0], "uv_size": [2, 2]},
								"west": {"uv": [2, 2], "uv_size": [2, 2]},
								"up": {"uv": [0, 4], "uv_size": [2, 2]},
								"down": {"uv": [4, 2], "uv_size": [2, -2]}
							}
						},
						{
							"origin": [-7, 24, 2.5],
							"size": [2, 5, 3],
							"uv": {
								"north": {"uv": [41, 2], "uv_size": [2, 5]},
								"east": {"uv": [41, 1], "uv_size": [3, 5]},
								"south": {"uv": [40, 0], "uv_size": [2, 5]},
								"west": {"uv": [41, 0], "uv_size": [3, 5]},
								"up": {"uv": [41, 3], "uv_size": [2, 3]},
								"down": {"uv": [42, 5], "uv_size": [2, -3]}
							}
						},
						{
							"origin": [4, 24, -3],
							"size": [2, 8, 4],
							"pivot": [0, 24, 0],
							"rotation": [-10, 0, -2.5],
							"uv": {
								"north": {"uv": [2, 0], "uv_size": [-2, 2]},
								"east": {"uv": [4, 2], "uv_size": [-2, 2]},
								"south": {"uv": [4, 0], "uv_size": [-2, 2]},
								"west": {"uv": [2, 2], "uv_size": [-2, 2]},
								"up": {"uv": [2, 4], "uv_size": [-2, 2]},
								"down": {"uv": [6, 2], "uv_size": [-2, -2]}
							}
						},
						{
							"origin": [5.5, 26, 2.5],
							"size": [2, 6, 3],
							"pivot": [0, 24, 0],
							"rotation": [5, -2.5, -15],
							"uv": {
								"north": {"uv": [43, 0], "uv_size": [-2, 6]},
								"east": {"uv": [45, 1], "uv_size": [-3, 6]},
								"south": {"uv": [45, 1], "uv_size": [-2, 6]},
								"west": {"uv": [44, 1], "uv_size": [-3, 6]},
								"up": {"uv": [44, 4], "uv_size": [-2, 3]},
								"down": {"uv": [44, 6], "uv_size": [-2, -3]}
							}
						},
						{
							"origin": [5, 24, 2.5],
							"size": [2, 5, 3],
							"uv": {
								"north": {"uv": [43, 2], "uv_size": [-2, 5]},
								"east": {"uv": [44, 1], "uv_size": [-3, 5]},
								"south": {"uv": [43, 1], "uv_size": [-2, 5]},
								"west": {"uv": [44, 1], "uv_size": [-3, 5]},
								"up": {"uv": [44, 1], "uv_size": [-2, 3]},
								"down": {"uv": [45, 5], "uv_size": [-2, -3]}
							}
						},
						{
							"origin": [-3.5, 31, -3],
							"size": [7, 3, 8],
							"uv": {
								"north": {"uv": [40, 0], "uv_size": [7, 3]},
								"east": {"uv": [40, 4], "uv_size": [8, 3]},
								"south": {"uv": [52, 10], "uv_size": [7, 3]},
								"west": {"uv": [30, 9], "uv_size": [8, 3]},
								"up": {"uv": [40, 1], "uv_size": [7, 8]},
								"down": {"uv": [41, 8], "uv_size": [7, -8]}
							}
						},
						{
							"origin": [-2, 32, -1],
							"size": [4, 4, 4],
							"pivot": [0, 30, 0],
							"rotation": [17.5, 5, 0],
							"uv": {
								"north": {"uv": [51, 8], "uv_size": [4, 4]},
								"east": {"uv": [51, 8], "uv_size": [4, 4]},
								"south": {"uv": [51, 8], "uv_size": [4, 4]},
								"west": {"uv": [58, 8], "uv_size": [6, 6]},
								"up": {"uv": [56, 2], "uv_size": [6, 6]},
								"down": {"uv": [57, 12], "uv_size": [4, -4]}
							}
						}
					]
				},
				{
					"name": "Body",
					"pivot": [0, 24, 0],
					"cubes": [
						{"origin": [-3.5, 12, -2], "size": [7, 12, 4], "uv": [17, 16]},
						{
							"origin": [-4.25, 16, -2.5],
							"size": [8.5, -2, 4],
							"uv": {
								"north": {"uv": [20, 53], "uv_size": [9, 3]},
								"east": {"uv": [20, 53], "uv_size": [5, 3]},
								"south": {"uv": [16, 61], "uv_size": [9, 3]},
								"west": {"uv": [16, 61], "uv_size": [5, 3]},
								"up": {"uv": [16, 58], "uv_size": [9, 5]},
								"down": {"uv": [16, 63], "uv_size": [9, -5]}
							}
						},
						{
							"origin": [-4.5, 14, -2.5],
							"size": [9, -3, 5],
							"uv": {
								"north": {"uv": [0, 32], "uv_size": [9, 3]},
								"east": {"uv": [0, 32], "uv_size": [5, 4]},
								"south": {"uv": [0, 32], "uv_size": [9, 4]},
								"west": {"uv": [0, 32], "uv_size": [5, 4]},
								"up": {"uv": [0, 32], "uv_size": [9, 5]},
								"down": {"uv": [0, 40], "uv_size": [9, -5]}
							}
						},
						{
							"origin": [-4, 18, -6],
							"size": [8, 4, 5],
							"pivot": [0, 24, 0],
							"rotation": [5, 2.5, 0],
							"uv": {
								"north": {"uv": [0, 32], "uv_size": [11, 5]},
								"east": {"uv": [6, 33], "uv_size": [5, 4]},
								"south": {"uv": [1, 32], "uv_size": [8, 4]},
								"west": {"uv": [2, 32], "uv_size": [5, 4]},
								"up": {"uv": [0, 32], "uv_size": [8, 5]},
								"down": {"uv": [0, 37], "uv_size": [8, -5]}
							}
						}
					]
				},
				{
					"name": "RightArm",
					"pivot": [-5, 21.5, 0],
					"rotation": [-10, 0, 0],
					"cubes": [
						{"origin": [-7, 11.5, -2], "size": [3, 12, 4], "uv": [40, 16]},
						{"origin": [-7, 11.5, -2], "size": [3, 12, 4], "inflate": 0.25, "uv": [40, 32]}
					]
				},
				{
					"name": "LeftArm",
					"pivot": [5, 21.5, 0],
					"rotation": [12, 0, 0],
					"cubes": [
						{"origin": [4, 11.5, -2], "size": [3, 12, 4], "uv": [32, 48]},
						{"origin": [4, 11.5, -2], "size": [3, 12, 4], "inflate": 0.25, "uv": [48, 48]}
					]
				},
				{
					"name": "RightLeg",
					"pivot": [-1.9, 12, 0],
					"rotation": [11, 0, 2],
					"cubes": [
						{"origin": [-3.9, 0, -2], "size": [4, 12, 4], "uv": [0, 16]},
						{
							"origin": [-4.5, 7, -2],
							"size": [5, 6, 4],
							"pivot": [-1.9, 12, 0],
							"rotation": [0, 0, -2.5],
							"uv": {
								"north": {"uv": [20, 52], "uv_size": [4, 6]},
								"east": {"uv": [20, 52], "uv_size": [4, 6]},
								"south": {"uv": [20, 52], "uv_size": [4, 6]},
								"west": {"uv": [20, 52], "uv_size": [4, 6]},
								"up": {"uv": [33, 54], "uv_size": [4, 4]},
								"down": {"uv": [36, 60], "uv_size": [4, -4]}
							}
						},
						{"origin": [-3.9, 0, -2], "size": [4, 12, 4], "inflate": 0.25, "uv": [0, 48]}
					]
				},
				{
					"name": "LeftLeg",
					"pivot": [1.9, 12, 0],
					"rotation": [-10, 0, -2],
					"cubes": [
						{"origin": [-0.1, 0, -2], "size": [4, 12, 4], "uv": [16, 48]},
						{
							"origin": [-0.5, 7, -2],
							"size": [5, 6, 4],
							"pivot": [-1.9, 12, 0],
							"rotation": [0, 0, 2.5],
							"uv": {
								"north": {"uv": [26, 52], "uv_size": [4, 6]},
								"east": {"uv": [28, 52], "uv_size": [4, 6]},
								"south": {"uv": [16, 52], "uv_size": [4, 6]},
								"west": {"uv": [28, 53], "uv_size": [4, 6]},
								"up": {"uv": [29, 55], "uv_size": [4, 4]},
								"down": {"uv": [16, 64], "uv_size": [4, -4]}
							}
						},
						{"origin": [-0.1, 0, -2], "size": [4, 12, 4], "inflate": 0.25, "uv": [0, 48]}
					]
				}
			]
		}
	]
}