{
	"format_version": "1.12.0",
	"minecraft:geometry": [
		{
			"description": {
				"identifier": "geometry.unknown",
				"texture_width": 26,
				"texture_height": 26,
				"visible_bounds_width": 2,
				"visible_bounds_height": 3.5,
				"visible_bounds_offset": [0, 1.25, 0]
			},
			"bones": [
				{
					"name": "bipedHead",
					"pivot": [0, 24, 0]
				},
				{
					"name": "armorHead",
					"parent": "bipedHead",
					"pivot": [0, 24, 0]
				},
				{
					"name": "bone",
					"parent": "armorHead",
					"pivot": [0, 24, 0],
					"cubes": [
						{"origin": [-5, 30, -6], "size": [2, 4, 2], "pivot": [-3, 31, -5], "rotation": [0, 20, 0], "uv": [0, 20]},
						{"origin": [-5, 30, -4], "size": [2, 2, 2], "pivot": [-3, 31, -5], "rotation": [0, 20, 0], "uv": [8, 22]},
						{"origin": [-6.5, 31, 1], "size": [5, 5, 5], "uv": [0, 0]},
						{"origin": [-6.8, 30.7, 0.8], "size": [5.6, 5.65, 5.7], "uv": [0, 10]}
					]
				},
				{
					"name": "bone3",
					"parent": "armorHead",
					"pivot": [0, 24, 0],
					"cubes": [
						{"origin": [3, 30, -6], "size": [2, 4, 2], "pivot": [3, 31, -5], "rotation": [0, -20, 0], "uv": [0, 20], "mirror": true},
						{"origin": [3, 30, -4], "size": [2, 2, 2], "pivot": [3, 31, -5], "rotation": [0, -20, 0], "uv": [8, 22], "mirror": true},
						{"origin": [1.5, 31, 1], "size": [5, 5, 5], "uv": [0, 0], "mirror": true},
						{"origin": [1.2, 30.7, 0.8], "size": [5.6, 5.65, 5.7], "uv": [0, 10], "mirror": true}
					]
				},
				{
					"name": "bone2",
					"parent": "armorHead",
					"pivot": [0, 24, 0]
				},
				{
					"name": "bipedBody",
					"pivot": [0, 24, 0]
				},
				{
					"name": "armorBody",
					"parent": "bipedBody",
					"pivot": [0, 24, 0]
				},
				{
					"name": "bipedRightArm",
					"pivot": [-4, 22, 0]
				},
				{
					"name": "armorRightArm",
					"parent": "bipedRightArm",
					"pivot": [-4, 22, 0]
				},
				{
					"name": "bipedLeftArm",
					"pivot": [4, 22, 0]
				},
				{
					"name": "armorLeftArm",
					"parent": "bipedLeftArm",
					"pivot": [4, 22, 0]
				},
				{
					"name": "bipedLeftLeg",
					"pivot": [2, 12, 0]
				},
				{
					"name": "armorLeftLeg",
					"parent": "bipedLeftLeg",
					"pivot": [2, 12, 0]
				},
				{
					"name": "armorLeftBoot",
					"parent": "bipedLeftLeg",
					"pivot": [2, 12, 0]
				},
				{
					"name": "bipedRightLeg",
					"pivot": [-2, 12, 0]
				},
				{
					"name": "armorRightLeg",
					"parent": "bipedRightLeg",
					"pivot": [-2, 12, 0]
				},
				{
					"name": "armorRightBoot",
					"parent": "bipedRightLeg",
					"pivot": [-2, 12, 0]
				}
			]
		}
	]
}