{
	"format_version": "1.8.0",
	"animations": {
		"idle": {
			"loop": true,
			"animation_length": 2,
			"bones": {
				"bone12": {
					"rotation": {
						"0.0": {
							"vector": [0, 0, 0]
						},
						"1.0": {
							"vector": [-2.5, 0, 0]
						},
						"2.0": {
							"vector": [0, 0, 0]
						}
					}
				},
				"armorBody": {
					"rotation": {
						"vector": [-47.5, 0, 0]
					},
					"position": {
						"vector": [0, 0, 0]
					}
				},
				"frontleftleg": {
					"rotation": {
						"0.0": {
							"vector": [47.5, 0, 0]
						},
						"2.0": {
							"vector": [47.5, 0, 0]
						}
					},
					"position": {
						"0.0": {
							"vector": [-0.5, 0, 0]
						},
						"2.0": {
							"vector": [-0.5, 0, 0]
						}
					}
				},
				"backleftleg": {
					"rotation": {
						"0.0": {
							"vector": [-40, 0, 0]
						},
						"2.0": {
							"vector": [-40, 0, 0]
						}
					},
					"position": {
						"0.0": {
							"vector": [1, 0, 0]
						},
						"2.0": {
							"vector": [1, 0, 0]
						}
					}
				},
				"backrightleg": {
					"rotation": {
						"0.0": {
							"vector": [-40, 0, 0]
						},
						"2.0": {
							"vector": [-40, 0, 0]
						}
					},
					"position": {
						"0.0": {
							"vector": [-1, 0, 0]
						},
						"2.0": {
							"vector": [-1, 0, 0]
						}
					}
				},
				"frontrightleg": {
					"rotation": {
						"0.0": {
							"vector": [47.5, 0, 0]
						},
						"2.0": {
							"vector": [47.5, 0, 0]
						}
					},
					"position": {
						"0.0": {
							"vector": [0.75, 0, 0]
						},
						"2.0": {
							"vector": [0.75, 0, 0]
						}
					}
				},
				"tail": {
					"rotation": {
						"0.0": {
							"vector": [62.27421, 33.60134, 46.47721],
							"easing": "easeInSine"
						},
						"1.0": {
							"vector": [58.23983, -29.8742, -38.82005],
							"easing": "easeInSine"
						},
						"1.5": {
							"vector": [59.42147, -11.28264, -13.83706],
							"easing": "easeInSine"
						},
						"2.0": {
							"vector": [62.27421, 33.60134, 46.47721],
							"easing": "easeInSine"
						}
					}
				},
				"tail2": {
					"rotation": {
						"0.0": {
							"vector": [0, -15, 0]
						},
						"0.5": {
							"vector": [0, 7.5, 0]
						},
						"1.0": {
							"vector": [0, 7.5, 0]
						},
						"1.5": {
							"vector": [0, -15, 0]
						},
						"2.0": {
							"vector": [0, -15, 0]
						}
					}
				},
				"tail4": {
					"rotation": {
						"0.0": {
							"vector": [0, -20, 0]
						},
						"0.5": {
							"vector": [0, 15, 0]
						},
						"1.0": {
							"vector": [0, 15, 0]
						},
						"1.5": {
							"vector": [0, -20, 0]
						},
						"2.0": {
							"vector": [0, -20, 0]
						}
					}
				},
				"tail5": {
					"rotation": {
						"0.0": {
							"vector": [0, -15, 0]
						},
						"0.5": {
							"vector": [0, 10, 0]
						},
						"1.0": {
							"vector": [0, 10, 0]
						},
						"1.5": {
							"vector": [0, -15, 0]
						},
						"2.0": {
							"vector": [0, -15, 0]
						}
					}
				},
				"tail6": {
					"rotation": {
						"0.0": {
							"vector": [0, -15, 0]
						},
						"0.5": {
							"vector": [0, 20, 0]
						},
						"1.0": {
							"vector": [0, 20, 0]
						},
						"1.5": {
							"vector": [0, -15, 0]
						},
						"2.0": {
							"vector": [0, -15, 0]
						}
					}
				},
				"tail7": {
					"rotation": {
						"0.0": {
							"vector": [0, -10, 0]
						},
						"0.5": {
							"vector": [0, 15, 0]
						},
						"1.0": {
							"vector": [0, 15, 0]
						},
						"1.5": {
							"vector": [0, -10, 0]
						},
						"2.0": {
							"vector": [0, -10, 0]
						}
					}
				},
				"jade": {
					"rotation": {
						"0.0": {
							"vector": [47.5, 0, 0]
						},
						"2.0": {
							"vector": [47.5, 0, 0]
						}
					},
					"position": {
						"0.0": {
							"vector": [0, -2.5, 0]
						},
						"2.0": {
							"vector": [0, -2.5, 0]
						}
					}
				},
				"loopR": {
					"rotation": {
						"0.0": {
							"vector": [0, 0, 0]
						},
						"0.5": {
							"vector": [7.5, 0, 0],
							"easing": "easeInOutQuad"
						},
						"1.1667": {
							"vector": [0, 0, 0],
							"easing": "easeInOutQuad"
						},
						"1.625": {
							"vector": [7.5, 0, 0],
							"easing": "easeInOutQuad"
						},
						"2.0": {
							"vector": [0, 0, 0],
							"easing": "easeInOutQuad"
						}
					}
				},
				"loopL": {
					"rotation": {
						"0.0": {
							"vector": [0, 0, 0]
						},
						"0.5": {
							"vector": [7.5, 0, 0],
							"easing": "easeInOutQuad"
						},
						"1.1667": {
							"vector": [0, 0, 0],
							"easing": "easeInOutQuad"
						},
						"1.625": {
							"vector": [7.5, 0, 0],
							"easing": "easeInOutQuad"
						},
						"2.0": {
							"vector": [0, 0, 0],
							"easing": "easeInOutQuad"
						}
					}
				},
				"tieoffR": {
					"rotation": {
						"0.0": {
							"vector": [0, 0, 0]
						},
						"0.7083": {
							"vector": [0, 0, 0]
						},
						"1.0": {
							"vector": [0, -17.5, 0]
						},
						"1.3333": {
							"vector": [0, 0, 0]
						},
						"2.0": {
							"vector": [0, 0, 0]
						}
					}
				},
				"tieoffL": {
					"rotation": {
						"0.0": {
							"vector": [0, 17.5, 0]
						},
						"0.6667": {
							"vector": [0, -7.5, 0]
						},
						"1.8333": {
							"vector": [0, -7.5, 0]
						},
						"2.0": {
							"vector": [0, 17.5, 0]
						}
					},
					"position": {
						"0.0": {
							"vector": [0, 0, 0]
						},
						"1.0": {
							"vector": [0.2, 0, 0]
						}
					}
				},
				"rightFLeg": {
					"rotation": {
						"0.0": {
							"vector": [32.5, 0, 0]
						},
						"2.0": {
							"vector": [32.5, 0, 0]
						}
					},
					"position": {
						"0.0": {
							"vector": [0, 1, 2]
						},
						"2.0": {
							"vector": [0, 1, 2]
						}
					}
				},
				"leftFLeg": {
					"rotation": {
						"vector": [30, 0, 0]
					},
					"position": {
						"vector": [0, 0.4, 1]
					}
				},
				"leftBLeg": {
					"position": {
						"vector": [0, 0.6, 0.3]
					}
				},
				"rightBLeg": {
					"position": {
						"vector": [0, 0.3, 0.2]
					}
				},
				"bone10": {
					"position": {
						"vector": [0, -1, 0]
					}
				}
			}
		},
		"walk": {
			"loop": true,
			"animation_length": 0.70833,
			"bones": {
				"bone10": {
					"position": {
						"0.0": {
							"vector": [0, -1, 0]
						},
						"0.2083": {
							"vector": [0, -1.25, 0]
						},
						"0.375": {
							"vector": [0, -1, 0]
						},
						"0.5417": {
							"vector": [0, -1.25, 0]
						},
						"0.7083": {
							"vector": [0, -1, 0]
						}
					}
				},
				"bone12": {
					"rotation": {
						"0.0": {
							"vector": [0, 0, 0]
						},
						"0.2083": {
							"vector": [-2.5, 0, 0]
						},
						"0.375": {
							"vector": [0, 0, 0]
						},
						"0.5417": {
							"vector": [-2.5, 0, 0]
						},
						"0.7083": {
							"vector": [0, 0, 0]
						}
					},
					"position": {
						"0.0": {
							"vector": [0, 0, 0]
						},
						"0.2083": {
							"vector": [0, -0.25, 0]
						},
						"0.375": {
							"vector": [0, 0, 0]
						},
						"0.5417": {
							"vector": [0, -0.25, 0]
						},
						"0.7083": {
							"vector": [0, 0, 0]
						}
					}
				},
				"armorBody": {
					"position": {
						"0.0": {
							"vector": [0, -0.75, 0]
						},
						"0.2083": {
							"vector": [0, -1, 0]
						},
						"0.375": {
							"vector": [0, -0.75, 0]
						},
						"0.5417": {
							"vector": [0, -1, 0]
						},
						"0.7083": {
							"vector": [0, -0.75, 0]
						}
					}
				},
				"frontleftleg": {
					"rotation": {
						"0.0": {
							"vector": [-45, 0, 0]
						},
						"0.375": {
							"vector": [30, 0, 0]
						},
						"0.7083": {
							"vector": [-45, 0, 0]
						}
					}
				},
				"bone2": {
					"rotation": {
						"0.0": {
							"vector": [0, 0, 0]
						},
						"0.25": {
							"vector": [0, 0, 0]
						},
						"0.375": {
							"vector": [40, 0, 0]
						},
						"0.7083": {
							"vector": [0, 0, 0]
						}
					}
				},
				"backleftleg": {
					"rotation": {
						"0.0": {
							"vector": [40, 0, 0]
						},
						"0.375": {
							"vector": [-22.5, 0, 0]
						},
						"0.7083": {
							"vector": [40, 0, 0]
						}
					}
				},
				"bone6": {
					"rotation": {
						"0.0": {
							"vector": [25, 0, 0]
						},
						"0.375": {
							"vector": [0, 0, 0]
						},
						"0.7083": {
							"vector": [25, 0, 0]
						}
					}
				},
				"backrightleg": {
					"rotation": {
						"0.0": {
							"vector": [-22.5, 0, 0]
						},
						"0.375": {
							"vector": [40, 0, 0]
						},
						"0.7083": {
							"vector": [-22.5, 0, 0]
						}
					}
				},
				"bone8": {
					"rotation": {
						"0.0": {
							"vector": [0, 0, 0]
						},
						"0.375": {
							"vector": [22.5, 0, 0]
						},
						"0.7083": {
							"vector": [0, 0, 0]
						}
					}
				},
				"frontrightleg": {
					"rotation": {
						"0.0": {
							"vector": [30, 0, 0]
						},
						"0.375": {
							"vector": [-40, 0, 0]
						},
						"0.7083": {
							"vector": [30, 0, 0]
						}
					}
				},
				"bone4": {
					"rotation": {
						"0.0": {
							"vector": [50, 0, 0]
						},
						"0.375": {
							"vector": [0, 0, 0]
						},
						"0.625": {
							"vector": [0, 0, 0]
						},
						"0.7083": {
							"vector": [50, 0, 0]
						}
					},
					"position": {
						"0.0": {
							"vector": [0, 0.5, 0.4]
						},
						"0.375": {
							"vector": [0, 0, 0]
						},
						"0.625": {
							"vector": [0, 0, 0]
						},
						"0.7083": {
							"vector": [0, 0.5, 0.4]
						}
					}
				},
				"tail2": {
					"rotation": {
						"0.0": {
							"vector": [5, 0, 0]
						},
						"0.1667": {
							"vector": [-7.5, 0, 0],
							"easing": "linear"
						},
						"0.375": {
							"vector": [5, 0, 0],
							"easing": "linear"
						},
						"0.5417": {
							"vector": [-7.5, 0, 0],
							"easing": "linear"
						},
						"0.7083": {
							"vector": [5, 0, 0],
							"easing": "linear"
						}
					}
				},
				"tail3": {
					"rotation": {
						"0.0": {
							"vector": [5, 0, 0]
						},
						"0.0833": {
							"vector": [5, 0, 0],
							"easing": "easeOutSine"
						},
						"0.1667": {
							"vector": [5, 0, 0],
							"easing": "easeOutSine"
						},
						"0.2917": {
							"vector": [2.5, 0, 0],
							"easing": "easeOutSine"
						},
						"0.375": {
							"vector": [2.5, 0, 0],
							"easing": "easeOutSine"
						},
						"0.5": {
							"vector": [5, 0, 0],
							"easing": "easeOutSine"
						},
						"0.5417": {
							"vector": [5, 0, 0],
							"easing": "easeOutSine"
						},
						"0.625": {
							"vector": [2.5, 0, 0],
							"easing": "easeOutSine"
						},
						"0.7083": {
							"vector": [5, 0, 0],
							"easing": "easeOutSine"
						}
					}
				},
				"tail4": {
					"rotation": {
						"0.0": {
							"vector": [7.5, 0, 0]
						},
						"0.0833": {
							"vector": [7.5, 0, 0],
							"easing": "easeOutSine"
						},
						"0.1667": {
							"vector": [7.5, 0, 0],
							"easing": "easeOutSine"
						},
						"0.2917": {
							"vector": [-5, 0, 0],
							"easing": "easeOutSine"
						},
						"0.375": {
							"vector": [-5, 0, 0],
							"easing": "easeOutSine"
						},
						"0.5": {
							"vector": [7.5, 0, 0],
							"easing": "easeOutSine"
						},
						"0.5417": {
							"vector": [7.5, 0, 0],
							"easing": "easeOutSine"
						},
						"0.625": {
							"vector": [-5, 0, 0],
							"easing": "easeOutSine"
						},
						"0.7083": {
							"vector": [7.5, 0, 0],
							"easing": "easeOutSine"
						}
					}
				},
				"tail5": {
					"rotation": {
						"0.0": {
							"vector": [7.5, 0, 0]
						},
						"0.0833": {
							"vector": [7.5, 0, 0],
							"easing": "easeOutSine"
						},
						"0.1667": {
							"vector": [7.5, 0, 0],
							"easing": "easeOutSine"
						},
						"0.2917": {
							"vector": [-5, 0, 0],
							"easing": "easeOutSine"
						},
						"0.375": {
							"vector": [-5, 0, 0],
							"easing": "easeOutSine"
						},
						"0.5": {
							"vector": [7.5, 0, 0],
							"easing": "easeOutSine"
						},
						"0.5417": {
							"vector": [7.5, 0, 0],
							"easing": "easeOutSine"
						},
						"0.625": {
							"vector": [-5, 0, 0],
							"easing": "easeOutSine"
						},
						"0.7083": {
							"vector": [7.5, 0, 0],
							"easing": "easeOutSine"
						}
					}
				},
				"tail6": {
					"rotation": {
						"0.0": {
							"vector": [5, 0, 0]
						},
						"0.0833": {
							"vector": [5, 0, 0],
							"easing": "easeOutSine"
						},
						"0.1667": {
							"vector": [5, 0, 0],
							"easing": "easeOutSine"
						},
						"0.2917": {
							"vector": [-2.5, 0, 0],
							"easing": "easeOutSine"
						},
						"0.375": {
							"vector": [-2.5, 0, 0],
							"easing": "easeOutSine"
						},
						"0.5": {
							"vector": [5, 0, 0],
							"easing": "easeOutSine"
						},
						"0.5417": {
							"vector": [5, 0, 0],
							"easing": "easeOutSine"
						},
						"0.625": {
							"vector": [-2.5, 0, 0],
							"easing": "easeOutSine"
						},
						"0.7083": {
							"vector": [5, 0, 0],
							"easing": "easeOutSine"
						}
					}
				},
				"ropeendL": {
					"rotation": {
						"0.0": {
							"vector": [10, 0, 0]
						},
						"0.1667": {
							"vector": [-10, 0, 0],
							"easing": "easeInQuad"
						},
						"0.375": {
							"vector": [10, 0, 0],
							"easing": "easeInQuad"
						},
						"0.5417": {
							"vector": [-10, 0, 0],
							"easing": "easeInQuad"
						},
						"0.7083": {
							"vector": [10, 0, 0],
							"easing": "easeInQuad"
						}
					},
					"position": {
						"0.0": {
							"vector": [0, 0.1, 0]
						},
						"0.1667": {
							"vector": [0, -0.3, 0],
							"easing": "easeInQuad"
						},
						"0.375": {
							"vector": [0, 0.1, 0],
							"easing": "easeInQuad"
						},
						"0.5417": {
							"vector": [0, -0.3, 0],
							"easing": "easeInQuad"
						},
						"0.7083": {
							"vector": [0, 0.1, 0],
							"easing": "easeInQuad"
						}
					}
				},
				"ropeendR": {
					"rotation": {
						"0.0": {
							"vector": [5, 0, 0]
						},
						"0.1667": {
							"vector": [-15, 0, 0],
							"easing": "easeInQuad"
						},
						"0.375": {
							"vector": [5, 0, 0],
							"easing": "easeInQuad"
						},
						"0.5417": {
							"vector": [-15, 0, 0],
							"easing": "easeInQuad"
						},
						"0.7083": {
							"vector": [5, 0, 0],
							"easing": "easeInQuad"
						}
					},
					"position": {
						"0.0": {
							"vector": [0, 0.1, 0]
						},
						"0.1667": {
							"vector": [0, -0.5, 0],
							"easing": "easeInQuad"
						},
						"0.375": {
							"vector": [0, 0.1, 0],
							"easing": "easeInQuad"
						},
						"0.5417": {
							"vector": [0, -0.5, 0],
							"easing": "easeInQuad"
						},
						"0.7083": {
							"vector": [0, 0.1, 0],
							"easing": "easeInQuad"
						}
					}
				},
				"loopR": {
					"rotation": {
						"0.0": {
							"vector": [7.5, 0, 0]
						},
						"0.1667": {
							"vector": [-2.5, 0, 0]
						},
						"0.375": {
							"vector": [7.5, 0, 0]
						},
						"0.5417": {
							"vector": [-2.5, 0, 0]
						},
						"0.7083": {
							"vector": [7.5, 0, 0]
						}
					}
				},
				"loopL": {
					"rotation": {
						"0.0": {
							"vector": [7.5, 0, 0]
						},
						"0.1667": {
							"vector": [-2.5, 0, 0]
						},
						"0.375": {
							"vector": [7.5, 0, 0]
						},
						"0.5417": {
							"vector": [-2.5, 0, 0]
						},
						"0.7083": {
							"vector": [7.5, 0, 0]
						}
					}
				},
				"tieoffR": {
					"rotation": {
						"0.0": {
							"vector": [10, 0, 0]
						},
						"0.1667": {
							"vector": [0, 0, 0],
							"easing": "easeInQuad"
						},
						"0.375": {
							"vector": [10, 0, 0],
							"easing": "easeInQuad"
						},
						"0.5417": {
							"vector": [0, 0, 0],
							"easing": "easeInQuad"
						},
						"0.7083": {
							"vector": [10, 0, 0],
							"easing": "easeInQuad"
						}
					}
				},
				"tieoffL": {
					"rotation": {
						"0.0": {
							"vector": [7.5, 0, 0]
						},
						"0.1667": {
							"vector": [0, 0, 0],
							"easing": "easeInQuad"
						},
						"0.375": {
							"vector": [7.5, 0, 0],
							"easing": "easeInQuad"
						},
						"0.5417": {
							"vector": [0, 0, 0],
							"easing": "easeInQuad"
						},
						"0.7083": {
							"vector": [7.5, 0, 0],
							"easing": "easeInQuad"
						}
					}
				},
				"rightFLeg": {
					"rotation": {
						"0.0": {
							"vector": [27.5, 0, 0]
						},
						"0.1667": {
							"vector": [0, 0, 0]
						},
						"0.375": {
							"vector": [-30, 0, 0]
						},
						"0.5417": {
							"vector": [0, 0, 0]
						},
						"0.7083": {
							"vector": [27.5, 0, 0]
						}
					},
					"position": {
						"0.0": {
							"vector": [0, 0, 1.6]
						},
						"0.1667": {
							"vector": [0, 0, 0]
						},
						"0.375": {
							"vector": [0, 1.5, -0.3]
						},
						"0.5417": {
							"vector": [0, 0, 0]
						},
						"0.7083": {
							"vector": [0, 0, 1.6]
						}
					}
				},
				"leftFLeg": {
					"rotation": {
						"0.0": {
							"vector": [-32.5, 0, 0]
						},
						"0.1667": {
							"vector": [0, 0, 0]
						},
						"0.375": {
							"vector": [40, 0, 0]
						},
						"0.5417": {
							"vector": [0, 0, 0]
						},
						"0.7083": {
							"vector": [-32.5, 0, 0]
						}
					},
					"position": {
						"0.0": {
							"vector": [0, 0.7, -0.3]
						},
						"0.1667": {
							"vector": [0, 0, 0]
						},
						"0.375": {
							"vector": [0, 0, 0.9]
						},
						"0.5417": {
							"vector": [0, 0, 0]
						},
						"0.7083": {
							"vector": [0, 0.7, -0.3]
						}
					}
				},
				"leftBLeg": {
					"rotation": {
						"0.0": {
							"vector": [-10, 0, 0]
						},
						"0.1667": {
							"vector": [0, 0, 0]
						},
						"0.375": {
							"vector": [17.5, 0, 0]
						},
						"0.5417": {
							"vector": [0, 0, 0]
						},
						"0.7083": {
							"vector": [-10, 0, 0]
						}
					},
					"position": {
						"0.0": {
							"vector": [0, 0.3, -0.6]
						},
						"0.1667": {
							"vector": [0, 0, 0]
						},
						"0.375": {
							"vector": [0, 0, 1.2]
						},
						"0.5417": {
							"vector": [0, 0, 0]
						},
						"0.7083": {
							"vector": [0, 0.3, -0.6]
						}
					}
				},
				"rightBLeg": {
					"rotation": {
						"0.0": {
							"vector": [15, 0, 0]
						},
						"0.1667": {
							"vector": [0, 0, 0]
						},
						"0.375": {
							"vector": [-10, 0, 0]
						},
						"0.5417": {
							"vector": [0, 0, 0]
						},
						"0.7083": {
							"vector": [15, 0, 0]
						}
					},
					"position": {
						"0.0": {
							"vector": [0, 0, 0.9]
						},
						"0.1667": {
							"vector": [0, 0, 0]
						},
						"0.375": {
							"vector": [0, 0.3, -0.4]
						},
						"0.5417": {
							"vector": [0, 0, 0]
						},
						"0.7083": {
							"vector": [0, 0, 0.9]
						}
					}
				}
			}
		},
		"run": {
			"loop": true,
			"animation_length": 0.54167,
			"bones": {
				"armorBody": {
					"rotation": {
						"0.0": {
							"vector": [15, 0, 0]
						},
						"0.2917": {
							"vector": [-10, 0, 0]
						},
						"0.5417": {
							"vector": [7.5, 0, 0]
						}
					},
					"position": {
						"0.0": {
							"vector": [0, -1, 0]
						},
						"0.1667": {
							"vector": [0, 0, 0]
						},
						"0.2917": {
							"vector": [0, 2, 0]
						},
						"0.5417": {
							"vector": [0, -1, 0]
						}
					}
				},
				"bone10": {
					"position": {
						"0.0": {
							"vector": [0, -3, -1]
						},
						"0.2917": {
							"vector": [0, 1, -1]
						},
						"0.5417": {
							"vector": [0, -3, -1]
						}
					}
				},
				"bone12": {
					"rotation": {
						"0.0": {
							"vector": [-10, 0, 0]
						},
						"0.2917": {
							"vector": [-25, 0, 0]
						},
						"0.5417": {
							"vector": [-10, 0, 0]
						}
					},
					"position": {
						"0.0": {
							"vector": [0, 0, 0]
						},
						"0.2917": {
							"vector": [0, 0, 1]
						},
						"0.5417": {
							"vector": [0, 0, 0]
						}
					}
				},
				"rightFLeg": {
					"rotation": {
						"0.0": {
							"vector": [-35, 0, 0]
						},
						"0.2083": {
							"vector": [27.5, 0, 0]
						},
						"0.5417": {
							"vector": [-35, 0, 0]
						}
					},
					"position": {
						"0.0": {
							"vector": [0, 1.8, -0.4]
						},
						"0.2083": {
							"vector": [0, -0.8, 1.1]
						},
						"0.5417": {
							"vector": [0, 1.8, -0.4]
						}
					}
				},
				"rightBLeg": {
					"rotation": {
						"0.0": {
							"vector": [-10, 0, 0]
						},
						"0.2083": {
							"vector": [12.5, 0, 0]
						},
						"0.5417": {
							"vector": [-10, 0, 0]
						}
					},
					"position": {
						"0.0": {
							"vector": [0, 0.4, -0.4]
						},
						"0.2083": {
							"vector": [0, 0.4, 0.9]
						},
						"0.5417": {
							"vector": [0, 0.4, -0.4]
						}
					}
				},
				"leftBLeg": {
					"rotation": {
						"0.0": {
							"vector": [-10, 0, 0]
						},
						"0.2083": {
							"vector": [22.5, 0, 0]
						},
						"0.5417": {
							"vector": [-10, 0, 0]
						}
					},
					"position": {
						"0.0": {
							"vector": [0, 0.3, -0.6]
						},
						"0.2083": {
							"vector": [0, -0.2, 1.4]
						},
						"0.5417": {
							"vector": [0, 0.3, -0.6]
						}
					}
				},
				"leftFLeg": {
					"rotation": {
						"0.0": {
							"vector": [-40, 0, 0]
						},
						"0.2083": {
							"vector": [37.5, 0, 0]
						},
						"0.5417": {
							"vector": [-40, 0, 0]
						}
					},
					"position": {
						"0.0": {
							"vector": [0, 0.9, -0.5]
						},
						"0.2083": {
							"vector": [0, 0.2, 1]
						},
						"0.5417": {
							"vector": [0, 0.9, -0.5]
						}
					}
				},
				"loopL": {
					"rotation": {
						"0.0": {
							"vector": [20, 0, 0]
						},
						"0.2917": {
							"vector": [-5, 0, 0]
						},
						"0.375": {
							"vector": [-5, 0, 0]
						},
						"0.5417": {
							"vector": [20, 0, 0]
						}
					}
				},
				"tieoffL": {
					"rotation": {
						"0.0": {
							"vector": [17.5, 0, 0]
						},
						"0.2083": {
							"vector": [-5, 0, 0],
							"easing": "linear"
						},
						"0.2917": {
							"vector": [-5, 0, 0],
							"easing": "linear"
						},
						"0.5417": {
							"vector": [17.5, 0, 0],
							"easing": "linear"
						}
					}
				},
				"ropeendL": {
					"rotation": {
						"0.0": {
							"vector": [25.71034, 7.85771, 4.57354]
						},
						"0.2083": {
							"vector": [-17.5, 10, 0],
							"easing": "linear"
						},
						"0.2917": {
							"vector": [-17.5, 10, 0],
							"easing": "linear"
						},
						"0.5417": {
							"vector": [25.71034, 7.85771, 4.57354],
							"easing": "linear"
						}
					},
					"position": {
						"0.0": {
							"vector": [-0.4, 0.1, -0.6]
						},
						"0.2083": {
							"vector": [0, -0.2, -0.3],
							"easing": "linear"
						},
						"0.2917": {
							"vector": [0, -0.2, -0.3],
							"easing": "linear"
						},
						"0.5417": {
							"vector": [-0.4, 0.1, -0.6],
							"easing": "linear"
						}
					}
				},
				"tieoffR": {
					"rotation": {
						"0.0": {
							"vector": [20, 0, 0]
						},
						"0.2083": {
							"vector": [-7.5, 0, 0],
							"easing": "linear"
						},
						"0.2917": {
							"vector": [-7.5, 0, 0],
							"easing": "linear"
						},
						"0.5417": {
							"vector": [20, 0, 0],
							"easing": "linear"
						}
					}
				},
				"ropeendR": {
					"rotation": {
						"0.0": {
							"vector": [23.6731, -16.2143, 18.41772]
						},
						"0.2083": {
							"vector": [2.88419, -6.92618, -22.67458],
							"easing": "linear"
						},
						"0.2917": {
							"vector": [2.88419, -6.92618, -22.67458],
							"easing": "linear"
						},
						"0.5417": {
							"vector": [23.6731, -16.2143, 18.41772],
							"easing": "linear"
						}
					},
					"position": {
						"0.0": {
							"vector": [0.2, 0.6, -0.3]
						},
						"0.2083": {
							"vector": [0.1, -0.3, -0.3],
							"easing": "linear"
						},
						"0.2917": {
							"vector": [0.1, -0.3, -0.3],
							"easing": "linear"
						},
						"0.5417": {
							"vector": [0.2, 0.6, -0.3],
							"easing": "linear"
						}
					}
				},
				"loopR": {
					"rotation": {
						"0.0": {
							"vector": [17.5, 0, 0]
						},
						"0.2917": {
							"vector": [-2.5, 0, 0]
						},
						"0.375": {
							"vector": [-2.5, 0, 0]
						},
						"0.5417": {
							"vector": [17.5, 0, 0]
						}
					}
				},
				"frontleftleg": {
					"rotation": {
						"0.0": {
							"vector": [-60, 0, 0]
						},
						"0.1667": {
							"vector": [30, 0, 0]
						},
						"0.2083": {
							"vector": [30, 0, 0]
						},
						"0.5417": {
							"vector": [-35, 0, 0]
						}
					}
				},
				"bone2": {
					"rotation": {
						"0.0": {
							"vector": [0, 0, 0]
						},
						"0.1667": {
							"vector": [25, 0, 0]
						},
						"0.2083": {
							"vector": [25, 0, 0]
						},
						"0.5417": {
							"vector": [0, 0, 0]
						}
					}
				},
				"backleftleg": {
					"rotation": {
						"0.0": {
							"vector": [40, 0, 0]
						},
						"0.1667": {
							"vector": [-17.5, 0, 0]
						},
						"0.2083": {
							"vector": [-17.5, 0, 0]
						},
						"0.5417": {
							"vector": [57.5, 0, 0]
						}
					}
				},
				"bone6": {
					"rotation": {
						"0.0": {
							"vector": [17.5, 0, 0]
						},
						"0.1667": {
							"vector": [-7.5, 0, 0]
						},
						"0.2083": {
							"vector": [-7.5, 0, 0]
						},
						"0.375": {
							"vector": [17.5, 0, 0]
						},
						"0.5417": {
							"vector": [17.5, 0, 0]
						}
					}
				},
				"backrightleg": {
					"rotation": {
						"0.0": {
							"vector": [47.5, 0, 0]
						},
						"0.1667": {
							"vector": [-15, 0, 0]
						},
						"0.2083": {
							"vector": [-15, 0, 0]
						},
						"0.5417": {
							"vector": [32.5, 0, 0]
						}
					}
				},
				"bone8": {
					"rotation": {
						"0.0": {
							"vector": [32.5, 0, 0]
						},
						"0.1667": {
							"vector": [-12.5, 0, 0]
						},
						"0.2083": {
							"vector": [-12.5, 0, 0]
						},
						"0.375": {
							"vector": [32.5, 0, 0]
						},
						"0.5417": {
							"vector": [32.5, 0, 0]
						}
					}
				},
				"frontrightleg": {
					"rotation": {
						"0.0": {
							"vector": [-47.5, 0, 0]
						},
						"0.1667": {
							"vector": [37.5, 0, 0]
						},
						"0.2083": {
							"vector": [37.5, 0, 0]
						},
						"0.5417": {
							"vector": [-60, 0, 0]
						}
					}
				},
				"bone4": {
					"rotation": {
						"0.0": {
							"vector": [0, 0, 0]
						},
						"0.1667": {
							"vector": [27.5, 0, 0]
						},
						"0.2083": {
							"vector": [27.5, 0, 0]
						},
						"0.5417": {
							"vector": [0, 0, 0]
						}
					},
					"position": {
						"0.0": {
							"vector": [0, 0, 0]
						},
						"0.1667": {
							"vector": [0, 0, 0.4]
						},
						"0.2083": {
							"vector": [0, 0, 0.4]
						},
						"0.5417": {
							"vector": [0, 0, 0]
						}
					}
				},
				"tail": {
					"rotation": {
						"0.0": {
							"vector": [2.5, 0, 0]
						},
						"0.2083": {
							"vector": [-15, 0, 0]
						},
						"0.5417": {
							"vector": [2.5, 0, 0]
						}
					}
				},
				"tail2": {
					"rotation": {
						"0.0": {
							"vector": [-10, 0, 0]
						},
						"0.1667": {
							"vector": [5.56, 0, 0],
							"easing": "linear"
						},
						"0.2917": {
							"vector": [5, 0, 0],
							"easing": "easeInElastic",
							"easingArgs": [0.5]
						},
						"0.4167": {
							"vector": [5, 0, 0],
							"easing": "easeInElastic",
							"easingArgs": [0.5]
						},
						"0.5417": {
							"vector": [5, 0, 0],
							"easing": "easeInElastic",
							"easingArgs": [0.5]
						}
					}
				},
				"tail3": {
					"rotation": {
						"0.0": {
							"vector": [-7.5, 0, 0]
						},
						"0.1667": {
							"vector": [11.94, 0, 0],
							"easing": "linear"
						},
						"0.2917": {
							"vector": [-2.5, 0, 0],
							"easing": "easeInElastic",
							"easingArgs": [0.5]
						},
						"0.4167": {
							"vector": [-7.5, 0, 0]
						},
						"0.5417": {
							"vector": [-7.5, 0, 0]
						}
					}
				},
				"tail4": {
					"rotation": {
						"0.0": {
							"vector": [-20, 0, 0]
						},
						"0.1667": {
							"vector": [10.83, 0, 0],
							"easing": "linear"
						},
						"0.2917": {
							"vector": [-2.5, 0, 0],
							"easing": "easeInElastic",
							"easingArgs": [0.5]
						},
						"0.4167": {
							"vector": [-20, 0, 0]
						},
						"0.5417": {
							"vector": [-20, 0, 0]
						}
					}
				},
				"tail5": {
					"rotation": {
						"0.0": {
							"vector": [-15, 0, 0]
						},
						"0.1667": {
							"vector": [10.83, 0, 0],
							"easing": "linear"
						},
						"0.2917": {
							"vector": [0, 0, 0],
							"easing": "easeInElastic",
							"easingArgs": [0.5]
						},
						"0.4167": {
							"vector": [-15, 0, 0]
						},
						"0.5417": {
							"vector": [-15, 0, 0]
						}
					}
				},
				"tail6": {
					"rotation": {
						"0.0": {
							"vector": [-14.69, 0, 0]
						},
						"0.1667": {
							"vector": [22.5, 0, 0],
							"easing": "linear"
						},
						"0.2917": {
							"vector": [-4.69, 0, 0],
							"easing": "easeInElastic",
							"easingArgs": [0.5]
						},
						"0.4167": {
							"vector": [-14.69, 0, 0]
						},
						"0.5417": {
							"vector": [-14.69, 0, 0]
						}
					}
				},
				"tail7": {
					"rotation": {
						"0.0": {
							"vector": [-10, 0, 0]
						},
						"0.1667": {
							"vector": [7.5, 0, 0],
							"easing": "linear"
						},
						"0.2917": {
							"vector": [-5, 0, 0],
							"easing": "easeInElastic",
							"easingArgs": [0.5]
						},
						"0.4167": {
							"vector": [-10, 0, 0]
						},
						"0.5417": {
							"vector": [-10, 0, 0]
						}
					}
				}
			}
		},
		"sneak": {
			"loop": true,
			"animation_length": 2,
			"bones": {
				"bone10": {
					"rotation": {
						"vector": [0, 35, 0]
					},
					"position": {
						"vector": [-1, -3, -1]
					}
				},
				"eyeR": {
					"rotation": {
						"0.0": {
							"vector": [0, 0, -37.5]
						},
						"2.0": {
							"vector": [0, 0, -37.5]
						}
					}
				},
				"eyeL": {
					"rotation": {
						"0.0": {
							"vector": [0, 0, 42.5]
						},
						"2.0": {
							"vector": [0, 0, 42.5]
						}
					}
				},
				"EarR": {
					"rotation": {
						"vector": [1.34386, 15.39171, -32.52473]
					},
					"position": {
						"vector": [-3, 0, 0]
					}
				},
				"EarR2": {
					"rotation": {
						"vector": [-1.58507, -19.09324, 28.12233]
					},
					"position": {
						"vector": [2, 0, 0]
					}
				},
				"armorBody": {
					"rotation": {
						"vector": [-7.5, 0, 0]
					}
				},
				"frontleftleg": {
					"rotation": {
						"vector": [75, 0, 0]
					}
				},
				"bone2": {
					"rotation": {
						"vector": [12.5, 0, 0]
					}
				},
				"backleftleg": {
					"rotation": {
						"vector": [-47.5, 0, 0]
					}
				},
				"bone6": {
					"rotation": {
						"vector": [135, 0, 0]
					}
				},
				"backrightleg": {
					"rotation": {
						"vector": [-47.5, 0, 0]
					}
				},
				"bone8": {
					"rotation": {
						"vector": [135, 0, 0]
					}
				},
				"frontrightleg": {
					"rotation": {
						"vector": [72.5, 0, 0]
					}
				},
				"bone4": {
					"rotation": {
						"vector": [17.5, 0, 0]
					},
					"position": {
						"vector": [0, 0, 0.25]
					}
				},
				"tail": {
					"rotation": {
						"vector": [0, -42.5, 0]
					}
				},
				"tail2": {
					"rotation": {
						"vector": [0, -70, 0]
					}
				},
				"tail3": {
					"rotation": {
						"0.0": {
							"vector": [-5, -25, 0]
						},
						"1.0": {
							"vector": [0, -25, 0]
						},
						"2.0": {
							"vector": [-5, -25, 0]
						}
					}
				},
				"tail4": {
					"rotation": {
						"0.0": {
							"vector": [-5, -35, 0]
						},
						"1.0": {
							"vector": [5, -35, 0],
							"easing": "easeOutSine"
						},
						"2.0": {
							"vector": [-5, -35, 0],
							"easing": "easeInSine"
						}
					}
				},
				"tail5": {
					"rotation": {
						"0.0": {
							"vector": [-7.5, -27.5, 0]
						},
						"1.0": {
							"vector": [10, -27.5, 0],
							"easing": "easeOutSine"
						},
						"2.0": {
							"vector": [-7.5, -27.5, 0],
							"easing": "easeInSine"
						}
					}
				},
				"tail6": {
					"rotation": {
						"0.0": {
							"vector": [-7.5, -12.5, 0]
						},
						"1.0": {
							"vector": [10, -12.5, 0],
							"easing": "easeOutSine"
						},
						"2.0": {
							"vector": [-7.5, -12.5, 0],
							"easing": "easeInSine"
						}
					}
				},
				"tail7": {
					"rotation": {
						"0.0": {
							"vector": [0, 0, 0]
						},
						"1.0": {
							"vector": [12.5, 0, 0]
						},
						"2.0": {
							"vector": [0, 0, 0]
						}
					}
				}
			}
		},
		"jump": {
			"loop": "hold_on_last_frame",
			"animation_length": 5,
			"bones": {
				"bone10": {
					"rotation": {
						"0.0": {
							"vector": [37.5, 0, 0]
						},
						"0.25": {
							"vector": [37.5, 0, 0]
						}
					},
					"position": {
						"0.0": {
							"vector": [0, 0, 0]
						},
						"0.25": {
							"vector": [0, 0, 0]
						}
					}
				},
				"armorBody": {
					"rotation": {
						"0.0": {
							"vector": [-50, 0, 0]
						},
						"0.0417": {
							"vector": [-50, 0, 0]
						},
						"0.125": {
							"vector": [-2.5, 0, 0]
						},
						"0.25": {
							"vector": [45, 0, 0]
						}
					},
					"position": {
						"0.0": {
							"vector": [0, 3, 3]
						},
						"0.0417": {
							"vector": [0, 4, 3]
						},
						"0.25": {
							"vector": [0, 1, 1]
						}
					}
				},
				"frontleftleg": {
					"rotation": {
						"0.0": {
							"vector": [-22.5, 0, 0]
						},
						"0.0417": {
							"vector": [-22.5, 0, 0]
						},
						"0.25": {
							"vector": [-70, 0, 0]
						}
					}
				},
				"bone2": {
					"rotation": {
						"0.0": {
							"vector": [32.5, 0, 0]
						},
						"0.0417": {
							"vector": [32.5, 0, 0]
						},
						"0.25": {
							"vector": [2.5, 0, 0]
						}
					}
				},
				"backleftleg": {
					"rotation": {
						"0.0": {
							"vector": [57.5, 0, 0]
						},
						"0.0417": {
							"vector": [57.5, 0, 0]
						},
						"0.125": {
							"vector": [-42.5, 0, 0]
						},
						"0.2083": {
							"vector": [-42.5, 0, 0]
						},
						"0.25": {
							"vector": [45, 0, 0]
						}
					},
					"position": {
						"0.0": {
							"vector": [0, -2, -1]
						},
						"0.0417": {
							"vector": [0, -2, -1]
						}
					}
				},
				"bone6": {
					"rotation": {
						"0.0": {
							"vector": [0, 0, 0]
						},
						"0.0417": {
							"vector": [0, 0, 0]
						},
						"0.125": {
							"vector": [32.5, 0, 0]
						}
					}
				},
				"backrightleg": {
					"rotation": {
						"0.0": {
							"vector": [62.5, 0, 0]
						},
						"0.0417": {
							"vector": [62.5, 0, 0]
						},
						"0.125": {
							"vector": [-37.5, 0, 0]
						},
						"0.2083": {
							"vector": [-37.5, 0, 0]
						},
						"0.25": {
							"vector": [42.5, 0, 0]
						}
					},
					"position": {
						"0.0": {
							"vector": [0, -2, -1]
						},
						"0.0417": {
							"vector": [0, -2, -1]
						}
					}
				},
				"bone8": {
					"rotation": {
						"0.0": {
							"vector": [0, 0, 0]
						},
						"0.0417": {
							"vector": [0, 0, 0]
						},
						"0.125": {
							"vector": [27.5, 0, 0]
						}
					}
				},
				"frontrightleg": {
					"rotation": {
						"0.0": {
							"vector": [-15, 0, 0]
						},
						"0.0417": {
							"vector": [-15, 0, 0]
						},
						"0.25": {
							"vector": [-77.5, 0, 0]
						}
					}
				},
				"bone4": {
					"rotation": {
						"0.0": {
							"vector": [35, 0, 0]
						},
						"0.0417": {
							"vector": [35, 0, 0]
						},
						"0.125": {
							"vector": [35, 0, 0]
						},
						"0.25": {
							"vector": [0, 0, 0]
						}
					}
				},
				"tail": {
					"rotation": {
						"0.0": {
							"vector": [-5, 0, 0]
						},
						"0.0417": {
							"vector": [-5, 0, 0]
						},
						"0.125": {
							"vector": [-5, 0, 0]
						},
						"0.25": {
							"vector": [-27.5, 0, 0]
						}
					}
				},
				"tail2": {
					"rotation": {
						"0.0": {
							"vector": [-5, 0, 0]
						},
						"0.0417": {
							"vector": [-5, 0, 0]
						},
						"0.125": {
							"vector": [-5, 0, 0]
						},
						"0.25": {
							"vector": [-5, 0, 0]
						}
					}
				},
				"tail3": {
					"rotation": {
						"0.0": {
							"vector": [-7.5, 0, 0]
						},
						"0.0417": {
							"vector": [-7.5, 0, 0]
						},
						"0.125": {
							"vector": [-7.5, 0, 0]
						},
						"0.25": {
							"vector": [-7.5, 0, 0]
						}
					}
				},
				"tail4": {
					"rotation": {
						"0.0": {
							"vector": [-7.5, 0, 0]
						},
						"0.0417": {
							"vector": [-7.5, 0, 0]
						},
						"0.125": {
							"vector": [-7.5, 0, 0]
						},
						"0.25": {
							"vector": [-7.5, 0, 0]
						}
					}
				},
				"tail5": {
					"rotation": {
						"0.0": {
							"vector": [-7.5, 0, 0]
						},
						"0.0417": {
							"vector": [-7.5, 0, 0]
						},
						"0.125": {
							"vector": [-7.5, 0, 0]
						},
						"0.25": {
							"vector": [-7.5, 0, 0]
						}
					}
				},
				"tail6": {
					"rotation": {
						"0.0": {
							"vector": [-12.5, 0, 0]
						},
						"0.0417": {
							"vector": [-12.5, 0, 0]
						},
						"0.125": {
							"vector": [-12.5, 0, 0]
						},
						"0.25": {
							"vector": [-12.5, 0, 0]
						}
					}
				}
			}
		},
		"swim": {
			"loop": true,
			"animation_length": 0.5,
			"bones": {
				"bone10": {
					"rotation": {
						"vector": [-42.5, 0, 0]
					}
				},
				"armorBody": {
					"rotation": {
						"vector": [-90, 0, 0]
					}
				},
				"frontleftleg": {
					"rotation": {
						"vector": [-42.5, 0, 0]
					}
				},
				"bone2": {
					"rotation": {
						"0.0": {
							"vector": [-5, 0, 0]
						},
						"0.25": {
							"vector": [30, 0, 0]
						},
						"0.5": {
							"vector": [-5, 0, 0]
						}
					}
				},
				"backleftleg": {
					"rotation": {
						"0.0": {
							"vector": [72.5, 0, 0]
						},
						"0.25": {
							"vector": [55, 0, 0]
						},
						"0.5": {
							"vector": [72.5, 0, 0]
						}
					},
					"position": {
						"0.0": {
							"vector": [0, 0, -1]
						},
						"0.5": {
							"vector": [0, 0, -1]
						}
					}
				},
				"backrightleg": {
					"rotation": {
						"0.0": {
							"vector": [50, 0, 0]
						},
						"0.25": {
							"vector": [75, 0, 0]
						},
						"0.5": {
							"vector": [50, 0, 0]
						}
					},
					"position": {
						"0.0": {
							"vector": [0, 0, -1]
						},
						"0.5": {
							"vector": [0, 0, -1]
						}
					}
				},
				"frontrightleg": {
					"rotation": {
						"vector": [-47.5, 0, 0]
					}
				},
				"bone4": {
					"rotation": {
						"0.0": {
							"vector": [30, 0, 0]
						},
						"0.25": {
							"vector": [-7.5, 0, 0]
						},
						"0.5": {
							"vector": [30, 0, 0]
						}
					}
				},
				"tail": {
					"rotation": {
						"0.0": {
							"vector": [0, -22.5, 0]
						},
						"0.25": {
							"vector": [0, 17.5, 0]
						},
						"0.5": {
							"vector": [0, -22.5, 0]
						}
					}
				},
				"tail3": {
					"rotation": {
						"0.0": {
							"vector": [0, 12.5, 0]
						},
						"0.25": {
							"vector": [0, -10, 0]
						},
						"0.5": {
							"vector": [0, 12.5, 0]
						}
					}
				},
				"tail4": {
					"rotation": {
						"0.0": {
							"vector": [0, 5, 0]
						},
						"0.25": {
							"vector": [0, -15, 0]
						},
						"0.5": {
							"vector": [0, 5, 0]
						}
					}
				},
				"tail5": {
					"rotation": {
						"0.0": {
							"vector": [0, 12.5, 0]
						},
						"0.5": {
							"vector": [0, 12.5, 0]
						}
					}
				},
				"tail6": {
					"rotation": {
						"0.0": {
							"vector": [0, 7.5, 0]
						},
						"0.25": {
							"vector": [0, -17.5, 0]
						},
						"0.5": {
							"vector": [0, 7.5, 0]
						}
					}
				}
			}
		}
	},
	"geckolib_format_version": 2
}