{
	"format_version": "1.12.0",
	"minecraft:geometry": [
		{
			"description": {
				"identifier": "geometry.unknown",
				"texture_width": 128,
				"texture_height": 128,
				"visible_bounds_width": 3,
				"visible_bounds_height": 4.5,
				"visible_bounds_offset": [0, 1.75, 0]
			},
			"bones": [
				{
					"name": "bipedHead",
					"pivot": [0, 24, 0]
				},
				{
					"name": "armorHead",
					"parent": "bipedHead",
					"pivot": [0, 24, 0]
				},
				{
					"name": "bone",
					"parent": "armorHead",
					"pivot": [0, 24, 0],
					"cubes": [
						{"origin": [-4, 24, -4], "size": [8, 9, 8], "uv": [24, 26]},
						{"origin": [4.1, 27, -2], "size": [0, 4, 4], "uv": [48, 25]},
						{"origin": [-4.1, 27, -2], "size": [0, 4, 4], "uv": [48, 25], "mirror": true}
					]
				},
				{
					"name": "bone2",
					"parent": "bone",
					"pivot": [0, 31.83333, 0],
					"cubes": [
						{"origin": [4.1, 34, -2], "size": [0, 4, 4], "uv": [54, 21]},
						{"origin": [-4.1, 34, -2], "size": [0, 4, 4], "uv": [54, 21], "mirror": true},
						{"origin": [-4, 31, -4], "size": [8, 9, 8], "uv": [0, 17]}
					]
				},
				{
					"name": "bone3",
					"parent": "bone2",
					"pivot": [0, 38.375, 0.575],
					"cubes": [
						{"origin": [-4, 38, -4], "size": [8, 9, 8], "uv": [0, 0]},
						{"origin": [-4, 38.5, -11], "size": [8, 8, 7], "uv": [0, 36]},
						{"origin": [1, 42.75, -11.1], "size": [3, 3, 0], "uv": [0, 22]},
						{"origin": [-4, 42.75, -11.1], "size": [3, 3, 0], "uv": [0, 5]}
					]
				},
				{
					"name": "bone10",
					"parent": "bone3",
					"pivot": [5.5, 48, 1.9],
					"cubes": [
						{"origin": [3.5, 45.5, 4.9], "size": [3, 6, 0], "pivot": [5.5, 48, 1.9], "rotation": [-19.71975, -3.40487, 30.59196], "uv": [61, 16]}
					]
				},
				{
					"name": "bone11",
					"parent": "bone3",
					"pivot": [6.49175, 46.78448, 3.32792],
					"cubes": [
						{"origin": [7.79175, 42.78448, 2.02792], "size": [3, 6, 0], "pivot": [6.49175, 46.78448, 3.32792], "rotation": [-26.91566, 14.15732, 95.60264], "uv": [61, 16]}
					]
				},
				{
					"name": "bone4",
					"parent": "bone3",
					"pivot": [6.21241, 42.47583, 0.81048],
					"cubes": [
						{"origin": [6.01241, 38.67583, -0.48952], "size": [3, 6, 0], "pivot": [6.21241, 42.47583, 0.81048], "rotation": [-19.83796, 23.19977, 117.39532], "uv": [61, 16]}
					]
				},
				{
					"name": "bone7",
					"parent": "bone3",
					"pivot": [-6.21241, 42.47583, 0.81048],
					"cubes": [
						{"origin": [-9.01241, 38.67583, -0.48952], "size": [3, 6, 0], "pivot": [-6.21241, 42.47583, 0.81048], "rotation": [-19.83796, -23.19977, -117.39532], "uv": [64, 16], "mirror": true}
					]
				},
				{
					"name": "bone5",
					"parent": "bone3",
					"pivot": [6.49175, 46.78448, 3.32792],
					"cubes": [
						{"origin": [4.99175, 43.28448, 3.32792], "size": [3, 6, 0], "pivot": [6.49175, 46.78448, 3.32792], "rotation": [-30.16099, -0.43819, 69.12491], "uv": [61, 16]}
					]
				},
				{
					"name": "bone6",
					"parent": "bone3",
					"pivot": [-6.49175, 46.78448, 3.32792],
					"cubes": [
						{"origin": [-10.79175, 42.78448, 2.02792], "size": [3, 6, 0], "pivot": [-6.49175, 46.78448, 3.32792], "rotation": [-26.91566, -14.15732, -95.60264], "uv": [64, 16]}
					]
				},
				{
					"name": "bone8",
					"parent": "bone3",
					"pivot": [-6.49175, 46.78448, 3.32792],
					"cubes": [
						{"origin": [-7.99175, 43.28448, 3.32792], "size": [3, 6, 0], "pivot": [-6.49175, 46.78448, 3.32792], "rotation": [-30.16099, 0.43819, -69.12491], "uv": [64, 16]}
					]
				},
				{
					"name": "bone9",
					"parent": "bone3",
					"pivot": [-5.5, 48, 1.9],
					"cubes": [
						{"origin": [-6.5, 45.5, 4.9], "size": [3, 6, 0], "pivot": [-5.5, 48, 1.9], "rotation": [-19.71975, 3.40487, -30.59196], "uv": [64, 16]}
					]
				},
				{
					"name": "bipedBody",
					"pivot": [0, 24, 0]
				},
				{
					"name": "armorBody",
					"parent": "bipedBody",
					"pivot": [0, 24, 0]
				},
				{
					"name": "bipedRightArm",
					"pivot": [-4, 22, 0]
				},
				{
					"name": "armorRightArm",
					"parent": "bipedRightArm",
					"pivot": [-4, 22, 0]
				},
				{
					"name": "bipedLeftArm",
					"pivot": [4, 22, 0]
				},
				{
					"name": "armorLeftArm",
					"parent": "bipedLeftArm",
					"pivot": [4, 22, 0]
				},
				{
					"name": "bipedLeftLeg",
					"pivot": [-2, 12, 0]
				},
				{
					"name": "armorLeftLeg",
					"parent": "bipedLeftLeg",
					"pivot": [-2, 12, 0]
				},
				{
					"name": "armorLeftBoot",
					"parent": "bipedLeftLeg",
					"pivot": [-2, 12, 0]
				},
				{
					"name": "bipedRightLeg",
					"pivot": [2, 12, 0]
				},
				{
					"name": "armorRightLeg",
					"parent": "bipedRightLeg",
					"pivot": [2, 12, 0]
				},
				{
					"name": "armorRightBoot",
					"parent": "bipedRightLeg",
					"pivot": [2, 12, 0]
				}
			]
		}
	]
}