{
	"format_version": "1.12.0",
	"minecraft:geometry": [
		{
			"description": {
				"identifier": "geometry.unknown",
				"texture_width": 64,
				"texture_height": 64,
				"visible_bounds_width": 2,
				"visible_bounds_height": 2.5,
				"visible_bounds_offset": [0, 0.75, 0]
			},
			"bones": [
				{
					"name": "bipedHead",
					"pivot": [0, 24, 0]
				},
				{
					"name": "armorHead",
					"parent": "bipedHead",
					"pivot": [0, 24, 0]
				},
				{
					"name": "bipedBody",
					"pivot": [0, 24, 0]
				},
				{
					"name": "armorBody",
					"parent": "bipedBody",
					"pivot": [1.57516, 12.3024, -0.59375],
					"cubes": [
						{"origin": [-4, 1, -1], "size": [8, 13, 1], "uv": [22, 16]},
						{"origin": [-3.5, 11.5, -1.25], "size": [2, 2, 1], "uv": [15, 38]},
						{"origin": [-1, 11.5, -1.25], "size": [2, 2, 1], "uv": [5, 38]},
						{"origin": [1.5, 11.5, -1.25], "size": [2, 2, 1], "uv": [37, 32]},
						{"origin": [-3.5, 9, -1.25], "size": [2, 2, 1], "uv": [36, 3]},
						{"origin": [-1, 9, -1.25], "size": [2, 2, 1], "uv": [24, 36]},
						{"origin": [1.5, 9, -1.25], "size": [2, 2, 1], "uv": [30, 37]},
						{"origin": [-3.5, 6.5, -1.25], "size": [2, 2, 1], "uv": [30, 33]},
						{"origin": [-1, 6.5, -1.25], "size": [2, 2, 1], "uv": [35, 35]},
						{"origin": [1.5, 6.5, -1.25], "size": [2, 2, 1], "uv": [0, 36]}
					]
				},
				{
					"name": "bone4",
					"parent": "armorBody",
					"pivot": [2.70027, 14.12555, -0.5],
					"cubes": [
						{"origin": [-0.75, 11.5, 0.5], "size": [6, 5, 1], "pivot": [1.5, 14.5, 0], "rotation": [-90, 0, 25], "uv": [0, 26]},
						{"origin": [-0.25, 12.5, -1], "size": [5, 4, 1], "pivot": [1.5, 14.5, -0.5], "rotation": [-90, 0, 25], "uv": [24, 3]},
						{"origin": [0.25, 13, -2], "size": [4, 3, 1], "pivot": [1.5, 14.5, -0.5], "rotation": [-90, 0, 25], "uv": [0, 32]},
						{"origin": [0.75, 13.5, -3], "size": [3, 2, 1], "pivot": [1.5, 14.5, -0.5], "rotation": [-90, 0, 25], "uv": [14, 26]}
					]
				},
				{
					"name": "bone5",
					"parent": "bone4",
					"pivot": [-4.19808, 14.47524, -0.5],
					"cubes": [
						{"origin": [-2.69808, 11.37524, -0.6], "size": [2, 5, 1], "pivot": [-1.89808, 14.37524, 0], "rotation": [-90, 0, 0], "uv": [10, 33]}
					]
				},
				{
					"name": "bone6",
					"parent": "bone5",
					"pivot": [-3.19808, 14.47524, -0.5],
					"cubes": [
						{"origin": [-3.69808, 11.87524, -0.6], "size": [1, 4, 1], "pivot": [-1.89808, 14.37524, 0], "rotation": [-90, 0, 0], "uv": [20, 33]}
					]
				},
				{
					"name": "bone7",
					"parent": "bone6",
					"pivot": [-4.08223, 14.55635, -0.5],
					"cubes": [
						{"origin": [-4.59808, 12.97524, -1.1], "size": [1, 3, 1], "pivot": [-4.19808, 14.47524, -0.5], "rotation": [-90, 0, 10], "uv": [36, 38]}
					]
				},
				{
					"name": "bone8",
					"parent": "bone4",
					"pivot": [5.80897, 9.15779, -0.5],
					"cubes": [
						{"origin": [5.20192, 9.57524, 0.85], "size": [2, 5, 1], "pivot": [5.55192, 12.57524, 0], "rotation": [-90, 0, 62.5], "uv": [0, 0]}
					]
				},
				{
					"name": "bone9",
					"parent": "bone8",
					"pivot": [5.80897, 9.15779, -0.5],
					"cubes": [
						{"origin": [4.74722, 8.0448, -0.9], "size": [1, 4, 1], "pivot": [5.34722, 10.0448, -0.5], "rotation": [-90, 0, 80], "uv": [16, 33]}
					]
				},
				{
					"name": "bone10",
					"parent": "bone9",
					"pivot": [5.80897, 9.15779, -0.5],
					"cubes": [
						{"origin": [5.20897, 7.65779, -0.5], "size": [1, 3, 1], "pivot": [5.80897, 9.15779, -0.5], "rotation": [-90, 0, 90], "uv": [21, 38]}
					]
				},
				{
					"name": "bone11",
					"parent": "bone4",
					"pivot": [1.5, 14.5, -0.5],
					"cubes": [
						{"origin": [1.75, 13.5, -4], "size": [2, 2, 1], "pivot": [1.5, 14.5, -0.5], "rotation": [-90, 0, 25], "uv": [24, 33]}
					]
				},
				{
					"name": "bone12",
					"parent": "bone11",
					"pivot": [5.12747, 17.21854, -0.5],
					"cubes": [
						{"origin": [4.94294, 19.26227, -0.21116], "size": [2, 1, 1], "pivot": [1.9494, 19.76227, -0.5], "rotation": [-90, 0, 27.5], "uv": [0, 6]}
					]
				},
				{
					"name": "bone13",
					"parent": "bone12",
					"pivot": [6.22711, 16.08242, -0.5],
					"cubes": [
						{"origin": [6.94294, 19.26227, 0.28884], "size": [1, 1, 1], "pivot": [1.9494, 19.76227, -0.5], "rotation": [-90, 0, 27.5], "uv": [6, 36]}
					]
				},
				{
					"name": "bone14",
					"parent": "bone13",
					"pivot": [6.76781, 14.95541, -0.5],
					"cubes": [
						{"origin": [7.94294, 19.26227, 1.03884], "size": [1, 1, 1], "pivot": [1.9494, 19.76227, -0.5], "rotation": [-90, 0, 27.5], "uv": [32, 14]}
					]
				},
				{
					"name": "bone2",
					"parent": "armorBody",
					"pivot": [0, 25, 0],
					"cubes": [
						{"origin": [-4.5, 0, -1.5], "size": [9, 8, 2], "uv": [0, 16]}
					]
				},
				{
					"name": "bone3",
					"parent": "bone2",
					"pivot": [0, 4, -0.5],
					"cubes": [
						{"origin": [-4.5, 0, -1.5], "size": [9, 8, 2], "uv": [0, 16]}
					]
				},
				{
					"name": "bone",
					"parent": "armorBody",
					"pivot": [7.01705, 7.28143, -2],
					"cubes": [
						{"origin": [-0.5, 6.5, -2.5], "size": [5, 2, 1], "pivot": [2, 7, -2], "rotation": [0, 0, -12.5], "uv": [14, 30]},
						{"origin": [-5, 6, -2.5], "size": [5, 2, 1], "uv": [26, 30]},
						{"origin": [-6.26705, 6.53143, -1], "size": [4, 2, 1], "pivot": [-4.51705, 8.03143, -0.5], "rotation": [90, 65, 90], "uv": [32, 8]},
						{"origin": [5.01705, 7.03143, 1.5], "size": [8, 2, 1], "pivot": [4.51705, 8.03143, 1.5], "rotation": [0, 180, 0], "uv": [24, 0]},
						{"origin": [6.51705, 7.03143, 0], "size": [4, 2, 1], "pivot": [7.01705, 7.28143, -2], "rotation": [0, -90, 0], "uv": [32, 11]}
					]
				},
				{
					"name": "bipedLeftArm",
					"pivot": [-4, 22, 0]
				},
				{
					"name": "armorLeftArm",
					"parent": "bipedLeftArm",
					"pivot": [-4, 22, 0]
				},
				{
					"name": "bipedRightArm",
					"pivot": [4, 22, 0]
				},
				{
					"name": "armorRightArm",
					"parent": "bipedRightArm",
					"pivot": [4, 22, 0]
				},
				{
					"name": "bipedLeftLeg",
					"pivot": [-2, 12, 0]
				},
				{
					"name": "armorLeftLeg",
					"parent": "bipedLeftLeg",
					"pivot": [-2, 12, 0]
				},
				{
					"name": "armorLeftBoot",
					"parent": "bipedLeftLeg",
					"pivot": [-2, 12, 0]
				},
				{
					"name": "bipedRightLeg",
					"pivot": [2, 12, 0]
				},
				{
					"name": "armorRightLeg",
					"parent": "bipedRightLeg",
					"pivot": [2, 12, 0]
				},
				{
					"name": "armorRightBoot",
					"parent": "bipedRightLeg",
					"pivot": [2, 12, 0]
				}
			]
		}
	]
}