{
	"format_version": "1.8.0",
	"animations": {
		"idle": {
			"loop": true,
			"animation_length": 2,
			"bones": {
				"bone15": {
					"rotation": {
						"0.0": {
							"vector": [5.38152, -19.291, -15.91527]
						},
						"1.0": {
							"vector": [-9.91391, 3.11765, -13.85538],
							"easing": "easeInOutSine"
						},
						"2.0": {
							"vector": [5.38152, -19.291, -15.91527]
						}
					}
				},
				"bone13": {
					"rotation": {
						"0.0": {
							"vector": [2.71994, -19.82169, -7.97532]
						},
						"2.0": {
							"vector": [2.71994, -19.82169, -7.97532]
						}
					},
					"position": {
						"0.0": {
							"vector": [0, 0, 0.2]
						},
						"2.0": {
							"vector": [0, 0, 0.2]
						}
					}
				},
				"bone14": {
					"rotation": {
						"0.0": {
							"vector": [25, 0, 0]
						},
						"2.0": {
							"vector": [25, 0, 0]
						}
					}
				},
				"bone12": {
					"rotation": {
						"0.0": {
							"vector": [6.15491, 16.41371, 20.88852]
						},
						"1.0": {
							"vector": [-24.08591, -3.47773, 18.78312],
							"easing": "easeInOutSine"
						},
						"2.0": {
							"vector": [6.15491, 16.41371, 20.88852]
						}
					}
				},
				"bone11": {
					"rotation": {
						"0.0": {
							"vector": [5.35254, 11.31255, 25.53051]
						},
						"2.0": {
							"vector": [5.35254, 11.31255, 25.53051]
						}
					},
					"position": {
						"0.0": {
							"vector": [0.2, 0.25, 0.15]
						},
						"2.0": {
							"vector": [0.2, 0.25, 0.15]
						}
					}
				},
				"bone16": {
					"rotation": {
						"0.0": {
							"vector": [-54.93305, 25.73828, -31.74297]
						},
						"1.0": {
							"vector": [-55.95742, -27.15647, 34.04258],
							"easing": "easeInSine"
						},
						"2.0": {
							"vector": [-54.93305, 25.73828, -31.74297],
							"easing": "easeInSine"
						}
					}
				},
				"bone17": {
					"rotation": {
						"0.0": {
							"vector": [-16.17354, 21.69365, -6.1191]
						},
						"1.0": {
							"vector": [-15.91527, -19.291, 5.38152],
							"easing": "easeInSine"
						},
						"2.0": {
							"vector": [-16.17354, 21.69365, -6.1191],
							"easing": "easeInSine"
						}
					}
				},
				"bone18": {
					"rotation": {
						"0.0": {
							"vector": [-20.44582, -11.73507, 4.3361]
						},
						"0.25": {
							"vector": [-20.6469, 14.0761, -5.23619],
							"easing": "easeOutSine"
						},
						"1.0": {
							"vector": [-20.6469, 14.0761, -5.23619],
							"easing": "easeInSine"
						},
						"1.25": {
							"vector": [-20.44582, -11.73507, 4.3361],
							"easing": "easeOutSine"
						},
						"1.4583": {
							"vector": [-20.44582, -11.73507, 4.3361],
							"easing": "easeInSine"
						}
					}
				},
				"bone19": {
					"rotation": {
						"0.0": {
							"vector": [0, -22.5, 0]
						},
						"0.25": {
							"vector": [0, 27.5, 0],
							"easing": "easeOutSine"
						},
						"1.0": {
							"vector": [0, 27.5, 0],
							"easing": "easeInSine"
						},
						"1.25": {
							"vector": [0, -22.5, 0],
							"easing": "easeOutSine"
						},
						"1.4583": {
							"vector": [0, -22.5, 0],
							"easing": "easeInSine"
						}
					}
				},
				"bone21": {
					"rotation": {
						"0.0": {
							"vector": [0, -22.5, 0]
						},
						"0.25": {
							"vector": [0, 40, 0],
							"easing": "easeOutSine"
						},
						"1.0": {
							"vector": [0, 40, 0],
							"easing": "easeInSine"
						},
						"1.25": {
							"vector": [0, -22.5, 0],
							"easing": "easeOutSine"
						},
						"1.4583": {
							"vector": [0, -22.5, 0],
							"easing": "easeInSine"
						}
					}
				}
			}
		},
		"walk": {
			"loop": true,
			"animation_length": 0.5,
			"bones": {
				"bone15": {
					"rotation": {
						"0.0": {
							"vector": [0, 0, 0]
						},
						"0.25": {
							"vector": [0, 17.5, 0]
						},
						"0.5": {
							"vector": [0, 0, 0]
						}
					}
				},
				"bone13": {
					"rotation": {
						"0.0": {
							"vector": [0, 0, 0]
						},
						"0.25": {
							"vector": [0, 20, 0]
						},
						"0.5": {
							"vector": [0, 0, 0]
						}
					},
					"position": {
						"0.0": {
							"vector": [0, 0, 0]
						},
						"0.25": {
							"vector": [0, 0, -0.2]
						},
						"0.5": {
							"vector": [0, 0, 0]
						}
					}
				},
				"bone14": {
					"rotation": {
						"0.0": {
							"vector": [0, 0, 0]
						},
						"0.25": {
							"vector": [20, 0, 0]
						},
						"0.5": {
							"vector": [0, 0, 0]
						}
					}
				},
				"bone12": {
					"rotation": {
						"0.0": {
							"vector": [0, 0, 0]
						},
						"0.25": {
							"vector": [0, -15, 0]
						},
						"0.5": {
							"vector": [0, 0, 0]
						}
					}
				},
				"bone11": {
					"rotation": {
						"0.0": {
							"vector": [0, 0, 0]
						},
						"0.25": {
							"vector": [0, -12.5, 0]
						},
						"0.5": {
							"vector": [0, 0, 0]
						}
					},
					"position": {
						"0.0": {
							"vector": [0, 0, 0]
						},
						"0.25": {
							"vector": [0, 0, -0.2]
						},
						"0.5": {
							"vector": [0, 0, 0]
						}
					}
				},
				"bone2": {
					"rotation": {
						"0.0": {
							"vector": [-37.5, 0, 0]
						},
						"0.25": {
							"vector": [0, 0, 0]
						},
						"0.5": {
							"vector": [-37.5, 0, 0]
						}
					},
					"position": {
						"0.0": {
							"vector": [0, 0.2, -0.2]
						},
						"0.5": {
							"vector": [0, 0.2, -0.2]
						}
					}
				},
				"bone8": {
					"rotation": {
						"0.0": {
							"vector": [0, 0, 0]
						},
						"0.25": {
							"vector": [32.5, 0, 0]
						},
						"0.5": {
							"vector": [0, 0, 0]
						}
					}
				},
				"bone4": {
					"rotation": {
						"0.0": {
							"vector": [0, 0, 0]
						},
						"0.25": {
							"vector": [-35, 0, 0]
						},
						"0.5": {
							"vector": [0, 0, 0]
						}
					}
				},
				"bone6": {
					"rotation": {
						"0.0": {
							"vector": [35, 0, 0]
						},
						"0.25": {
							"vector": [0, 0, 0]
						},
						"0.5": {
							"vector": [35, 0, 0]
						}
					}
				},
				"bone16": {
					"rotation": {
						"0.0": {
							"vector": [22.5, 0, 0]
						},
						"0.25": {
							"vector": [-25, 0, 0]
						},
						"0.5": {
							"vector": [22.5, 0, 0]
						}
					}
				},
				"bone17": {
					"rotation": {
						"0.0": {
							"vector": [-20, 0, 0]
						},
						"0.125": {
							"vector": [7.5, 0, 0],
							"easing": "linear"
						},
						"0.25": {
							"vector": [7.5, 0, 0],
							"easing": "linear"
						},
						"0.375": {
							"vector": [-20, 0, 0],
							"easing": "linear"
						}
					}
				},
				"bone18": {
					"rotation": {
						"0.0": {
							"vector": [-27.5, 0, 0]
						},
						"0.125": {
							"vector": [22.5, 0, 0],
							"easing": "linear"
						},
						"0.25": {
							"vector": [22.5, 0, 0],
							"easing": "linear"
						},
						"0.375": {
							"vector": [-27.5, 0, 0],
							"easing": "linear"
						}
					}
				},
				"bone19": {
					"rotation": {
						"0.0": {
							"vector": [-35, 0, 0]
						},
						"0.125": {
							"vector": [25, 0, 0],
							"easing": "linear"
						},
						"0.25": {
							"vector": [25, 0, 0],
							"easing": "linear"
						},
						"0.375": {
							"vector": [-35, 0, 0],
							"easing": "linear"
						}
					}
				},
				"bone25": {
					"rotation": {
						"0.0": {
							"vector": [10, 0, 0]
						},
						"0.25": {
							"vector": [0, 0, 0]
						},
						"0.5": {
							"vector": [10, 0, 0]
						}
					},
					"position": {
						"0.0": {
							"vector": [0, -0.45, -0.15]
						},
						"0.25": {
							"vector": [0, -0.15, 0.05]
						},
						"0.5": {
							"vector": [0, -0.45, -0.15]
						}
					}
				},
				"bone26": {
					"rotation": {
						"0.0": {
							"vector": [0, 0, 0]
						},
						"0.25": {
							"vector": [35, 0, 0]
						},
						"0.5": {
							"vector": [0, 0, 0]
						}
					},
					"position": {
						"0.0": {
							"vector": [0, 0, 0]
						},
						"0.25": {
							"vector": [0, -0.4, -0.2]
						},
						"0.5": {
							"vector": [0, 0, 0]
						}
					}
				},
				"bone28": {
					"rotation": {
						"0.0": {
							"vector": [37.5, 0, 0]
						},
						"0.25": {
							"vector": [0, 0, 0]
						},
						"0.5": {
							"vector": [37.5, 0, 0]
						}
					},
					"position": {
						"0.0": {
							"vector": [0, -0.4, -0.2]
						},
						"0.25": {
							"vector": [0, 0, 0]
						},
						"0.5": {
							"vector": [0, -0.4, -0.2]
						}
					}
				}
			}
		},
		"run": {
			"loop": true,
			"animation_length": 0.75,
			"bones": {
				"bone10": {
					"rotation": {
						"0.0": {
							"vector": [-2.5, 0, 0]
						},
						"0.25": {
							"vector": [5, 0, 0],
							"easing": "easeInSine"
						},
						"0.75": {
							"vector": [-2.5, 0, 0],
							"easing": "easeInSine"
						}
					},
					"position": {
						"0.0": {
							"vector": [0, 1, 0]
						},
						"0.25": {
							"vector": [0, 0, 0.5],
							"easing": "easeInSine"
						},
						"0.375": {
							"vector": [0, -0.42, 0]
						},
						"0.75": {
							"vector": [0, 1, 0],
							"easing": "easeInSine"
						}
					}
				},
				"bone2": {
					"rotation": {
						"0.0": {
							"vector": [-57.5, 0, 0]
						},
						"0.375": {
							"vector": [-1.87, 0, 0],
							"easing": "easeInSine"
						},
						"0.5": {
							"vector": [0, 0, 0],
							"easing": "easeInSine"
						},
						"0.75": {
							"vector": [-57.5, 0, 0],
							"easing": "easeInSine"
						}
					},
					"position": {
						"0.0": {
							"vector": [0, 0.5, 0]
						},
						"0.25": {
							"vector": [0, -0.6, 0],
							"easing": "easeInSine"
						},
						"0.375": {
							"vector": [0, 0.05, 0],
							"easing": "easeInSine"
						},
						"0.5": {
							"vector": [0, 0.1, 0],
							"easing": "easeInSine"
						},
						"0.75": {
							"vector": [0, 0.5, 0],
							"easing": "easeInSine"
						}
					}
				},
				"bone8": {
					"rotation": {
						"0.0": {
							"vector": [25, 0, 0]
						},
						"0.375": {
							"vector": [2.5, 0, 0],
							"easing": "easeInSine"
						},
						"0.75": {
							"vector": [25, 0, 0],
							"easing": "easeInSine"
						}
					},
					"position": {
						"0.0": {
							"vector": [0, 0, 0]
						},
						"0.25": {
							"vector": [0, 1, 0],
							"easing": "easeInSine"
						},
						"0.75": {
							"vector": [0, 0, 0],
							"easing": "easeInSine"
						}
					}
				},
				"bone4": {
					"rotation": {
						"0.0": {
							"vector": [-45, 0, 0]
						},
						"0.25": {
							"vector": [-57.5, 0, 0],
							"easing": "easeInSine"
						},
						"0.375": {
							"vector": [-2.5, 0, 0],
							"easing": "easeInSine"
						},
						"0.75": {
							"vector": [-45, 0, 0],
							"easing": "easeInSine"
						}
					},
					"position": {
						"0.0": {
							"vector": [0, 0.5, 0]
						},
						"0.25": {
							"vector": [0, -1.1, 0.5],
							"easing": "easeInSine"
						},
						"0.375": {
							"vector": [0, 0, 0.5],
							"easing": "easeInSine"
						},
						"0.75": {
							"vector": [0, 0.5, 0],
							"easing": "easeInSine"
						}
					}
				},
				"bone6": {
					"rotation": {
						"0.0": {
							"vector": [30, 0, 0]
						},
						"0.25": {
							"vector": [52.5, 0, 0],
							"easing": "easeInSine"
						},
						"0.375": {
							"vector": [2.5, 0, 0],
							"easing": "easeInSine"
						},
						"0.75": {
							"vector": [30, 0, 0],
							"easing": "easeInSine"
						}
					},
					"position": {
						"0.0": {
							"vector": [0, 0, 0]
						},
						"0.25": {
							"vector": [0, 1, 0],
							"easing": "easeInSine"
						},
						"0.375": {
							"vector": [0, 0, 0],
							"easing": "easeInSine"
						},
						"0.75": {
							"vector": [0, 0, 0],
							"easing": "easeInSine"
						}
					}
				},
				"bone16": {
					"rotation": {
						"0.0": {
							"vector": [0, 0, 0]
						},
						"0.25": {
							"vector": [15, 0, 0],
							"easing": "easeInSine"
						},
						"0.75": {
							"vector": [0, 0, 0],
							"easing": "easeInSine"
						}
					},
					"position": {
						"0.0": {
							"vector": [0, -1, 0]
						},
						"0.25": {
							"vector": [0, 1.5, -1],
							"easing": "easeInSine"
						},
						"0.4167": {
							"vector": [0, 0.3, 0],
							"easing": "easeInSine"
						},
						"0.75": {
							"vector": [0, -1, 0],
							"easing": "easeInSine"
						}
					}
				},
				"bone17": {
					"rotation": {
						"0.0": {
							"vector": [12.5, 0, 0]
						},
						"0.1667": {
							"vector": [-22.5, 0, 0],
							"easing": "linear"
						},
						"0.2917": {
							"vector": [-22.5, 0, 0],
							"easing": "linear"
						},
						"0.5": {
							"vector": [12.5, 0, 0],
							"easing": "linear"
						},
						"0.625": {
							"vector": [12.5, 0, 0],
							"easing": "linear"
						},
						"0.75": {
							"vector": [12.5, 0, 0],
							"easing": "linear"
						}
					}
				},
				"bone18": {
					"rotation": {
						"0.0": {
							"vector": [17.5, 0, 0]
						},
						"0.1667": {
							"vector": [-30, 0, 0],
							"easing": "linear"
						},
						"0.2917": {
							"vector": [-30, 0, 0],
							"easing": "linear"
						},
						"0.5": {
							"vector": [17.5, 0, 0],
							"easing": "linear"
						},
						"0.625": {
							"vector": [17.5, 0, 0],
							"easing": "linear"
						},
						"0.75": {
							"vector": [17.5, 0, 0],
							"easing": "linear"
						}
					}
				},
				"bone19": {
					"rotation": {
						"0.0": {
							"vector": [15, 0, 0]
						},
						"0.1667": {
							"vector": [-22.5, 0, 0],
							"easing": "linear"
						},
						"0.2917": {
							"vector": [-22.5, 0, 0],
							"easing": "linear"
						},
						"0.5": {
							"vector": [15, 0, 0],
							"easing": "linear"
						},
						"0.625": {
							"vector": [15, 0, 0],
							"easing": "linear"
						},
						"0.75": {
							"vector": [15, 0, 0],
							"easing": "linear"
						}
					}
				},
				"bone22": {
					"rotation": {
						"0.0": {
							"vector": [-10, 0, 0]
						},
						"0.25": {
							"vector": [12.5, 0, 0],
							"easing": "easeInSine"
						},
						"0.375": {
							"vector": [2.5, 0, 0],
							"easing": "easeInSine"
						},
						"0.75": {
							"vector": [-10, 0, 0],
							"easing": "easeInSine"
						}
					}
				},
				"bone26": {
					"rotation": {
						"0.0": {
							"vector": [0, 0, 0]
						},
						"0.25": {
							"vector": [35, 0, 0],
							"easing": "easeInSine"
						},
						"0.375": {
							"vector": [0, 0, 0],
							"easing": "easeInSine"
						},
						"0.75": {
							"vector": [0, 0, 0],
							"easing": "easeInSine"
						}
					},
					"position": {
						"0.0": {
							"vector": [0, 0, 0]
						},
						"0.375": {
							"vector": [0, -1, 0],
							"easing": "easeInSine"
						},
						"0.75": {
							"vector": [0, 0, 0],
							"easing": "easeInSine"
						}
					}
				}
			}
		},
		"sneak": {
			"loop": true,
			"animation_length": 2,
			"bones": {
				"armorHead": {
					"position": {
						"vector": [0, -3, 2]
					}
				},
				"bone10": {
					"position": {
						"vector": [0, 2, -3]
					}
				},
				"armorBody": {
					"rotation": {
						"vector": [0, 0, 0]
					},
					"position": {
						"vector": [0, -1.5, 0]
					}
				},
				"bone2": {
					"rotation": {
						"vector": [-90, 0, 0]
					},
					"position": {
						"vector": [1, 0.5, -1]
					}
				},
				"bone8": {
					"rotation": {
						"vector": [-90, 0, 0]
					},
					"position": {
						"vector": [1, 0.5, 2]
					}
				},
				"bone4": {
					"rotation": {
						"vector": [-90, 0, 0]
					},
					"position": {
						"vector": [-1, 1.5, -2]
					}
				},
				"bone6": {
					"rotation": {
						"vector": [-90, 0, 0]
					},
					"position": {
						"vector": [-1, 0.5, 2]
					}
				},
				"bone16": {
					"rotation": {
						"0.0": {
							"vector": [0, 32.5, 0]
						},
						"1.0": {
							"vector": [0, -32.5, 0],
							"easing": "easeInSine"
						},
						"2.0": {
							"vector": [0, 32.5, 0],
							"easing": "easeInSine"
						}
					}
				},
				"bone17": {
					"rotation": {
						"vector": [-30, 0, 0]
					}
				},
				"bone18": {
					"rotation": {
						"0.0": {
							"vector": [-20.88852, -16.41371, 6.15491]
						},
						"0.25": {
							"vector": [-21.17283, 18.74724, -7.09597],
							"easing": "easeInQuad"
						},
						"1.0": {
							"vector": [-21.17283, 18.74724, -7.09597],
							"easing": "easeInSine"
						},
						"1.25": {
							"vector": [-20.88852, -16.41371, 6.15491],
							"easing": "easeInSine"
						},
						"2.0": {
							"vector": [-20.88852, -16.41371, 6.15491],
							"easing": "easeInSine"
						}
					}
				},
				"bone19": {
					"rotation": {
						"0.0": {
							"vector": [0, -35, 0]
						},
						"0.25": {
							"vector": [0, 27.5, 0],
							"easing": "easeInQuad"
						},
						"1.0": {
							"vector": [0, 27.5, 0],
							"easing": "easeInSine"
						},
						"1.25": {
							"vector": [0, -35, 0],
							"easing": "easeInSine"
						},
						"2.0": {
							"vector": [0, -35, 0],
							"easing": "easeInSine"
						}
					}
				}
			}
		}
	},
	"geckolib_format_version": 2
}