{
	"format_version": "1.12.0",
	"minecraft:geometry": [
		{
			"description": {
				"identifier": "geometry.unknown",
				"texture_width": 64,
				"texture_height": 64,
				"visible_bounds_width": 3,
				"visible_bounds_height": 3.5,
				"visible_bounds_offset": [0, 1.25, 0]
			},
			"bones": [
				{
					"name": "bipedHead",
					"pivot": [0, 24, 0],
					"cubes": [
						{"origin": [-4.5, 14.9, -3.5], "size": [9, 8, 7], "uv": [0, 14]},
						{"origin": [-1, 14, -1], "size": [2, 2, 2], "uv": [32, 37]}
					]
				},
				{
					"name": "armorHead",
					"parent": "bipedHead",
					"pivot": [0, 24, 0]
				},
				{
					"name": "ear",
					"parent": "bipedHead",
					"pivot": [0, 14, 0],
					"cubes": [
						{"origin": [-4, 24, -1], "size": [4, 4, 2], "pivot": [0, 14, 0], "rotation": [0, 0, -7.5], "uv": [44, 21]},
						{"origin": [0, 24, -1], "size": [4, 4, 2], "pivot": [0, 14, 0], "rotation": [0, 0, 7.5], "uv": [44, 21], "mirror": true},
						{"origin": [0.5, 27.5, -0.4], "size": [3, 2, 2], "pivot": [0, 14, 0], "rotation": [2.5, 0, 7.5], "uv": [52, 31]},
						{"origin": [1, 29.5, -0.3], "size": [2, 1, 2], "pivot": [0, 14, 0], "rotation": [2.5, 0, 7.5], "uv": [16, 29]},
						{"origin": [-3, 29.5, -0.3], "size": [2, 1, 2], "pivot": [0, 14, 0], "rotation": [2.5, 0, -7.5], "uv": [16, 29], "mirror": true},
						{"origin": [-3.5, 27.5, -0.4], "size": [3, 2, 2], "pivot": [0, 14, 0], "rotation": [2.5, 0, -7.5], "uv": [52, 31], "mirror": true}
					]
				},
				{
					"name": "hair",
					"parent": "ear",
					"pivot": [0, 14, 0],
					"cubes": [
						{"origin": [-5, 19.5, 5], "size": [3, 4.5, 2], "pivot": [0, 14, 0], "rotation": [5, -10, 5], "uv": [51, 12]},
						{"origin": [2, 19.5, 5], "size": [3, 4.5, 2], "pivot": [0, 14, 0], "rotation": [5, 10, -5], "uv": [44, 50]},
						{"origin": [-1.5, 20, 5], "size": [3, 4.5, 2], "pivot": [0, 14, 0], "rotation": [5, 0, 0], "uv": [48, 6]},
						{"origin": [-5, 21.5, -5], "size": [10, 4, 9], "uv": [0, 0]},
						{"origin": [-1, 20, 11], "size": [1, 3, 0], "pivot": [0, 14, 0], "rotation": [35, -15, 2.5], "uv": [4, 14]},
						{"origin": [-1, 25, -3], "size": [1, 2, 0], "pivot": [0, 14, 0], "rotation": [-30, -15, 2.5], "uv": [0, 0]},
						{"origin": [7, 13, -1], "size": [1, 10, 4], "pivot": [0, 14, 0], "rotation": [7.5, -15, -15], "uv": [38, 0]},
						{"origin": [-7.5, 13, -2], "size": [1, 10, 4], "pivot": [0, 14, 0], "rotation": [0, -15, 10], "uv": [16, 32], "mirror": true},
						{"origin": [0, 13, -8], "size": [4, 10, 1], "pivot": [0, 14, 0], "rotation": [-5, -32.5, -15], "uv": [46, 39]},
						{"origin": [-8, 13, -1], "size": [1, 10, 4], "pivot": [0, 14, 0], "rotation": [7.5, 15, 15], "uv": [38, 0], "mirror": true},
						{"origin": [-4, 13, -8], "size": [4, 10, 1], "pivot": [0, 14, 0], "rotation": [-5, 32.5, 15], "uv": [14, 46]},
						{"origin": [6.5, 13, -2], "size": [1, 10, 4], "pivot": [0, 14, 0], "rotation": [0, 15, -10], "uv": [16, 32]},
						{"origin": [-2.5, 13, -9], "size": [5, 10.5, 2], "pivot": [0, 14, 0], "rotation": [-17.5, 0, 0], "uv": [0, 36]}
					]
				},
				{
					"name": "bipedBody",
					"pivot": [0, 24, 0],
					"cubes": [
						{"origin": [-3, 6, -2], "size": [6, 8, 4], "uv": [28, 25]},
						{"origin": [-3.6, 9, -2.5], "size": [7.1, 1, 4.9], "uv": [25, 14]},
						{"origin": [-3.25, 6, -2.5], "size": [6.75, 3, 4.75], "uv": [0, 29]},
						{"origin": [-1, 7, -7], "size": [2, 2, 5], "uv": [43, 32]},
						{"origin": [-1, 4, -6], "size": [2, 2, 5], "pivot": [0, 14, 0], "rotation": [-40, 0, 0], "uv": [42, 14]}
					]
				},
				{
					"name": "armorBody",
					"parent": "bipedBody",
					"pivot": [0, 14, 0]
				},
				{
					"name": "bipedRightArm",
					"pivot": [-4, 22, 0],
					"cubes": [
						{"origin": [-5, 9, -1], "size": [2, 5, 2], "pivot": [-3, 13, 0], "rotation": [0, 0, 20], "uv": [24, 51]},
						{
							"origin": [-4.5, 8, -0.75],
							"size": [1, 5, 1],
							"pivot": [-3, 13, 0],
							"rotation": [0, 0, 20],
							"uv": {
								"north": {"uv": [25, 30], "uv_size": [1, 5]},
								"east": {"uv": [24, 30], "uv_size": [1, 5]},
								"south": {"uv": [27, 30], "uv_size": [1, 5]},
								"west": {"uv": [26, 30], "uv_size": [1, 5]},
								"up": {"uv": [25, 29], "uv_size": [1, 1]},
								"down": {"uv": [26, 30], "uv_size": [1, -1]}
							}
						},
						{"origin": [-5.75, 4.5, -2], "size": [3.5, 3.5, 3.5], "pivot": [-3, 13, 0], "rotation": [0, 0, 20], "uv": [0, 48]}
					]
				},
				{
					"name": "armorRightArm",
					"parent": "bipedRightArm",
					"pivot": [-4, 22, 0]
				},
				{
					"name": "bipedLeftArm",
					"pivot": [4, 22, 0],
					"cubes": [
						{"origin": [3, 9, -1], "size": [2, 5, 2], "pivot": [3, 13, 0], "rotation": [0, 0, -20], "uv": [24, 51], "mirror": true},
						{
							"origin": [3.5, 8, -0.75],
							"size": [1, 5, 1],
							"pivot": [3, 13, 0],
							"rotation": [0, 0, -20],
							"uv": {
								"north": {"uv": [26, 30], "uv_size": [-1, 5]},
								"east": {"uv": [27, 30], "uv_size": [-1, 5]},
								"south": {"uv": [28, 30], "uv_size": [-1, 5]},
								"west": {"uv": [25, 30], "uv_size": [-1, 5]},
								"up": {"uv": [26, 29], "uv_size": [-1, 1]},
								"down": {"uv": [27, 30], "uv_size": [-1, -1]}
							}
						},
						{"origin": [2.25, 4.5, -2], "size": [3.5, 3.5, 3.5], "pivot": [3, 13, 0], "rotation": [0, 0, -20], "uv": [0, 48], "mirror": true}
					]
				},
				{
					"name": "armorLeftArm",
					"parent": "bipedLeftArm",
					"pivot": [4, 22, 0]
				},
				{
					"name": "bipedLeftLeg",
					"pivot": [2, 12, 0],
					"cubes": [
						{"origin": [-3, 0, -1], "size": [2, 6, 2], "uv": [0, 0]},
						{"origin": [0.75, 0, -1.25], "size": [2.5, 3, 2.5], "uv": [54, 48]},
						{"origin": [0.75, 0, -0.25], "size": [2.5, 1, 2.5], "uv": [52, 54]}
					]
				},
				{
					"name": "armorLeftLeg",
					"parent": "bipedLeftLeg",
					"pivot": [2, 6, 0]
				},
				{
					"name": "armorLeftBoot",
					"parent": "bipedLeftLeg",
					"pivot": [2, 12, 0]
				},
				{
					"name": "bipedRightLeg",
					"pivot": [-2, 12, 0],
					"cubes": [
						{"origin": [1, 0, -1], "size": [2, 6, 2], "uv": [29, 0]},
						{"origin": [-3.25, 0, -0.25], "size": [2.5, 1, 2.5], "uv": [8, 55]},
						{"origin": [-3.25, 0, -1.25], "size": [2.5, 3, 2.5], "uv": [0, 54]}
					]
				},
				{
					"name": "armorRightLeg",
					"parent": "bipedRightLeg",
					"pivot": [-2, 6, 0]
				},
				{
					"name": "armorRightBoot",
					"parent": "bipedRightLeg",
					"pivot": [-2, 6, 0]
				}
			]
		}
	]
}