{
	"format_version": "1.12.0",
	"minecraft:geometry": [
		{
			"description": {
				"identifier": "geometry.unknown",
				"texture_width": 128,
				"texture_height": 128,
				"visible_bounds_width": 3,
				"visible_bounds_height": 3.5,
				"visible_bounds_offset": [0, 1.25, 0]
			},
			"bones": [
				{
					"name": "bipedHead",
					"pivot": [0, 24, 0]
				},
				{
					"name": "armorHead",
					"parent": "bipedHead",
					"pivot": [0, 24, 0],
					"cubes": [
						{"origin": [-3.29289, 19, 2], "size": [5, 13, 5], "pivot": [0.70711, 24, 5], "rotation": [19.28878, -42.45744, -13.4025], "uv": [19, 47]},
						{"origin": [-4.29289, 15, 0], "size": [6, 15, 6], "pivot": [0.70711, 25, 4], "rotation": [9.16416, -43.75599, -6.4737], "uv": [26, 26]},
						{"origin": [-0.29289, 18.8, 0.05], "size": [5, 13, 5], "pivot": [4.70711, 24, 3.5], "rotation": [9.5612, 3.86116, -7.89572], "uv": [19, 47]},
						{"origin": [-4.70711, 18.8, 0.05], "size": [5, 13, 5], "pivot": [-4.70711, 24, 3.5], "rotation": [9.5612, -3.86116, 7.89572], "uv": [19, 47], "mirror": true},
						{"origin": [1, 23.5, -5], "size": [3, 9, 3], "pivot": [2, 32, -2], "rotation": [-7.49294, -0.32621, -7.47864], "uv": [60, 70]},
						{"origin": [-5, 25, -1], "size": [1, 3, 0], "pivot": [-3, 28, -1], "rotation": [0, 22.5, 0], "uv": [0, 0]},
						{"origin": [4, 25, -1], "size": [1, 3, 0], "pivot": [3, 28, -1], "rotation": [0, -22.5, 0], "uv": [0, 0], "mirror": true}
					]
				},
				{
					"name": "bipedBody",
					"pivot": [0, 24, 0]
				},
				{
					"name": "armorBody",
					"parent": "bipedBody",
					"pivot": [0, 24, 0]
				},
				{
					"name": "bone",
					"parent": "armorBody",
					"pivot": [-1.5, 12, -0.75],
					"cubes": [
						{"origin": [-5, 3.65, 1], "size": [10, 10, 2], "inflate": 0.01, "pivot": [0, 10.75, 2], "rotation": [22.5, 0, 0], "uv": [39, 58]},
						{"origin": [-5, 3.65, 1], "size": [10, 10, 2], "inflate": -0.01, "pivot": [0, 10.75, 2], "rotation": [22.5, 0, 0], "uv": [56, 0]},
						{"origin": [-4.5, 1, -2.75], "size": [6, 11, 5], "inflate": 0.01, "pivot": [1.5, 12, -0.75], "rotation": [20.94102, -8.42106, 20.94102], "uv": [45, 42]},
						{"origin": [-4.5, 1, -2.75], "size": [6, 11, 5], "inflate": -0.01, "pivot": [1.5, 12, -0.75], "rotation": [20.941, -8.4211, 20.941], "uv": [44, 16]},
						{"origin": [-1.5, 1, -2.75], "size": [6, 11, 5], "inflate": -0.01, "pivot": [-1.5, 12, -0.75], "rotation": [20.941, 8.4211, -20.941], "uv": [44, 16], "mirror": true},
						{"origin": [-1.5, 1, -2.75], "size": [6, 11, 5], "inflate": 0.01, "pivot": [-1.5, 12, -0.75], "rotation": [20.94102, 8.42106, -20.94102], "uv": [45, 42], "mirror": true}
					]
				},
				{
					"name": "bipedRightArm",
					"pivot": [-4, 22, 0]
				},
				{
					"name": "armorRightArm",
					"parent": "bipedRightArm",
					"pivot": [-4, 22, 0]
				},
				{
					"name": "bipedLeftLeg",
					"pivot": [-2, 12, 0]
				},
				{
					"name": "armorLeftLeg",
					"parent": "bipedLeftLeg",
					"pivot": [-2, 12, 0]
				},
				{
					"name": "armorLeftBoot",
					"parent": "bipedLeftLeg",
					"pivot": [-2, 12, 0]
				},
				{
					"name": "bipedRightLeg",
					"pivot": [2, 12, 0]
				},
				{
					"name": "armorRightLeg",
					"parent": "bipedRightLeg",
					"pivot": [2, 12, 0]
				},
				{
					"name": "armorRightBoot",
					"parent": "bipedRightLeg",
					"pivot": [2, 12, 0]
				},
				{
					"name": "bipedLeftArm",
					"pivot": [4, 22, 0]
				},
				{
					"name": "armorLeftArm",
					"parent": "bipedLeftArm",
					"pivot": [4, 22, 0]
				}
			]
		}
	]
}