{
	"format_version": "1.12.0",
	"minecraft:geometry": [
		{
			"description": {
				"identifier": "geometry.unknown",
				"texture_width": 128,
				"texture_height": 128,
				"visible_bounds_width": 4,
				"visible_bounds_height": 3.5,
				"visible_bounds_offset": [0, 1.25, 0]
			},
			"bones": [
				{
					"name": "bipedHead",
					"pivot": [0, 24, 0]
				},
				{
					"name": "armorHead",
					"parent": "bipedHead",
					"pivot": [0, 24, 0]
				},
				{
					"name": "p",
					"parent": "armorHead",
					"pivot": [0, 33, 0]
				},
				{
					"name": "ear_r",
					"parent": "p",
					"pivot": [-3, 33.75, 0],
					"cubes": [
						{
							"origin": [-6.1, 30.75, -0.1],
							"size": [3, 7, 0],
							"inflate": 0.01,
							"pivot": [-5, 32.75, -0.1],
							"rotation": [0, -22.5, 0],
							"uv": {
								"north": {"uv": [41, 63], "uv_size": [3, 7]},
								"east": {"uv": [0, 0], "uv_size": [0, 7]},
								"south": {"uv": [44, 63], "uv_size": [3, 7]},
								"west": {"uv": [0, 0], "uv_size": [0, 7]},
								"up": {"uv": [0, 0], "uv_size": [3, 0]},
								"down": {"uv": [0, 0], "uv_size": [3, 0]}
							}
						},
						{
							"origin": [-2.65, 32.75, -2.35],
							"size": [0, 5, 3],
							"inflate": 0.01,
							"pivot": [-3, 32.75, -0.85],
							"rotation": [0, -22.5, 0],
							"uv": {
								"north": {"uv": [0, 0], "uv_size": [0, 5]},
								"east": {"uv": [0, 70], "uv_size": [3, 5]},
								"south": {"uv": [0, 0], "uv_size": [0, 5]},
								"west": {"uv": [3, 70], "uv_size": [3, 5]},
								"up": {"uv": [0, 0], "uv_size": [0, 3]},
								"down": {"uv": [0, 3], "uv_size": [0, -3]}
							}
						}
					]
				},
				{
					"name": "ear_l",
					"parent": "p",
					"pivot": [3, 32.75, 1],
					"cubes": [
						{
							"origin": [3.1, 30.75, -0.1],
							"size": [3, 7, 0],
							"inflate": 0.01,
							"pivot": [5, 32.75, -0.1],
							"rotation": [0, 22.5, 0],
							"uv": {
								"north": {"uv": [21, 60], "uv_size": [3, 7]},
								"east": {"uv": [0, 0], "uv_size": [0, 7]},
								"south": {"uv": [63, 40], "uv_size": [3, 7]},
								"west": {"uv": [0, 0], "uv_size": [0, 7]},
								"up": {"uv": [0, 0], "uv_size": [3, 0]},
								"down": {"uv": [0, 0], "uv_size": [3, 0]}
							}
						},
						{
							"origin": [2.65, 32.75, -2.35],
							"size": [0, 5, 3],
							"inflate": 0.01,
							"pivot": [3, 32.75, -0.85],
							"rotation": [0, 22.5, 0],
							"uv": {
								"north": {"uv": [0, 0], "uv_size": [0, 5]},
								"east": {"uv": [37, 69], "uv_size": [3, 5]},
								"south": {"uv": [0, 0], "uv_size": [0, 5]},
								"west": {"uv": [62, 69], "uv_size": [3, 5]},
								"up": {"uv": [0, 0], "uv_size": [0, 3]},
								"down": {"uv": [0, 3], "uv_size": [0, -3]}
							}
						}
					]
				},
				{
					"name": "hair",
					"parent": "armorHead",
					"pivot": [0, 24, 0],
					"cubes": [
						{
							"origin": [0.02, 27.25, -7.07],
							"size": [1, 1, 1],
							"pivot": [0, 27.75, -7],
							"rotation": [-7.2351, 10.19236, 46.51101],
							"uv": {
								"north": {"uv": [9, 20], "uv_size": [1, 1]},
								"east": {"uv": [9, 21], "uv_size": [1, 1]},
								"south": {"uv": [9, 22], "uv_size": [1, 1]},
								"west": {"uv": [37, 8], "uv_size": [1, 1]},
								"up": {"uv": [26, 40], "uv_size": [1, 1]},
								"down": {"uv": [26, 42], "uv_size": [1, -1]}
							}
						},
						{
							"origin": [-5, 24.75, -5],
							"size": [10, 8, 10],
							"uv": {
								"north": {"uv": [27, 23], "uv_size": [10, 8]},
								"east": {"uv": [28, 9], "uv_size": [10, 8]},
								"south": {"uv": [31, 0], "uv_size": [10, 8]},
								"west": {"uv": [27, 31], "uv_size": [10, 8]},
								"up": {"uv": [0, 0], "uv_size": [10, 10]},
								"down": {"uv": [0, 20], "uv_size": [10, -10]}
							}
						},
						{
							"origin": [1, 27, -5.75],
							"size": [4, 4, 2],
							"inflate": 0.25,
							"pivot": [3, 33, -3.5],
							"rotation": [-7.68483, 7.89418, 46.69634],
							"uv": {
								"north": {"uv": [67, 66], "uv_size": [4, 4]},
								"east": {"uv": [50, 71], "uv_size": [2, 4]},
								"south": {"uv": [6, 68], "uv_size": [4, 4]},
								"west": {"uv": [71, 66], "uv_size": [2, 4]},
								"up": {"uv": [71, 70], "uv_size": [4, 2]},
								"down": {"uv": [6, 74], "uv_size": [4, -2]}
							}
						},
						{
							"origin": [-3, 31.5, 0],
							"size": [4, 5, 0],
							"inflate": 0.01,
							"pivot": [0, 31.5, 0],
							"rotation": [0, 0, 17],
							"uv": {
								"north": {"uv": [47, 63], "uv_size": [4, 5]},
								"east": {"uv": [0, 0], "uv_size": [0, 5]},
								"south": {"uv": [51, 63], "uv_size": [4, 5]},
								"west": {"uv": [0, 0], "uv_size": [0, 5]},
								"up": {"uv": [0, 0], "uv_size": [4, 0]},
								"down": {"uv": [0, 0], "uv_size": [4, 0]}
							}
						},
						{
							"origin": [5, 26.75, -5],
							"size": [3, 5, 0],
							"inflate": 0.01,
							"uv": {
								"north": {"uv": [65, 70], "uv_size": [3, 5]},
								"east": {"uv": [0, 0], "uv_size": [0, 5]},
								"south": {"uv": [68, 70], "uv_size": [3, 5]},
								"west": {"uv": [0, 0], "uv_size": [0, 5]},
								"up": {"uv": [0, 0], "uv_size": [3, 0]},
								"down": {"uv": [0, 0], "uv_size": [3, 0]}
							}
						}
					]
				},
				{
					"name": "hair_l",
					"parent": "hair",
					"pivot": [4, 31, 0]
				},
				{
					"name": "hair_r",
					"parent": "hair",
					"pivot": [-4, 31, 0]
				},
				{
					"name": "bone15",
					"parent": "hair",
					"pivot": [4, 30.33579, 1],
					"rotation": [0, 0, 55],
					"cubes": [
						{
							"origin": [3, 26.25, 1],
							"size": [8, 4, 0],
							"inflate": 0.01,
							"pivot": [4, 30.25, 1],
							"rotation": [-45, 0, 0],
							"uv": {
								"north": {"uv": [50, 24], "uv_size": [8, 4]},
								"east": {"uv": [0, 0], "uv_size": [0, 4]},
								"south": {"uv": [50, 28], "uv_size": [8, 4]},
								"west": {"uv": [0, 0], "uv_size": [0, 4]},
								"up": {"uv": [0, 0], "uv_size": [8, 0]},
								"down": {"uv": [0, 0], "uv_size": [8, 0]}
							}
						},
						{
							"origin": [3, 26.25, 1],
							"size": [8, 4, 0],
							"inflate": 0.01,
							"pivot": [4, 30.25, 1],
							"rotation": [45, 0, 0],
							"uv": {
								"north": {"uv": [32, 50], "uv_size": [8, 4]},
								"east": {"uv": [0, 0], "uv_size": [0, 4]},
								"south": {"uv": [50, 32], "uv_size": [8, 4]},
								"west": {"uv": [0, 0], "uv_size": [0, 4]},
								"up": {"uv": [0, 0], "uv_size": [8, 0]},
								"down": {"uv": [0, 0], "uv_size": [8, 0]}
							}
						}
					]
				},
				{
					"name": "bone8",
					"parent": "hair",
					"pivot": [3.5, 32.83579, 1],
					"rotation": [0, 0, 52.5],
					"cubes": [
						{
							"origin": [2.5, 28.75, 1],
							"size": [8, 4, 0],
							"inflate": 0.01,
							"pivot": [3.5, 32.75, 1],
							"rotation": [-45, 0, 0],
							"uv": {
								"north": {"uv": [41, 4], "uv_size": [8, 4]},
								"east": {"uv": [0, 0], "uv_size": [0, 4]},
								"south": {"uv": [42, 20], "uv_size": [8, 4]},
								"west": {"uv": [0, 0], "uv_size": [0, 4]},
								"up": {"uv": [0, 0], "uv_size": [8, 0]},
								"down": {"uv": [0, 0], "uv_size": [8, 0]}
							}
						},
						{
							"origin": [2.5, 28.75, 1],
							"size": [8, 4, 0],
							"inflate": 0.01,
							"pivot": [3.5, 32.75, 1],
							"rotation": [45, 0, 0],
							"uv": {
								"north": {"uv": [42, 24], "uv_size": [8, 4]},
								"east": {"uv": [0, 0], "uv_size": [0, 4]},
								"south": {"uv": [26, 42], "uv_size": [8, 4]},
								"west": {"uv": [0, 0], "uv_size": [0, 4]},
								"up": {"uv": [0, 0], "uv_size": [8, 0]},
								"down": {"uv": [0, 0], "uv_size": [8, 0]}
							}
						}
					]
				},
				{
					"name": "bone9",
					"parent": "hair",
					"pivot": [-3, 32.08579, 0],
					"rotation": [0, 0, -55],
					"cubes": [
						{
							"origin": [-10, 28, 0],
							"size": [8, 4, 0],
							"inflate": 0.01,
							"pivot": [-3, 32, 0],
							"rotation": [-45, 0, 0],
							"uv": {
								"north": {"uv": [42, 28], "uv_size": [8, 4]},
								"east": {"uv": [0, 0], "uv_size": [0, 4]},
								"south": {"uv": [42, 32], "uv_size": [8, 4]},
								"west": {"uv": [0, 0], "uv_size": [0, 4]},
								"up": {"uv": [0, 0], "uv_size": [8, 0]},
								"down": {"uv": [0, 0], "uv_size": [8, 0]}
							}
						},
						{
							"origin": [-10, 28, 0],
							"size": [8, 4, 0],
							"inflate": 0.01,
							"pivot": [-3, 32, 0],
							"rotation": [45, 0, 0],
							"uv": {
								"north": {"uv": [34, 42], "uv_size": [8, 4]},
								"east": {"uv": [0, 0], "uv_size": [0, 4]},
								"south": {"uv": [42, 42], "uv_size": [8, 4]},
								"west": {"uv": [0, 0], "uv_size": [0, 4]},
								"up": {"uv": [0, 0], "uv_size": [8, 0]},
								"down": {"uv": [0, 0], "uv_size": [8, 0]}
							}
						}
					]
				},
				{
					"name": "bone11",
					"parent": "hair",
					"pivot": [-3, 33.58579, 4],
					"rotation": [-34.04258, 31.42176, -52.34365],
					"cubes": [
						{
							"origin": [-10, 29.5, 4],
							"size": [8, 4, 0],
							"inflate": 0.01,
							"pivot": [-3, 33.5, 4],
							"rotation": [-45, 0, 0],
							"uv": {
								"north": {"uv": [43, 8], "uv_size": [8, 4]},
								"east": {"uv": [0, 0], "uv_size": [0, 4]},
								"south": {"uv": [43, 12], "uv_size": [8, 4]},
								"west": {"uv": [0, 0], "uv_size": [0, 4]},
								"up": {"uv": [0, 0], "uv_size": [8, 0]},
								"down": {"uv": [0, 0], "uv_size": [8, 0]}
							}
						},
						{
							"origin": [-10, 29.5, 4],
							"size": [8, 4, 0],
							"inflate": 0.01,
							"pivot": [-3, 33.5, 4],
							"rotation": [45, 0, 0],
							"uv": {
								"north": {"uv": [10, 44], "uv_size": [8, 4]},
								"east": {"uv": [0, 0], "uv_size": [0, 4]},
								"south": {"uv": [18, 44], "uv_size": [8, 4]},
								"west": {"uv": [0, 0], "uv_size": [0, 4]},
								"up": {"uv": [0, 0], "uv_size": [8, 0]},
								"down": {"uv": [0, 0], "uv_size": [8, 0]}
							}
						}
					]
				},
				{
					"name": "bone14",
					"parent": "hair",
					"pivot": [3, 33.58579, 4],
					"rotation": [-34.04258, -31.42176, 52.34365],
					"cubes": [
						{
							"origin": [2, 29.5, 4],
							"size": [8, 4, 0],
							"inflate": 0.01,
							"pivot": [3, 33.5, 4],
							"rotation": [-45, 0, 0],
							"uv": {
								"north": {"uv": [49, 4], "uv_size": [8, 4]},
								"east": {"uv": [0, 0], "uv_size": [0, 4]},
								"south": {"uv": [0, 50], "uv_size": [8, 4]},
								"west": {"uv": [0, 0], "uv_size": [0, 4]},
								"up": {"uv": [0, 0], "uv_size": [8, 0]},
								"down": {"uv": [0, 0], "uv_size": [8, 0]}
							}
						},
						{
							"origin": [2, 29.5, 4],
							"size": [8, 4, 0],
							"inflate": 0.01,
							"pivot": [3, 33.5, 4],
							"rotation": [45, 0, 0],
							"uv": {
								"north": {"uv": [50, 20], "uv_size": [8, 4]},
								"east": {"uv": [0, 0], "uv_size": [0, 4]},
								"south": {"uv": [24, 50], "uv_size": [8, 4]},
								"west": {"uv": [0, 0], "uv_size": [0, 4]},
								"up": {"uv": [0, 0], "uv_size": [8, 0]},
								"down": {"uv": [0, 0], "uv_size": [8, 0]}
							}
						}
					]
				},
				{
					"name": "bone16",
					"parent": "hair",
					"pivot": [0.25, 25.58579, 7],
					"rotation": [-90, -30, 90],
					"cubes": [
						{
							"origin": [-0.75, 21.5, 7],
							"size": [8, 4, 0],
							"inflate": 0.01,
							"pivot": [0.25, 25.5, 7],
							"rotation": [-45, 0, 0],
							"uv": {
								"north": {"uv": [40, 50], "uv_size": [8, 4]},
								"east": {"uv": [0, 0], "uv_size": [0, 4]},
								"south": {"uv": [50, 42], "uv_size": [8, 4]},
								"west": {"uv": [0, 0], "uv_size": [0, 4]},
								"up": {"uv": [0, 0], "uv_size": [8, 0]},
								"down": {"uv": [0, 0], "uv_size": [8, 0]}
							}
						},
						{
							"origin": [-0.75, 21.5, 7],
							"size": [8, 4, 0],
							"inflate": 0.01,
							"pivot": [0.25, 25.5, 7],
							"rotation": [45, 0, 0],
							"uv": {
								"north": {"uv": [50, 46], "uv_size": [8, 4]},
								"east": {"uv": [0, 0], "uv_size": [0, 4]},
								"south": {"uv": [48, 50], "uv_size": [8, 4]},
								"west": {"uv": [0, 0], "uv_size": [0, 4]},
								"up": {"uv": [0, 0], "uv_size": [8, 0]},
								"down": {"uv": [0, 0], "uv_size": [8, 0]}
							}
						}
					]
				},
				{
					"name": "bone17",
					"parent": "hair",
					"pivot": [0.25, 32.08579, 5.5],
					"rotation": [-90, -35, 90],
					"cubes": [
						{
							"origin": [-0.75, 28, 5.5],
							"size": [8, 4, 0],
							"inflate": 0.01,
							"pivot": [0.25, 32, 5.5],
							"rotation": [-45, 0, 0],
							"uv": {
								"north": {"uv": [51, 8], "uv_size": [8, 4]},
								"east": {"uv": [0, 0], "uv_size": [0, 4]},
								"south": {"uv": [51, 12], "uv_size": [8, 4]},
								"west": {"uv": [0, 0], "uv_size": [0, 4]},
								"up": {"uv": [0, 0], "uv_size": [8, 0]},
								"down": {"uv": [0, 0], "uv_size": [8, 0]}
							}
						},
						{
							"origin": [-0.75, 28, 5.5],
							"size": [8, 4, 0],
							"inflate": 0.01,
							"pivot": [0.25, 32, 5.5],
							"rotation": [45, 0, 0],
							"uv": {
								"north": {"uv": [51, 36], "uv_size": [8, 4]},
								"east": {"uv": [0, 0], "uv_size": [0, 4]},
								"south": {"uv": [8, 52], "uv_size": [8, 4]},
								"west": {"uv": [0, 0], "uv_size": [0, 4]},
								"up": {"uv": [0, 0], "uv_size": [8, 0]},
								"down": {"uv": [0, 0], "uv_size": [8, 0]}
							}
						}
					]
				},
				{
					"name": "bone20",
					"parent": "hair",
					"pivot": [0.25, 28.08579, 5.5],
					"rotation": [-90, -45, 90],
					"cubes": [
						{
							"origin": [-0.75, 24, 5.5],
							"size": [8, 4, 0],
							"inflate": 0.01,
							"pivot": [0.25, 28, 5.5],
							"rotation": [-45, 0, 0],
							"uv": {
								"north": {"uv": [56, 16], "uv_size": [8, 4]},
								"east": {"uv": [0, 0], "uv_size": [0, 4]},
								"south": {"uv": [56, 50], "uv_size": [8, 4]},
								"west": {"uv": [0, 0], "uv_size": [0, 4]},
								"up": {"uv": [0, 0], "uv_size": [8, 0]},
								"down": {"uv": [0, 0], "uv_size": [8, 0]}
							}
						},
						{
							"origin": [-0.75, 24, 5.5],
							"size": [8, 4, 0],
							"inflate": 0.01,
							"pivot": [0.25, 28, 5.5],
							"rotation": [45, 0, 0],
							"uv": {
								"north": {"uv": [56, 54], "uv_size": [8, 4]},
								"east": {"uv": [0, 0], "uv_size": [0, 4]},
								"south": {"uv": [57, 0], "uv_size": [8, 4]},
								"west": {"uv": [0, 0], "uv_size": [0, 4]},
								"up": {"uv": [0, 0], "uv_size": [8, 0]},
								"down": {"uv": [0, 0], "uv_size": [8, 0]}
							}
						}
					]
				},
				{
					"name": "bone12",
					"parent": "hair",
					"pivot": [-4.25, 31.08579, 4.5],
					"rotation": [-39.32269, 23.92746, -63.659],
					"cubes": [
						{
							"origin": [-11.25, 27, 4.5],
							"size": [8, 4, 0],
							"inflate": 0.01,
							"pivot": [-4.25, 31, 4.5],
							"rotation": [-45, 0, 0],
							"uv": {
								"north": {"uv": [0, 46], "uv_size": [8, 4]},
								"east": {"uv": [0, 0], "uv_size": [0, 4]},
								"south": {"uv": [26, 46], "uv_size": [8, 4]},
								"west": {"uv": [0, 0], "uv_size": [0, 4]},
								"up": {"uv": [0, 0], "uv_size": [8, 0]},
								"down": {"uv": [0, 0], "uv_size": [8, 0]}
							}
						},
						{
							"origin": [-11.25, 27, 4.5],
							"size": [8, 4, 0],
							"inflate": 0.01,
							"pivot": [-4.25, 31, 4.5],
							"rotation": [45, 0, 0],
							"uv": {
								"north": {"uv": [34, 46], "uv_size": [8, 4]},
								"east": {"uv": [0, 0], "uv_size": [0, 4]},
								"south": {"uv": [42, 46], "uv_size": [8, 4]},
								"west": {"uv": [0, 0], "uv_size": [0, 4]},
								"up": {"uv": [0, 0], "uv_size": [8, 0]},
								"down": {"uv": [0, 0], "uv_size": [8, 0]}
							}
						}
					]
				},
				{
					"name": "bone19",
					"parent": "hair",
					"pivot": [-5, 27.58579, 5],
					"rotation": [-39.32269, 23.92746, -63.659],
					"cubes": [
						{
							"origin": [-12, 23.5, 5],
							"size": [8, 4, 0],
							"inflate": 0.01,
							"pivot": [-5, 27.5, 5],
							"rotation": [-45, 0, 0],
							"uv": {
								"north": {"uv": [40, 54], "uv_size": [8, 4]},
								"east": {"uv": [0, 0], "uv_size": [0, 4]},
								"south": {"uv": [48, 54], "uv_size": [8, 4]},
								"west": {"uv": [0, 0], "uv_size": [0, 4]},
								"up": {"uv": [0, 0], "uv_size": [8, 0]},
								"down": {"uv": [0, 0], "uv_size": [8, 0]}
							}
						},
						{
							"origin": [-12, 23.5, 5],
							"size": [8, 4, 0],
							"inflate": 0.01,
							"pivot": [-5, 27.5, 5],
							"rotation": [45, 0, 0],
							"uv": {
								"north": {"uv": [8, 56], "uv_size": [8, 4]},
								"east": {"uv": [0, 0], "uv_size": [0, 4]},
								"south": {"uv": [16, 56], "uv_size": [8, 4]},
								"west": {"uv": [0, 0], "uv_size": [0, 4]},
								"up": {"uv": [0, 0], "uv_size": [8, 0]},
								"down": {"uv": [0, 0], "uv_size": [8, 0]}
							}
						}
					]
				},
				{
					"name": "bone13",
					"parent": "hair",
					"pivot": [4.5, 31.08579, 4.5],
					"rotation": [-39.32269, -23.92746, 63.659],
					"cubes": [
						{
							"origin": [3.5, 27, 4.5],
							"size": [8, 4, 0],
							"inflate": 0.01,
							"pivot": [4.5, 31, 4.5],
							"rotation": [-45, 0, 0],
							"uv": {
								"north": {"uv": [8, 48], "uv_size": [8, 4]},
								"east": {"uv": [0, 0], "uv_size": [0, 4]},
								"south": {"uv": [16, 48], "uv_size": [8, 4]},
								"west": {"uv": [0, 0], "uv_size": [0, 4]},
								"up": {"uv": [0, 0], "uv_size": [8, 0]},
								"down": {"uv": [0, 0], "uv_size": [8, 0]}
							}
						},
						{
							"origin": [3.5, 27, 4.5],
							"size": [8, 4, 0],
							"inflate": 0.01,
							"pivot": [4.5, 31, 4.5],
							"rotation": [45, 0, 0],
							"uv": {
								"north": {"uv": [48, 16], "uv_size": [8, 4]},
								"east": {"uv": [0, 0], "uv_size": [0, 4]},
								"south": {"uv": [49, 0], "uv_size": [8, 4]},
								"west": {"uv": [0, 0], "uv_size": [0, 4]},
								"up": {"uv": [0, 0], "uv_size": [8, 0]},
								"down": {"uv": [0, 0], "uv_size": [8, 0]}
							}
						}
					]
				},
				{
					"name": "bone18",
					"parent": "hair",
					"pivot": [5, 27.58579, 5],
					"rotation": [-39.32269, -23.92746, 63.659],
					"cubes": [
						{
							"origin": [4, 23.5, 5],
							"size": [8, 4, 0],
							"inflate": 0.01,
							"pivot": [5, 27.5, 5],
							"rotation": [-45, 0, 0],
							"uv": {
								"north": {"uv": [16, 52], "uv_size": [8, 4]},
								"east": {"uv": [0, 0], "uv_size": [0, 4]},
								"south": {"uv": [0, 54], "uv_size": [8, 4]},
								"west": {"uv": [0, 0], "uv_size": [0, 4]},
								"up": {"uv": [0, 0], "uv_size": [8, 0]},
								"down": {"uv": [0, 0], "uv_size": [8, 0]}
							}
						},
						{
							"origin": [4, 23.5, 5],
							"size": [8, 4, 0],
							"inflate": 0.01,
							"pivot": [5, 27.5, 5],
							"rotation": [45, 0, 0],
							"uv": {
								"north": {"uv": [24, 54], "uv_size": [8, 4]},
								"east": {"uv": [0, 0], "uv_size": [0, 4]},
								"south": {"uv": [32, 54], "uv_size": [8, 4]},
								"west": {"uv": [0, 0], "uv_size": [0, 4]},
								"up": {"uv": [0, 0], "uv_size": [8, 0]},
								"down": {"uv": [0, 0], "uv_size": [8, 0]}
							}
						}
					]
				},
				{
					"name": "bone",
					"parent": "hair",
					"pivot": [6.35, 31.15, -2],
					"rotation": [0, 0, 47.5],
					"cubes": [
						{
							"origin": [4.35, 28.15, -2],
							"size": [6, 3, 0],
							"inflate": 0.01,
							"pivot": [6.35, 31.15, -2],
							"rotation": [-22.5, 0, 0],
							"uv": {
								"north": {"uv": [63, 32], "uv_size": [6, 3]},
								"east": {"uv": [0, 0], "uv_size": [0, 3]},
								"south": {"uv": [63, 47], "uv_size": [6, 3]},
								"west": {"uv": [0, 0], "uv_size": [0, 3]},
								"up": {"uv": [0, 0], "uv_size": [6, 0]},
								"down": {"uv": [0, 0], "uv_size": [6, 0]}
							}
						},
						{
							"origin": [4.35, 28.15, -2],
							"size": [6, 3, 0],
							"inflate": 0.01,
							"pivot": [6.35, 31.15, -2],
							"rotation": [22.5, 0, 0],
							"uv": {
								"north": {"uv": [55, 63], "uv_size": [6, 3]},
								"east": {"uv": [0, 0], "uv_size": [0, 3]},
								"south": {"uv": [61, 63], "uv_size": [6, 3]},
								"west": {"uv": [0, 0], "uv_size": [0, 3]},
								"up": {"uv": [0, 0], "uv_size": [6, 0]},
								"down": {"uv": [0, 0], "uv_size": [6, 0]}
							}
						}
					]
				},
				{
					"name": "bone6",
					"parent": "hair",
					"pivot": [6, 29.75, -2],
					"rotation": [0, 0, -32.5],
					"cubes": [
						{
							"origin": [4, 26.75, -2],
							"size": [6, 3, 0],
							"inflate": 0.01,
							"pivot": [6, 29.75, -2],
							"rotation": [-22.5, 0, 0],
							"uv": {
								"north": {"uv": [65, 0], "uv_size": [6, 3]},
								"east": {"uv": [0, 0], "uv_size": [0, 3]},
								"south": {"uv": [6, 65], "uv_size": [6, 3]},
								"west": {"uv": [0, 0], "uv_size": [0, 3]},
								"up": {"uv": [0, 0], "uv_size": [6, 0]},
								"down": {"uv": [0, 0], "uv_size": [6, 0]}
							}
						},
						{
							"origin": [4, 26.75, -2],
							"size": [6, 3, 0],
							"inflate": 0.01,
							"pivot": [6, 29.75, -2],
							"rotation": [22.5, 0, 0],
							"uv": {
								"north": {"uv": [12, 65], "uv_size": [6, 3]},
								"east": {"uv": [0, 0], "uv_size": [0, 3]},
								"south": {"uv": [24, 65], "uv_size": [6, 3]},
								"west": {"uv": [0, 0], "uv_size": [0, 3]},
								"up": {"uv": [0, 0], "uv_size": [6, 0]},
								"down": {"uv": [0, 0], "uv_size": [6, 0]}
							}
						}
					]
				},
				{
					"name": "bone2",
					"parent": "hair",
					"pivot": [6, 28.75, -2],
					"rotation": [0, 0, 67.5],
					"cubes": [
						{
							"origin": [4, 25.75, -2],
							"size": [6, 3, 0],
							"inflate": 0.01,
							"pivot": [6, 28.75, -2],
							"rotation": [-22.5, 0, 0],
							"uv": {
								"north": {"uv": [64, 4], "uv_size": [6, 3]},
								"east": {"uv": [0, 0], "uv_size": [0, 3]},
								"south": {"uv": [64, 7], "uv_size": [6, 3]},
								"west": {"uv": [0, 0], "uv_size": [0, 3]},
								"up": {"uv": [0, 0], "uv_size": [6, 0]},
								"down": {"uv": [0, 0], "uv_size": [6, 0]}
							}
						},
						{
							"origin": [4, 25.75, -2],
							"size": [6, 3, 0],
							"inflate": 0.01,
							"pivot": [6, 28.75, -2],
							"rotation": [22.5, 0, 0],
							"uv": {
								"north": {"uv": [64, 10], "uv_size": [6, 3]},
								"east": {"uv": [0, 0], "uv_size": [0, 3]},
								"south": {"uv": [64, 16], "uv_size": [6, 3]},
								"west": {"uv": [0, 0], "uv_size": [0, 3]},
								"up": {"uv": [0, 0], "uv_size": [6, 0]},
								"down": {"uv": [0, 0], "uv_size": [6, 0]}
							}
						}
					]
				},
				{
					"name": "bone21",
					"parent": "hair",
					"pivot": [-4.5, 30.75, -4.5],
					"rotation": [46.20971, -13.89146, -74.84239],
					"cubes": [
						{
							"origin": [-8.5, 27.75, -4.5],
							"size": [6, 3, 0],
							"inflate": 0.01,
							"pivot": [-4.5, 30.75, -4.5],
							"rotation": [-22.5, 0, 0],
							"uv": {
								"north": {"uv": [30, 65], "uv_size": [6, 3]},
								"east": {"uv": [0, 0], "uv_size": [0, 3]},
								"south": {"uv": [65, 35], "uv_size": [6, 3]},
								"west": {"uv": [0, 0], "uv_size": [0, 3]},
								"up": {"uv": [0, 0], "uv_size": [6, 0]},
								"down": {"uv": [0, 0], "uv_size": [6, 0]}
							}
						},
						{
							"origin": [-8.5, 27.75, -4.5],
							"size": [6, 3, 0],
							"inflate": 0.01,
							"pivot": [-4.5, 30.75, -4.5],
							"rotation": [22.5, 0, 0],
							"uv": {
								"north": {"uv": [66, 38], "uv_size": [6, 3]},
								"east": {"uv": [0, 0], "uv_size": [0, 3]},
								"south": {"uv": [66, 41], "uv_size": [6, 3]},
								"west": {"uv": [0, 0], "uv_size": [0, 3]},
								"up": {"uv": [0, 0], "uv_size": [6, 0]},
								"down": {"uv": [0, 0], "uv_size": [6, 0]}
							}
						}
					]
				},
				{
					"name": "bone22",
					"parent": "hair",
					"pivot": [-4.75, 29, -3.5],
					"rotation": [35.95281, -12.56592, -70.64771],
					"cubes": [
						{
							"origin": [-8.75, 26, -3.5],
							"size": [6, 3, 0],
							"pivot": [-4.75, 29, -3.5],
							"rotation": [-22.5, 0, 0],
							"uv": {
								"north": {"uv": [66, 44], "uv_size": [6, 3]},
								"east": {"uv": [0, 0], "uv_size": [0, 3]},
								"south": {"uv": [55, 66], "uv_size": [6, 3]},
								"west": {"uv": [0, 0], "uv_size": [0, 3]},
								"up": {"uv": [0, 0], "uv_size": [6, 0]},
								"down": {"uv": [0, 0], "uv_size": [6, 0]}
							}
						},
						{
							"origin": [-8.75, 26, -3.5],
							"size": [6, 3, 0],
							"inflate": 0.01,
							"pivot": [-4.75, 29, -3.5],
							"rotation": [22.5, 0, 0],
							"uv": {
								"north": {"uv": [61, 66], "uv_size": [6, 3]},
								"east": {"uv": [0, 0], "uv_size": [0, 3]},
								"south": {"uv": [0, 67], "uv_size": [6, 3]},
								"west": {"uv": [0, 0], "uv_size": [0, 3]},
								"up": {"uv": [0, 0], "uv_size": [6, 0]},
								"down": {"uv": [0, 0], "uv_size": [6, 0]}
							}
						}
					]
				},
				{
					"name": "bone5",
					"parent": "hair",
					"pivot": [-4.5, 31, -2.25],
					"rotation": [0, 0, -62.5],
					"cubes": [
						{
							"origin": [-8.5, 28, -2.25],
							"size": [6, 3, 0],
							"inflate": 0.01,
							"pivot": [-4.5, 31, -2.25],
							"rotation": [-22.5, 0, 0],
							"uv": {
								"north": {"uv": [64, 50], "uv_size": [6, 3]},
								"east": {"uv": [0, 0], "uv_size": [0, 3]},
								"south": {"uv": [64, 53], "uv_size": [6, 3]},
								"west": {"uv": [0, 0], "uv_size": [0, 3]},
								"up": {"uv": [0, 0], "uv_size": [6, 0]},
								"down": {"uv": [0, 0], "uv_size": [6, 0]}
							}
						},
						{
							"origin": [-8.5, 28, -2.25],
							"size": [6, 3, 0],
							"inflate": 0.01,
							"pivot": [-4.5, 31, -2.25],
							"rotation": [22.5, 0, 0],
							"uv": {
								"north": {"uv": [64, 56], "uv_size": [6, 3]},
								"east": {"uv": [0, 0], "uv_size": [0, 3]},
								"south": {"uv": [64, 59], "uv_size": [6, 3]},
								"west": {"uv": [0, 0], "uv_size": [0, 3]},
								"up": {"uv": [0, 0], "uv_size": [6, 0]},
								"down": {"uv": [0, 0], "uv_size": [6, 0]}
							}
						}
					]
				},
				{
					"name": "wolf_head",
					"parent": "armorHead",
					"pivot": [0, 24, 0],
					"cubes": [
						{
							"origin": [-4.5, 23.25, -4.5],
							"size": [9, 9, 9],
							"uv": {
								"north": {"uv": [10, 14], "uv_size": [9, 9]},
								"east": {"uv": [19, 14], "uv_size": [9, 9]},
								"south": {"uv": [0, 20], "uv_size": [9, 9]},
								"west": {"uv": [22, 0], "uv_size": [9, 9]},
								"up": {"uv": [9, 23], "uv_size": [9, 9]},
								"down": {"uv": [18, 32], "uv_size": [9, -9]}
							}
						},
						{
							"origin": [-1, 25.75, -8.5],
							"size": [2, 3, 4],
							"pivot": [0.5, 29, -4.5],
							"rotation": [22.5, 0, 0],
							"uv": {
								"north": {"uv": [52, 72], "uv_size": [2, 3]},
								"east": {"uv": [70, 59], "uv_size": [4, 3]},
								"south": {"uv": [54, 72], "uv_size": [2, 3]},
								"west": {"uv": [71, 0], "uv_size": [4, 3]},
								"up": {"uv": [10, 72], "uv_size": [2, 4]},
								"down": {"uv": [12, 76], "uv_size": [2, -4]}
							}
						},
						{
							"origin": [-1.5, 24.25, -8.5],
							"size": [3, 3, 4],
							"uv": {
								"north": {"uv": [71, 34], "uv_size": [3, 3]},
								"east": {"uv": [18, 71], "uv_size": [4, 3]},
								"south": {"uv": [47, 71], "uv_size": [3, 3]},
								"west": {"uv": [71, 19], "uv_size": [4, 3]},
								"up": {"uv": [22, 71], "uv_size": [3, 4]},
								"down": {"uv": [71, 26], "uv_size": [3, -4]}
							}
						},
						{
							"origin": [-1, 23.25, -7.5],
							"size": [2, 1, 4],
							"uv": {
								"north": {"uv": [35, 8], "uv_size": [2, 1]},
								"east": {"uv": [56, 73], "uv_size": [4, 1]},
								"south": {"uv": [38, 16], "uv_size": [2, 1]},
								"west": {"uv": [73, 66], "uv_size": [4, 1]},
								"up": {"uv": [14, 72], "uv_size": [2, 4]},
								"down": {"uv": [16, 76], "uv_size": [2, -4]}
							}
						}
					]
				},
				{
					"name": "bipedBody",
					"pivot": [0, 24, 0]
				},
				{
					"name": "armorBody",
					"parent": "bipedBody",
					"pivot": [0, 24, 0]
				},
				{
					"name": "bipedRightArm",
					"pivot": [-4, 22, 0]
				},
				{
					"name": "armorRightArm",
					"parent": "bipedRightArm",
					"pivot": [-4, 22, 0]
				},
				{
					"name": "bipedLeftArm",
					"pivot": [4, 22, 0]
				},
				{
					"name": "armorLeftArm",
					"parent": "bipedLeftArm",
					"pivot": [4, 22, 0]
				},
				{
					"name": "bipedLeftLeg",
					"pivot": [-2, 12, 0]
				},
				{
					"name": "armorLeftLeg",
					"parent": "bipedLeftLeg",
					"pivot": [-2, 12, 0]
				},
				{
					"name": "armorLeftBoot",
					"parent": "bipedLeftLeg",
					"pivot": [-2, 12, 0]
				},
				{
					"name": "bipedRightLeg",
					"pivot": [2, 12, 0]
				},
				{
					"name": "armorRightLeg",
					"parent": "bipedRightLeg",
					"pivot": [2, 12, 0]
				},
				{
					"name": "armorRightBoot",
					"parent": "bipedRightLeg",
					"pivot": [2, 12, 0]
				}
			]
		}
	]
}