{
	"format_version": "1.12.0",
	"minecraft:geometry": [
		{
			"description": {
				"identifier": "geometry.unknown",
				"texture_width": 128,
				"texture_height": 128,
				"visible_bounds_width": 4,
				"visible_bounds_height": 3.5,
				"visible_bounds_offset": [0, 1.25, 0]
			},
			"bones": [
				{
					"name": "bipedHead",
					"pivot": [0, 24, 0]
				},
				{
					"name": "armorHead",
					"parent": "bipedHead",
					"pivot": [0, 24, 0]
				},
				{
					"name": "p",
					"parent": "armorHead",
					"pivot": [0, 33, 0]
				},
				{
					"name": "ear_r",
					"parent": "p",
					"pivot": [-3, 33.75, 0],
					"cubes": [
						{
							"origin": [-6.1, 30.75, -0.1],
							"size": [3, 7, 0],
							"inflate": 0.01,
							"pivot": [-5, 32.75, -0.1],
							"rotation": [0, -22.5, 0],
							"uv": {
								"north": {"uv": [6, 58], "uv_size": [3, 7]},
								"east": {"uv": [0, 0], "uv_size": [0, 7]},
								"south": {"uv": [24, 58], "uv_size": [3, 7]},
								"west": {"uv": [0, 0], "uv_size": [0, 7]},
								"up": {"uv": [0, 0], "uv_size": [3, 0]},
								"down": {"uv": [0, 0], "uv_size": [3, 0]}
							}
						},
						{
							"origin": [-2.65, 32.75, -2.35],
							"size": [0, 5, 3],
							"inflate": 0.01,
							"pivot": [-3, 32.75, -0.85],
							"rotation": [0, -22.5, 0],
							"uv": {
								"north": {"uv": [0, 0], "uv_size": [0, 5]},
								"east": {"uv": [8, 65], "uv_size": [3, 5]},
								"south": {"uv": [0, 0], "uv_size": [0, 5]},
								"west": {"uv": [11, 65], "uv_size": [3, 5]},
								"up": {"uv": [0, 0], "uv_size": [0, 3]},
								"down": {"uv": [0, 3], "uv_size": [0, -3]}
							}
						}
					]
				},
				{
					"name": "ear_l",
					"parent": "p",
					"pivot": [3, 32.75, 1],
					"cubes": [
						{
							"origin": [3.1, 30.75, -0.1],
							"size": [3, 7, 0],
							"inflate": 0.01,
							"pivot": [5, 32.75, -0.1],
							"rotation": [0, 22.5, 0],
							"uv": {
								"north": {"uv": [0, 58], "uv_size": [3, 7]},
								"east": {"uv": [0, 0], "uv_size": [0, 7]},
								"south": {"uv": [3, 58], "uv_size": [3, 7]},
								"west": {"uv": [0, 0], "uv_size": [0, 7]},
								"up": {"uv": [0, 0], "uv_size": [3, 0]},
								"down": {"uv": [0, 0], "uv_size": [3, 0]}
							}
						},
						{
							"origin": [2.65, 32.75, -2.35],
							"size": [0, 5, 3],
							"inflate": 0.01,
							"pivot": [3, 32.75, -0.85],
							"rotation": [0, 22.5, 0],
							"uv": {
								"north": {"uv": [0, 0], "uv_size": [0, 5]},
								"east": {"uv": [21, 60], "uv_size": [3, 5]},
								"south": {"uv": [0, 0], "uv_size": [0, 5]},
								"west": {"uv": [65, 7], "uv_size": [3, 5]},
								"up": {"uv": [0, 0], "uv_size": [0, 3]},
								"down": {"uv": [0, 3], "uv_size": [0, -3]}
							}
						}
					]
				},
				{
					"name": "hair",
					"parent": "armorHead",
					"pivot": [0, 24, 0],
					"cubes": [
						{
							"origin": [0.02, 27.25, -7.07],
							"size": [1, 1, 1],
							"pivot": [0, 27.75, -7],
							"rotation": [-7.2351, 10.19236, 46.51101],
							"uv": {
								"north": {"uv": [32, 7], "uv_size": [1, 1]},
								"east": {"uv": [33, 7], "uv_size": [1, 1]},
								"south": {"uv": [34, 11], "uv_size": [1, 1]},
								"west": {"uv": [34, 12], "uv_size": [1, 1]},
								"up": {"uv": [34, 13], "uv_size": [1, 1]},
								"down": {"uv": [24, 39], "uv_size": [1, -1]}
							}
						},
						{
							"origin": [-5, 24.75, -5],
							"size": [10, 8, 10],
							"uv": {
								"north": {"uv": [10, 14], "uv_size": [10, 8]},
								"east": {"uv": [0, 20], "uv_size": [10, 8]},
								"south": {"uv": [20, 14], "uv_size": [10, 8]},
								"west": {"uv": [22, 0], "uv_size": [10, 8]},
								"up": {"uv": [0, 0], "uv_size": [10, 10]},
								"down": {"uv": [0, 20], "uv_size": [10, -10]}
							}
						},
						{
							"origin": [1, 27, -5.75],
							"size": [4, 4, 2],
							"inflate": 0.25,
							"pivot": [3, 33, -3.5],
							"rotation": [-7.68483, 7.89418, 46.69634],
							"uv": {
								"north": {"uv": [49, 64], "uv_size": [4, 4]},
								"east": {"uv": [68, 8], "uv_size": [2, 4]},
								"south": {"uv": [53, 64], "uv_size": [4, 4]},
								"west": {"uv": [21, 68], "uv_size": [2, 4]},
								"up": {"uv": [68, 30], "uv_size": [4, 2]},
								"down": {"uv": [68, 34], "uv_size": [4, -2]}
							}
						},
						{
							"origin": [-3, 31.5, 0],
							"size": [4, 5, 0],
							"inflate": 0.01,
							"pivot": [0, 31.5, 0],
							"rotation": [0, 0, 17],
							"uv": {
								"north": {"uv": [27, 58], "uv_size": [4, 5]},
								"east": {"uv": [0, 0], "uv_size": [0, 5]},
								"south": {"uv": [31, 58], "uv_size": [4, 5]},
								"west": {"uv": [0, 0], "uv_size": [0, 5]},
								"up": {"uv": [0, 0], "uv_size": [4, 0]},
								"down": {"uv": [0, 0], "uv_size": [4, 0]}
							}
						},
						{
							"origin": [5, 26.75, -5],
							"size": [3, 5, 0],
							"inflate": 0.01,
							"uv": {
								"north": {"uv": [67, 34], "uv_size": [3, 5]},
								"east": {"uv": [0, 0], "uv_size": [0, 5]},
								"south": {"uv": [67, 42], "uv_size": [3, 5]},
								"west": {"uv": [0, 0], "uv_size": [0, 5]},
								"up": {"uv": [0, 0], "uv_size": [3, 0]},
								"down": {"uv": [0, 0], "uv_size": [3, 0]}
							}
						}
					]
				},
				{
					"name": "hair_l",
					"parent": "hair",
					"pivot": [4, 31, 0]
				},
				{
					"name": "hair_r",
					"parent": "hair",
					"pivot": [-4, 31, 0]
				},
				{
					"name": "bone15",
					"parent": "hair",
					"pivot": [4, 30.33579, 1],
					"rotation": [0, 0, 55],
					"cubes": [
						{
							"origin": [3, 26.25, 1],
							"size": [8, 4, 0],
							"inflate": 0.01,
							"pivot": [4, 30.25, 1],
							"rotation": [-45, 0, 0],
							"uv": {
								"north": {"uv": [40, 43], "uv_size": [8, 4]},
								"east": {"uv": [0, 0], "uv_size": [0, 4]},
								"south": {"uv": [0, 44], "uv_size": [8, 4]},
								"west": {"uv": [0, 0], "uv_size": [0, 4]},
								"up": {"uv": [0, 0], "uv_size": [8, 0]},
								"down": {"uv": [0, 0], "uv_size": [8, 0]}
							}
						},
						{
							"origin": [3, 26.25, 1],
							"size": [8, 4, 0],
							"inflate": 0.01,
							"pivot": [4, 30.25, 1],
							"rotation": [45, 0, 0],
							"uv": {
								"north": {"uv": [8, 44], "uv_size": [8, 4]},
								"east": {"uv": [0, 0], "uv_size": [0, 4]},
								"south": {"uv": [24, 45], "uv_size": [8, 4]},
								"west": {"uv": [0, 0], "uv_size": [0, 4]},
								"up": {"uv": [0, 0], "uv_size": [8, 0]},
								"down": {"uv": [0, 0], "uv_size": [8, 0]}
							}
						}
					]
				},
				{
					"name": "bone8",
					"parent": "hair",
					"pivot": [3.5, 32.83579, 1],
					"rotation": [0, 0, 52.5],
					"cubes": [
						{
							"origin": [2.5, 28.75, 1],
							"size": [8, 4, 0],
							"inflate": 0.01,
							"pivot": [3.5, 32.75, 1],
							"rotation": [-45, 0, 0],
							"uv": {
								"north": {"uv": [33, 33], "uv_size": [8, 4]},
								"east": {"uv": [0, 0], "uv_size": [0, 4]},
								"south": {"uv": [34, 7], "uv_size": [8, 4]},
								"west": {"uv": [0, 0], "uv_size": [0, 4]},
								"up": {"uv": [0, 0], "uv_size": [8, 0]},
								"down": {"uv": [0, 0], "uv_size": [8, 0]}
							}
						},
						{
							"origin": [2.5, 28.75, 1],
							"size": [8, 4, 0],
							"inflate": 0.01,
							"pivot": [3.5, 32.75, 1],
							"rotation": [45, 0, 0],
							"uv": {
								"north": {"uv": [35, 11], "uv_size": [8, 4]},
								"east": {"uv": [0, 0], "uv_size": [0, 4]},
								"south": {"uv": [35, 15], "uv_size": [8, 4]},
								"west": {"uv": [0, 0], "uv_size": [0, 4]},
								"up": {"uv": [0, 0], "uv_size": [8, 0]},
								"down": {"uv": [0, 0], "uv_size": [8, 0]}
							}
						}
					]
				},
				{
					"name": "bone9",
					"parent": "hair",
					"pivot": [-3, 32.08579, 0],
					"rotation": [0, 0, -55],
					"cubes": [
						{
							"origin": [-10, 28, 0],
							"size": [8, 4, 0],
							"inflate": 0.01,
							"pivot": [-3, 32, 0],
							"rotation": [-45, 0, 0],
							"uv": {
								"north": {"uv": [0, 36], "uv_size": [8, 4]},
								"east": {"uv": [0, 0], "uv_size": [0, 4]},
								"south": {"uv": [8, 36], "uv_size": [8, 4]},
								"west": {"uv": [0, 0], "uv_size": [0, 4]},
								"up": {"uv": [0, 0], "uv_size": [8, 0]},
								"down": {"uv": [0, 0], "uv_size": [8, 0]}
							}
						},
						{
							"origin": [-10, 28, 0],
							"size": [8, 4, 0],
							"inflate": 0.01,
							"pivot": [-3, 32, 0],
							"rotation": [45, 0, 0],
							"uv": {
								"north": {"uv": [25, 37], "uv_size": [8, 4]},
								"east": {"uv": [0, 0], "uv_size": [0, 4]},
								"south": {"uv": [33, 37], "uv_size": [8, 4]},
								"west": {"uv": [0, 0], "uv_size": [0, 4]},
								"up": {"uv": [0, 0], "uv_size": [8, 0]},
								"down": {"uv": [0, 0], "uv_size": [8, 0]}
							}
						}
					]
				},
				{
					"name": "bone11",
					"parent": "hair",
					"pivot": [-3, 33.58579, 4],
					"rotation": [-34.04258, 31.42176, -52.34365],
					"cubes": [
						{
							"origin": [-10, 29.5, 4],
							"size": [8, 4, 0],
							"inflate": 0.01,
							"pivot": [-3, 33.5, 4],
							"rotation": [-45, 0, 0],
							"uv": {
								"north": {"uv": [16, 38], "uv_size": [8, 4]},
								"east": {"uv": [0, 0], "uv_size": [0, 4]},
								"south": {"uv": [0, 40], "uv_size": [8, 4]},
								"west": {"uv": [0, 0], "uv_size": [0, 4]},
								"up": {"uv": [0, 0], "uv_size": [8, 0]},
								"down": {"uv": [0, 0], "uv_size": [8, 0]}
							}
						},
						{
							"origin": [-10, 29.5, 4],
							"size": [8, 4, 0],
							"inflate": 0.01,
							"pivot": [-3, 33.5, 4],
							"rotation": [45, 0, 0],
							"uv": {
								"north": {"uv": [40, 3], "uv_size": [8, 4]},
								"east": {"uv": [0, 0], "uv_size": [0, 4]},
								"south": {"uv": [8, 40], "uv_size": [8, 4]},
								"west": {"uv": [0, 0], "uv_size": [0, 4]},
								"up": {"uv": [0, 0], "uv_size": [8, 0]},
								"down": {"uv": [0, 0], "uv_size": [8, 0]}
							}
						}
					]
				},
				{
					"name": "bone14",
					"parent": "hair",
					"pivot": [3, 33.58579, 4],
					"rotation": [-34.04258, -31.42176, 52.34365],
					"cubes": [
						{
							"origin": [2, 29.5, 4],
							"size": [8, 4, 0],
							"inflate": 0.01,
							"pivot": [3, 33.5, 4],
							"rotation": [-45, 0, 0],
							"uv": {
								"north": {"uv": [42, 7], "uv_size": [8, 4]},
								"east": {"uv": [0, 0], "uv_size": [0, 4]},
								"south": {"uv": [16, 42], "uv_size": [8, 4]},
								"west": {"uv": [0, 0], "uv_size": [0, 4]},
								"up": {"uv": [0, 0], "uv_size": [8, 0]},
								"down": {"uv": [0, 0], "uv_size": [8, 0]}
							}
						},
						{
							"origin": [2, 29.5, 4],
							"size": [8, 4, 0],
							"inflate": 0.01,
							"pivot": [3, 33.5, 4],
							"rotation": [45, 0, 0],
							"uv": {
								"north": {"uv": [43, 11], "uv_size": [8, 4]},
								"east": {"uv": [0, 0], "uv_size": [0, 4]},
								"south": {"uv": [43, 15], "uv_size": [8, 4]},
								"west": {"uv": [0, 0], "uv_size": [0, 4]},
								"up": {"uv": [0, 0], "uv_size": [8, 0]},
								"down": {"uv": [0, 0], "uv_size": [8, 0]}
							}
						}
					]
				},
				{
					"name": "bone16",
					"parent": "hair",
					"pivot": [0.25, 25.58579, 7],
					"rotation": [-90, -30, 90],
					"cubes": [
						{
							"origin": [-0.75, 21.5, 7],
							"size": [8, 4, 0],
							"inflate": 0.01,
							"pivot": [0.25, 25.5, 7],
							"rotation": [-45, 0, 0],
							"uv": {
								"north": {"uv": [32, 45], "uv_size": [8, 4]},
								"east": {"uv": [0, 0], "uv_size": [0, 4]},
								"south": {"uv": [16, 46], "uv_size": [8, 4]},
								"west": {"uv": [0, 0], "uv_size": [0, 4]},
								"up": {"uv": [0, 0], "uv_size": [8, 0]},
								"down": {"uv": [0, 0], "uv_size": [8, 0]}
							}
						},
						{
							"origin": [-0.75, 21.5, 7],
							"size": [8, 4, 0],
							"inflate": 0.01,
							"pivot": [0.25, 25.5, 7],
							"rotation": [45, 0, 0],
							"uv": {
								"north": {"uv": [40, 47], "uv_size": [8, 4]},
								"east": {"uv": [0, 0], "uv_size": [0, 4]},
								"south": {"uv": [0, 48], "uv_size": [8, 4]},
								"west": {"uv": [0, 0], "uv_size": [0, 4]},
								"up": {"uv": [0, 0], "uv_size": [8, 0]},
								"down": {"uv": [0, 0], "uv_size": [8, 0]}
							}
						}
					]
				},
				{
					"name": "bone17",
					"parent": "hair",
					"pivot": [0.25, 32.08579, 5.5],
					"rotation": [-90, -35, 90],
					"cubes": [
						{
							"origin": [-0.75, 28, 5.5],
							"size": [8, 4, 0],
							"inflate": 0.01,
							"pivot": [0.25, 32, 5.5],
							"rotation": [-45, 0, 0],
							"uv": {
								"north": {"uv": [48, 0], "uv_size": [8, 4]},
								"east": {"uv": [0, 0], "uv_size": [0, 4]},
								"south": {"uv": [8, 48], "uv_size": [8, 4]},
								"west": {"uv": [0, 0], "uv_size": [0, 4]},
								"up": {"uv": [0, 0], "uv_size": [8, 0]},
								"down": {"uv": [0, 0], "uv_size": [8, 0]}
							}
						},
						{
							"origin": [-0.75, 28, 5.5],
							"size": [8, 4, 0],
							"inflate": 0.01,
							"pivot": [0.25, 32, 5.5],
							"rotation": [45, 0, 0],
							"uv": {
								"north": {"uv": [48, 19], "uv_size": [8, 4]},
								"east": {"uv": [0, 0], "uv_size": [0, 4]},
								"south": {"uv": [48, 23], "uv_size": [8, 4]},
								"west": {"uv": [0, 0], "uv_size": [0, 4]},
								"up": {"uv": [0, 0], "uv_size": [8, 0]},
								"down": {"uv": [0, 0], "uv_size": [8, 0]}
							}
						}
					]
				},
				{
					"name": "bone20",
					"parent": "hair",
					"pivot": [0.25, 28.08579, 5.5],
					"rotation": [-90, -45, 90],
					"cubes": [
						{
							"origin": [-0.75, 24, 5.5],
							"size": [8, 4, 0],
							"inflate": 0.01,
							"pivot": [0.25, 28, 5.5],
							"rotation": [-45, 0, 0],
							"uv": {
								"north": {"uv": [50, 4], "uv_size": [8, 4]},
								"east": {"uv": [0, 0], "uv_size": [0, 4]},
								"south": {"uv": [16, 50], "uv_size": [8, 4]},
								"west": {"uv": [0, 0], "uv_size": [0, 4]},
								"up": {"uv": [0, 0], "uv_size": [8, 0]},
								"down": {"uv": [0, 0], "uv_size": [8, 0]}
							}
						},
						{
							"origin": [-0.75, 24, 5.5],
							"size": [8, 4, 0],
							"inflate": 0.01,
							"pivot": [0.25, 28, 5.5],
							"rotation": [45, 0, 0],
							"uv": {
								"north": {"uv": [51, 8], "uv_size": [8, 4]},
								"east": {"uv": [0, 0], "uv_size": [0, 4]},
								"south": {"uv": [51, 12], "uv_size": [8, 4]},
								"west": {"uv": [0, 0], "uv_size": [0, 4]},
								"up": {"uv": [0, 0], "uv_size": [8, 0]},
								"down": {"uv": [0, 0], "uv_size": [8, 0]}
							}
						}
					]
				},
				{
					"name": "bone12",
					"parent": "hair",
					"pivot": [-4.25, 31.08579, 4.5],
					"rotation": [-39.32269, 23.92746, -63.659],
					"cubes": [
						{
							"origin": [-11.25, 27, 4.5],
							"size": [8, 4, 0],
							"inflate": 0.01,
							"pivot": [-4.25, 31, 4.5],
							"rotation": [-45, 0, 0],
							"uv": {
								"north": {"uv": [40, 19], "uv_size": [8, 4]},
								"east": {"uv": [0, 0], "uv_size": [0, 4]},
								"south": {"uv": [40, 23], "uv_size": [8, 4]},
								"west": {"uv": [0, 0], "uv_size": [0, 4]},
								"up": {"uv": [0, 0], "uv_size": [8, 0]},
								"down": {"uv": [0, 0], "uv_size": [8, 0]}
							}
						},
						{
							"origin": [-11.25, 27, 4.5],
							"size": [8, 4, 0],
							"inflate": 0.01,
							"pivot": [-4.25, 31, 4.5],
							"rotation": [45, 0, 0],
							"uv": {
								"north": {"uv": [40, 27], "uv_size": [8, 4]},
								"east": {"uv": [0, 0], "uv_size": [0, 4]},
								"south": {"uv": [24, 41], "uv_size": [8, 4]},
								"west": {"uv": [0, 0], "uv_size": [0, 4]},
								"up": {"uv": [0, 0], "uv_size": [8, 0]},
								"down": {"uv": [0, 0], "uv_size": [8, 0]}
							}
						}
					]
				},
				{
					"name": "bone19",
					"parent": "hair",
					"pivot": [-5, 27.58579, 5],
					"rotation": [-39.32269, 23.92746, -63.659],
					"cubes": [
						{
							"origin": [-12, 23.5, 5],
							"size": [8, 4, 0],
							"inflate": 0.01,
							"pivot": [-5, 27.5, 5],
							"rotation": [-45, 0, 0],
							"uv": {
								"north": {"uv": [49, 31], "uv_size": [8, 4]},
								"east": {"uv": [0, 0], "uv_size": [0, 4]},
								"south": {"uv": [32, 49], "uv_size": [8, 4]},
								"west": {"uv": [0, 0], "uv_size": [0, 4]},
								"up": {"uv": [0, 0], "uv_size": [8, 0]},
								"down": {"uv": [0, 0], "uv_size": [8, 0]}
							}
						},
						{
							"origin": [-12, 23.5, 5],
							"size": [8, 4, 0],
							"inflate": 0.01,
							"pivot": [-5, 27.5, 5],
							"rotation": [45, 0, 0],
							"uv": {
								"north": {"uv": [49, 35], "uv_size": [8, 4]},
								"east": {"uv": [0, 0], "uv_size": [0, 4]},
								"south": {"uv": [49, 39], "uv_size": [8, 4]},
								"west": {"uv": [0, 0], "uv_size": [0, 4]},
								"up": {"uv": [0, 0], "uv_size": [8, 0]},
								"down": {"uv": [0, 0], "uv_size": [8, 0]}
							}
						}
					]
				},
				{
					"name": "bone13",
					"parent": "hair",
					"pivot": [4.5, 31.08579, 4.5],
					"rotation": [-39.32269, -23.92746, 63.659],
					"cubes": [
						{
							"origin": [3.5, 27, 4.5],
							"size": [8, 4, 0],
							"inflate": 0.01,
							"pivot": [4.5, 31, 4.5],
							"rotation": [-45, 0, 0],
							"uv": {
								"north": {"uv": [41, 31], "uv_size": [8, 4]},
								"east": {"uv": [0, 0], "uv_size": [0, 4]},
								"south": {"uv": [32, 41], "uv_size": [8, 4]},
								"west": {"uv": [0, 0], "uv_size": [0, 4]},
								"up": {"uv": [0, 0], "uv_size": [8, 0]},
								"down": {"uv": [0, 0], "uv_size": [8, 0]}
							}
						},
						{
							"origin": [3.5, 27, 4.5],
							"size": [8, 4, 0],
							"inflate": 0.01,
							"pivot": [4.5, 31, 4.5],
							"rotation": [45, 0, 0],
							"uv": {
								"north": {"uv": [41, 35], "uv_size": [8, 4]},
								"east": {"uv": [0, 0], "uv_size": [0, 4]},
								"south": {"uv": [41, 39], "uv_size": [8, 4]},
								"west": {"uv": [0, 0], "uv_size": [0, 4]},
								"up": {"uv": [0, 0], "uv_size": [8, 0]},
								"down": {"uv": [0, 0], "uv_size": [8, 0]}
							}
						}
					]
				},
				{
					"name": "bone18",
					"parent": "hair",
					"pivot": [5, 27.58579, 5],
					"rotation": [-39.32269, -23.92746, 63.659],
					"cubes": [
						{
							"origin": [4, 23.5, 5],
							"size": [8, 4, 0],
							"inflate": 0.01,
							"pivot": [5, 27.5, 5],
							"rotation": [-45, 0, 0],
							"uv": {
								"north": {"uv": [48, 27], "uv_size": [8, 4]},
								"east": {"uv": [0, 0], "uv_size": [0, 4]},
								"south": {"uv": [48, 43], "uv_size": [8, 4]},
								"west": {"uv": [0, 0], "uv_size": [0, 4]},
								"up": {"uv": [0, 0], "uv_size": [8, 0]},
								"down": {"uv": [0, 0], "uv_size": [8, 0]}
							}
						},
						{
							"origin": [4, 23.5, 5],
							"size": [8, 4, 0],
							"inflate": 0.01,
							"pivot": [5, 27.5, 5],
							"rotation": [45, 0, 0],
							"uv": {
								"north": {"uv": [48, 47], "uv_size": [8, 4]},
								"east": {"uv": [0, 0], "uv_size": [0, 4]},
								"south": {"uv": [24, 49], "uv_size": [8, 4]},
								"west": {"uv": [0, 0], "uv_size": [0, 4]},
								"up": {"uv": [0, 0], "uv_size": [8, 0]},
								"down": {"uv": [0, 0], "uv_size": [8, 0]}
							}
						}
					]
				},
				{
					"name": "bone",
					"parent": "hair",
					"pivot": [6.35, 31.15, -2],
					"rotation": [0, 0, 47.5],
					"cubes": [
						{
							"origin": [4.35, 28.15, -2],
							"size": [6, 3, 0],
							"inflate": 0.01,
							"pivot": [6.35, 31.15, -2],
							"rotation": [-22.5, 0, 0],
							"uv": {
								"north": {"uv": [59, 10], "uv_size": [6, 3]},
								"east": {"uv": [0, 0], "uv_size": [0, 3]},
								"south": {"uv": [59, 13], "uv_size": [6, 3]},
								"west": {"uv": [0, 0], "uv_size": [0, 3]},
								"up": {"uv": [0, 0], "uv_size": [6, 0]},
								"down": {"uv": [0, 0], "uv_size": [6, 0]}
							}
						},
						{
							"origin": [4.35, 28.15, -2],
							"size": [6, 3, 0],
							"inflate": 0.01,
							"pivot": [6.35, 31.15, -2],
							"rotation": [22.5, 0, 0],
							"uv": {
								"north": {"uv": [59, 56], "uv_size": [6, 3]},
								"east": {"uv": [0, 0], "uv_size": [0, 3]},
								"south": {"uv": [59, 59], "uv_size": [6, 3]},
								"west": {"uv": [0, 0], "uv_size": [0, 3]},
								"up": {"uv": [0, 0], "uv_size": [6, 0]},
								"down": {"uv": [0, 0], "uv_size": [6, 0]}
							}
						}
					]
				},
				{
					"name": "bone6",
					"parent": "hair",
					"pivot": [6, 29.75, -2],
					"rotation": [0, 0, -32.5],
					"cubes": [
						{
							"origin": [4, 26.75, -2],
							"size": [6, 3, 0],
							"inflate": 0.01,
							"pivot": [6, 29.75, -2],
							"rotation": [-22.5, 0, 0],
							"uv": {
								"north": {"uv": [61, 42], "uv_size": [6, 3]},
								"east": {"uv": [0, 0], "uv_size": [0, 3]},
								"south": {"uv": [61, 45], "uv_size": [6, 3]},
								"west": {"uv": [0, 0], "uv_size": [0, 3]},
								"up": {"uv": [0, 0], "uv_size": [6, 0]},
								"down": {"uv": [0, 0], "uv_size": [6, 0]}
							}
						},
						{
							"origin": [4, 26.75, -2],
							"size": [6, 3, 0],
							"inflate": 0.01,
							"pivot": [6, 29.75, -2],
							"rotation": [22.5, 0, 0],
							"uv": {
								"north": {"uv": [47, 61], "uv_size": [6, 3]},
								"east": {"uv": [0, 0], "uv_size": [0, 3]},
								"south": {"uv": [61, 48], "uv_size": [6, 3]},
								"west": {"uv": [0, 0], "uv_size": [0, 3]},
								"up": {"uv": [0, 0], "uv_size": [6, 0]},
								"down": {"uv": [0, 0], "uv_size": [6, 0]}
							}
						}
					]
				},
				{
					"name": "bone2",
					"parent": "hair",
					"pivot": [6, 28.75, -2],
					"rotation": [0, 0, 67.5],
					"cubes": [
						{
							"origin": [4, 25.75, -2],
							"size": [6, 3, 0],
							"inflate": 0.01,
							"pivot": [6, 28.75, -2],
							"rotation": [-22.5, 0, 0],
							"uv": {
								"north": {"uv": [15, 60], "uv_size": [6, 3]},
								"east": {"uv": [0, 0], "uv_size": [0, 3]},
								"south": {"uv": [61, 16], "uv_size": [6, 3]},
								"west": {"uv": [0, 0], "uv_size": [0, 3]},
								"up": {"uv": [0, 0], "uv_size": [6, 0]},
								"down": {"uv": [0, 0], "uv_size": [6, 0]}
							}
						},
						{
							"origin": [4, 25.75, -2],
							"size": [6, 3, 0],
							"inflate": 0.01,
							"pivot": [6, 28.75, -2],
							"rotation": [22.5, 0, 0],
							"uv": {
								"north": {"uv": [61, 19], "uv_size": [6, 3]},
								"east": {"uv": [0, 0], "uv_size": [0, 3]},
								"south": {"uv": [61, 22], "uv_size": [6, 3]},
								"west": {"uv": [0, 0], "uv_size": [0, 3]},
								"up": {"uv": [0, 0], "uv_size": [6, 0]},
								"down": {"uv": [0, 0], "uv_size": [6, 0]}
							}
						}
					]
				},
				{
					"name": "bone21",
					"parent": "hair",
					"pivot": [-4.5, 30.75, -4.5],
					"rotation": [46.20971, -13.89146, -74.84239],
					"cubes": [
						{
							"origin": [-8.5, 27.75, -4.5],
							"size": [6, 3, 0],
							"inflate": 0.01,
							"pivot": [-4.5, 30.75, -4.5],
							"rotation": [-22.5, 0, 0],
							"uv": {
								"north": {"uv": [61, 51], "uv_size": [6, 3]},
								"east": {"uv": [0, 0], "uv_size": [0, 3]},
								"south": {"uv": [53, 61], "uv_size": [6, 3]},
								"west": {"uv": [0, 0], "uv_size": [0, 3]},
								"up": {"uv": [0, 0], "uv_size": [6, 0]},
								"down": {"uv": [0, 0], "uv_size": [6, 0]}
							}
						},
						{
							"origin": [-8.5, 27.75, -4.5],
							"size": [6, 3, 0],
							"inflate": 0.01,
							"pivot": [-4.5, 30.75, -4.5],
							"rotation": [22.5, 0, 0],
							"uv": {
								"north": {"uv": [62, 0], "uv_size": [6, 3]},
								"east": {"uv": [0, 0], "uv_size": [0, 3]},
								"south": {"uv": [9, 62], "uv_size": [6, 3]},
								"west": {"uv": [0, 0], "uv_size": [0, 3]},
								"up": {"uv": [0, 0], "uv_size": [6, 0]},
								"down": {"uv": [0, 0], "uv_size": [6, 0]}
							}
						}
					]
				},
				{
					"name": "bone22",
					"parent": "hair",
					"pivot": [-4.75, 29, -3.5],
					"rotation": [35.95281, -12.56592, -70.64771],
					"cubes": [
						{
							"origin": [-8.75, 26, -3.5],
							"size": [6, 3, 0],
							"inflate": 0.01,
							"pivot": [-4.75, 29, -3.5],
							"rotation": [-22.5, 0, 0],
							"uv": {
								"north": {"uv": [62, 31], "uv_size": [6, 3]},
								"east": {"uv": [0, 0], "uv_size": [0, 3]},
								"south": {"uv": [59, 62], "uv_size": [6, 3]},
								"west": {"uv": [0, 0], "uv_size": [0, 3]},
								"up": {"uv": [0, 0], "uv_size": [6, 0]},
								"down": {"uv": [0, 0], "uv_size": [6, 0]}
							}
						},
						{
							"origin": [-8.75, 26, -3.5],
							"size": [6, 3, 0],
							"inflate": 0.01,
							"pivot": [-4.75, 29, -3.5],
							"rotation": [22.5, 0, 0],
							"uv": {
								"north": {"uv": [15, 63], "uv_size": [6, 3]},
								"east": {"uv": [0, 0], "uv_size": [0, 3]},
								"south": {"uv": [27, 63], "uv_size": [6, 3]},
								"west": {"uv": [0, 0], "uv_size": [0, 3]},
								"up": {"uv": [0, 0], "uv_size": [6, 0]},
								"down": {"uv": [0, 0], "uv_size": [6, 0]}
							}
						}
					]
				},
				{
					"name": "bone5",
					"parent": "hair",
					"pivot": [-4.5, 31, -2.25],
					"rotation": [0, 0, -62.5],
					"cubes": [
						{
							"origin": [-8.5, 28, -2.25],
							"size": [6, 3, 0],
							"inflate": 0.01,
							"pivot": [-4.5, 31, -2.25],
							"rotation": [-22.5, 0, 0],
							"uv": {
								"north": {"uv": [61, 25], "uv_size": [6, 3]},
								"east": {"uv": [0, 0], "uv_size": [0, 3]},
								"south": {"uv": [61, 28], "uv_size": [6, 3]},
								"west": {"uv": [0, 0], "uv_size": [0, 3]},
								"up": {"uv": [0, 0], "uv_size": [6, 0]},
								"down": {"uv": [0, 0], "uv_size": [6, 0]}
							}
						},
						{
							"origin": [-8.5, 28, -2.25],
							"size": [6, 3, 0],
							"inflate": 0.01,
							"pivot": [-4.5, 31, -2.25],
							"rotation": [22.5, 0, 0],
							"uv": {
								"north": {"uv": [35, 61], "uv_size": [6, 3]},
								"east": {"uv": [0, 0], "uv_size": [0, 3]},
								"south": {"uv": [41, 61], "uv_size": [6, 3]},
								"west": {"uv": [0, 0], "uv_size": [0, 3]},
								"up": {"uv": [0, 0], "uv_size": [6, 0]},
								"down": {"uv": [0, 0], "uv_size": [6, 0]}
							}
						}
					]
				},
				{
					"name": "bipedBody",
					"pivot": [0, 24, 0]
				},
				{
					"name": "armorBody",
					"parent": "bipedBody",
					"pivot": [0, 24, 0]
				},
				{
					"name": "Tail",
					"parent": "armorBody",
					"pivot": [0, 14, 2],
					"cubes": [
						{
							"origin": [-1, 12, 1],
							"size": [2, 2, 4],
							"uv": {
								"north": {"uv": [20, 28], "uv_size": [2, 2]},
								"east": {"uv": [16, 36], "uv_size": [4, 2]},
								"south": {"uv": [49, 68], "uv_size": [2, 2]},
								"west": {"uv": [63, 38], "uv_size": [4, 2]},
								"up": {"uv": [68, 0], "uv_size": [2, 4]},
								"down": {"uv": [68, 8], "uv_size": [2, -4]}
							}
						}
					]
				},
				{
					"name": "inner_tail",
					"parent": "Tail",
					"pivot": [0, 15, 3],
					"cubes": [
						{
							"origin": [-2, 11, 3],
							"size": [4, 4, 6],
							"uv": {
								"north": {"uv": [63, 34], "uv_size": [4, 4]},
								"east": {"uv": [56, 0], "uv_size": [6, 4]},
								"south": {"uv": [64, 3], "uv_size": [4, 4]},
								"west": {"uv": [57, 36], "uv_size": [6, 4]},
								"up": {"uv": [20, 54], "uv_size": [4, 6]},
								"down": {"uv": [57, 54], "uv_size": [4, -6]}
							}
						}
					]
				},
				{
					"name": "middle_tail",
					"parent": "inner_tail",
					"pivot": [0, 12.75, 8],
					"cubes": [
						{
							"origin": [-2.5, 10.5, 6],
							"size": [5, 5, 6],
							"uv": {
								"north": {"uv": [10, 52], "uv_size": [5, 5]},
								"east": {"uv": [40, 51], "uv_size": [6, 5]},
								"south": {"uv": [52, 51], "uv_size": [5, 5]},
								"west": {"uv": [46, 51], "uv_size": [6, 5]},
								"up": {"uv": [0, 52], "uv_size": [5, 6]},
								"down": {"uv": [5, 58], "uv_size": [5, -6]}
							}
						}
					]
				},
				{
					"name": "outer_tail",
					"parent": "middle_tail",
					"pivot": [-0.25, 12.75, 12],
					"cubes": [
						{
							"origin": [-4.70168, 8.82105, 6.627],
							"size": [5, 8, 5],
							"inflate": -0.1,
							"pivot": [0.3461, 15.89232, 11.14595],
							"rotation": [70.16297, -22.16292, -41.90126],
							"uv": {
								"north": {"uv": [22, 22], "uv_size": [5, 8]},
								"east": {"uv": [27, 22], "uv_size": [5, 8]},
								"south": {"uv": [0, 28], "uv_size": [5, 8]},
								"west": {"uv": [5, 28], "uv_size": [5, 8]},
								"up": {"uv": [49, 56], "uv_size": [5, 5]},
								"down": {"uv": [54, 61], "uv_size": [5, -5]}
							}
						},
						{
							"origin": [-5.70168, 2.82105, 6.627],
							"size": [5, 8, 5],
							"inflate": -0.1,
							"pivot": [-0.6539, 9.89232, 11.14595],
							"rotation": [70.16297, -22.16292, 138.09874],
							"uv": {
								"north": {"uv": [10, 28], "uv_size": [5, 8]},
								"east": {"uv": [15, 28], "uv_size": [5, 8]},
								"south": {"uv": [30, 14], "uv_size": [5, 8]},
								"west": {"uv": [20, 30], "uv_size": [5, 8]},
								"up": {"uv": [10, 57], "uv_size": [5, 5]},
								"down": {"uv": [57, 36], "uv_size": [5, -5]}
							}
						},
						{
							"origin": [-2.5, 10.5, 12],
							"size": [5, 5, 2],
							"uv": {
								"north": {"uv": [24, 53], "uv_size": [5, 5]},
								"east": {"uv": [19, 66], "uv_size": [2, 5]},
								"south": {"uv": [29, 53], "uv_size": [5, 5]},
								"west": {"uv": [31, 66], "uv_size": [2, 5]},
								"up": {"uv": [67, 51], "uv_size": [5, 2]},
								"down": {"uv": [67, 67], "uv_size": [5, -2]}
							}
						}
					]
				},
				{
					"name": "Boobs",
					"parent": "armorBody",
					"pivot": [0, 24, 0]
				},
				{
					"name": "Jacket",
					"parent": "armorBody",
					"pivot": [0, 24, 0],
					"cubes": [
						{
							"origin": [-6, 22, -2],
							"size": [12, 2, 7],
							"pivot": [0, 24, 0],
							"rotation": [22.5, 0, 0],
							"uv": {
								"north": {"uv": [57, 40], "uv_size": [12, 2]},
								"east": {"uv": [67, 47], "uv_size": [7, 2]},
								"south": {"uv": [57, 54], "uv_size": [12, 2]},
								"west": {"uv": [67, 49], "uv_size": [7, 2]},
								"up": {"uv": [10, 0], "uv_size": [12, 7]},
								"down": {"uv": [10, 14], "uv_size": [12, -7]}
							}
						},
						{
							"origin": [-6, 22, -1.5],
							"size": [12, 3, 6],
							"inflate": 0.01,
							"uv": {
								"north": {"uv": [25, 30], "uv_size": [12, 3]},
								"east": {"uv": [58, 4], "uv_size": [6, 3]},
								"south": {"uv": [32, 0], "uv_size": [12, 3]},
								"west": {"uv": [59, 7], "uv_size": [6, 3]},
								"up": {"uv": [22, 8], "uv_size": [12, 6]},
								"down": {"uv": [10, 28], "uv_size": [12, -6]}
							}
						},
						{
							"origin": [3, 22, -3.5],
							"size": [3, 3, 2],
							"inflate": 0.01,
							"uv": {
								"north": {"uv": [37, 30], "uv_size": [3, 3]},
								"east": {"uv": [48, 4], "uv_size": [2, 3]},
								"south": {"uv": [44, 0], "uv_size": [3, 3]},
								"west": {"uv": [23, 68], "uv_size": [2, 3]},
								"up": {"uv": [33, 68], "uv_size": [3, 2]},
								"down": {"uv": [36, 70], "uv_size": [3, -2]}
							}
						},
						{
							"origin": [-6, 22, -3.5],
							"size": [3, 3, 2],
							"inflate": 0.01,
							"uv": {
								"north": {"uv": [35, 58], "uv_size": [3, 3]},
								"east": {"uv": [39, 68], "uv_size": [2, 3]},
								"south": {"uv": [67, 67], "uv_size": [3, 3]},
								"west": {"uv": [41, 68], "uv_size": [2, 3]},
								"up": {"uv": [43, 68], "uv_size": [3, 2]},
								"down": {"uv": [46, 70], "uv_size": [3, -2]}
							}
						}
					]
				},
				{
					"name": "bipedRightArm",
					"pivot": [-4, 22, 0]
				},
				{
					"name": "armorRightArm",
					"parent": "bipedRightArm",
					"pivot": [-4, 22, 0]
				},
				{
					"name": "upper_sleeve_l2",
					"parent": "armorRightArm",
					"pivot": [4, 22, 0],
					"cubes": [
						{
							"origin": [-8.5, 21.25, -2.5],
							"size": [5, 3, 5],
							"uv": {
								"north": {"uv": [65, 62], "uv_size": [5, 3]},
								"east": {"uv": [14, 66], "uv_size": [5, 3]},
								"south": {"uv": [26, 66], "uv_size": [5, 3]},
								"west": {"uv": [67, 15], "uv_size": [5, 3]},
								"up": {"uv": [56, 26], "uv_size": [5, 5]},
								"down": {"uv": [39, 61], "uv_size": [5, -5]}
							}
						},
						{
							"origin": [-8.5, 17.25, -2.5],
							"size": [5, 3, 5],
							"uv": {
								"north": {"uv": [67, 18], "uv_size": [5, 3]},
								"east": {"uv": [67, 21], "uv_size": [5, 3]},
								"south": {"uv": [67, 24], "uv_size": [5, 3]},
								"west": {"uv": [67, 27], "uv_size": [5, 3]},
								"up": {"uv": [56, 43], "uv_size": [5, 5]},
								"down": {"uv": [44, 61], "uv_size": [5, -5]}
							}
						},
						{
							"origin": [-8, 20.25, -2],
							"size": [4, 1, 4],
							"inflate": 0.01,
							"uv": {
								"north": {"uv": [51, 68], "uv_size": [4, 1]},
								"east": {"uv": [55, 68], "uv_size": [4, 1]},
								"south": {"uv": [59, 68], "uv_size": [4, 1]},
								"west": {"uv": [63, 68], "uv_size": [4, 1]},
								"up": {"uv": [0, 65], "uv_size": [4, 4]},
								"down": {"uv": [4, 69], "uv_size": [4, -4]}
							}
						}
					]
				},
				{
					"name": "bipedLeftArm",
					"pivot": [4, 22, 0]
				},
				{
					"name": "armorLeftArm",
					"parent": "bipedLeftArm",
					"pivot": [4, 22, 0]
				},
				{
					"name": "upper_sleeve_l",
					"parent": "armorLeftArm",
					"pivot": [4, 22, 0],
					"cubes": [
						{
							"origin": [3.5, 21.25, -2.5],
							"size": [5, 3, 5],
							"uv": {
								"north": {"uv": [35, 19], "uv_size": [5, 3]},
								"east": {"uv": [51, 16], "uv_size": [5, 3]},
								"south": {"uv": [65, 12], "uv_size": [5, 3]},
								"west": {"uv": [21, 65], "uv_size": [5, 3]},
								"up": {"uv": [34, 53], "uv_size": [5, 5]},
								"down": {"uv": [15, 59], "uv_size": [5, -5]}
							}
						},
						{
							"origin": [3.5, 17.25, -2.5],
							"size": [5, 3, 5],
							"uv": {
								"north": {"uv": [65, 56], "uv_size": [5, 3]},
								"east": {"uv": [57, 65], "uv_size": [5, 3]},
								"south": {"uv": [65, 59], "uv_size": [5, 3]},
								"west": {"uv": [62, 65], "uv_size": [5, 3]},
								"up": {"uv": [56, 16], "uv_size": [5, 5]},
								"down": {"uv": [56, 26], "uv_size": [5, -5]}
							}
						},
						{
							"origin": [4, 20.25, -2],
							"size": [4, 1, 4],
							"inflate": 0.01,
							"uv": {
								"north": {"uv": [57, 42], "uv_size": [4, 1]},
								"east": {"uv": [15, 59], "uv_size": [4, 1]},
								"south": {"uv": [67, 39], "uv_size": [4, 1]},
								"west": {"uv": [67, 53], "uv_size": [4, 1]},
								"up": {"uv": [41, 64], "uv_size": [4, 4]},
								"down": {"uv": [45, 68], "uv_size": [4, -4]}
							}
						}
					]
				},
				{
					"name": "bipedLeftLeg",
					"pivot": [-2, 12, 0]
				},
				{
					"name": "armorLeftLeg",
					"parent": "bipedLeftLeg",
					"pivot": [-2, 12, 0]
				},
				{
					"name": "armorLeftBoot",
					"parent": "bipedLeftLeg",
					"pivot": [-2, 12, 0]
				},
				{
					"name": "bipedRightLeg",
					"pivot": [2, 12, 0]
				},
				{
					"name": "armorRightLeg",
					"parent": "bipedRightLeg",
					"pivot": [2, 12, 0]
				},
				{
					"name": "armorRightBoot",
					"parent": "bipedRightLeg",
					"pivot": [2, 12, 0]
				}
			]
		}
	]
}