{
	"format_version": "1.12.0",
	"minecraft:geometry": [
		{
			"description": {
				"identifier": "geometry.unknown",
				"texture_width": 128,
				"texture_height": 128,
				"visible_bounds_width": 3,
				"visible_bounds_height": 3.5,
				"visible_bounds_offset": [0, 1.25, 0]
			},
			"bones": [
				{
					"name": "bipedHead",
					"pivot": [0, 13, 0],
					"rotation": [2.5, 0, 0]
				},
				{
					"name": "armorHead",
					"parent": "bipedHead",
					"pivot": [0, 15, 0]
				},
				{
					"name": "head",
					"parent": "armorHead",
					"pivot": [0, 13, 0],
					"cubes": [
						{
							"origin": [-5, 23, -6],
							"size": [10, 2, 11],
							"pivot": [1, 23, -6],
							"rotation": [-5, 0, 0],
							"uv": {
								"north": {"uv": [46, 20], "uv_size": [10, 2]},
								"east": {"uv": [35, 20], "uv_size": [11, 2]},
								"south": {"uv": [67, 20], "uv_size": [10, 2]},
								"west": {"uv": [56, 20], "uv_size": [11, 2]},
								"up": {"uv": [45, 10], "uv_size": [11, 10]},
								"down": {"uv": [67, 10], "uv_size": [-11, 10]}
							}
						},
						{
							"origin": [-5, 14, 5],
							"size": [10, 9, 2],
							"inflate": -0.1,
							"pivot": [0, 23, 5],
							"rotation": [-12.5, 0, 0],
							"uv": {
								"north": {"uv": [38, 34], "uv_size": [10, 9]},
								"east": {"uv": [36, 34], "uv_size": [2, 9]},
								"south": {"uv": [50, 34], "uv_size": [10, 9]},
								"west": {"uv": [48, 34], "uv_size": [2, 9]},
								"up": {"uv": [46, 24], "uv_size": [2, 10]},
								"down": {"uv": [50, 24], "uv_size": [-2, 10]}
							}
						},
						{
							"origin": [-7, 17, -5],
							"size": [2, 6, 10],
							"pivot": [-5, 23, 5],
							"rotation": [0, 0, -12.5],
							"uv": {
								"north": {"uv": [42, 2], "uv_size": [2, 6]},
								"east": {"uv": [32, 2], "uv_size": [10, 6]},
								"south": {"uv": [44, 2], "uv_size": [2, 6]},
								"west": {"uv": [46, 2], "uv_size": [10, 6]},
								"up": {"uv": [74, 10], "uv_size": [-2, -10]},
								"down": {"uv": [44, 0], "uv_size": [-10, 2]}
							}
						},
						{
							"origin": [5, 17, -5],
							"size": [2, 6, 10],
							"pivot": [5, 23, -5],
							"rotation": [0, 0, 12.5],
							"uv": {
								"north": {"uv": [50, 45], "uv_size": [2, 6]},
								"east": {"uv": [40, 45], "uv_size": [10, 6]},
								"south": {"uv": [52, 45], "uv_size": [2, 6]},
								"west": {"uv": [54, 45], "uv_size": [10, 6]},
								"up": {"uv": [74, 0], "uv_size": [2, 10]},
								"down": {"uv": [62, 43], "uv_size": [-10, 2]}
							}
						},
						{"origin": [2, 22, -7], "size": [2, 2, 2], "pivot": [3, 23, -6], "rotation": [45, 0, 0], "uv": [0, 0]},
						{"origin": [-4, 22, -7], "size": [2, 2, 2], "pivot": [-3, 23, -6], "rotation": [45, 0, 0], "uv": [0, 4]},
						{
							"origin": [5, 15, -3],
							"size": [0, 5, 6],
							"inflate": 0.01,
							"pivot": [5, 18, -3],
							"rotation": [0, 32.5, 0],
							"uv": {
								"north": {"uv": [6, 70], "uv_size": [0, 5]},
								"east": {"uv": [6, 64], "uv_size": [6, 5]},
								"south": {"uv": [12, 70], "uv_size": [0, 5]},
								"west": {"uv": [0, 64], "uv_size": [6, 5]},
								"up": {"uv": [6, 64], "uv_size": [0, 6]},
								"down": {"uv": [6, 70], "uv_size": [0, -6]}
							}
						},
						{
							"origin": [-5, 15, -3],
							"size": [0, 5, 6],
							"inflate": 0.01,
							"pivot": [-5, 18, -3],
							"rotation": [0, -32.5, 0],
							"uv": {
								"north": {"uv": [38, 67], "uv_size": [0, 5]},
								"east": {"uv": [38, 61], "uv_size": [6, 5]},
								"south": {"uv": [38, 66], "uv_size": [0, 5]},
								"west": {"uv": [32, 61], "uv_size": [6, 5]},
								"up": {"uv": [38, 61], "uv_size": [0, 6]},
								"down": {"uv": [38, 67], "uv_size": [0, -6]}
							}
						},
						{
							"origin": [-5, 13, -6],
							"size": [10, 10, 11],
							"uv": {
								"north": {"uv": [0, 10], "uv_size": [10, 10]},
								"east": {"uv": [31, 10], "uv_size": [11, 10]},
								"south": {"uv": [21, 10], "uv_size": [10, 10]},
								"west": {"uv": [10, 10], "uv_size": [11, 10]},
								"up": {"uv": [21, 0], "uv_size": [11, 10]},
								"down": {"uv": [21, 0], "uv_size": [-11, 10]}
							}
						}
					]
				},
				{
					"name": "nostril",
					"parent": "head",
					"pivot": [0, 24, 0],
					"cubes": [
						{
							"origin": [-5, 13, -5.25],
							"size": [10, 10, 0],
							"inflate": -0.1,
							"uv": {
								"north": {"uv": [0, 69], "uv_size": [48, 48]},
								"east": {"uv": [10, 69], "uv_size": [0, 10]},
								"south": {"uv": [83, 72], "uv_size": [-10, 10]},
								"west": {"uv": [0, 69], "uv_size": [0, 10]},
								"up": {"uv": [10, 69], "uv_size": [-10, 0]},
								"down": {"uv": [20, 69], "uv_size": [-10, 0]}
							}
						}
					]
				},
				{
					"name": "ears",
					"parent": "head",
					"pivot": [-3, 18, -5]
				},
				{
					"name": "horns",
					"parent": "head",
					"pivot": [0, 24, 0]
				},
				{
					"name": "hair",
					"parent": "head",
					"pivot": [-6, 23, 0]
				},
				{
					"name": "bipedBody",
					"pivot": [0, 13, 0]
				},
				{
					"name": "armorBody",
					"parent": "bipedBody",
					"pivot": [0, 13, 0]
				},
				{
					"name": "body",
					"parent": "armorBody",
					"pivot": [0, 24, 0],
					"cubes": [
						{
							"origin": [-5, 5, -5],
							"size": [10, 8, 10],
							"uv": {
								"north": {"uv": [0, 44], "uv_size": [10, 8]},
								"east": {"uv": [10, 44], "uv_size": [10, 8]},
								"south": {"uv": [30, 44], "uv_size": [10, 8]},
								"west": {"uv": [20, 44], "uv_size": [10, 8]},
								"up": {"uv": [10, 34], "uv_size": [10, 10]},
								"down": {"uv": [20, 44], "uv_size": [10, -10]}
							}
						}
					]
				},
				{
					"name": "hood",
					"parent": "armorBody",
					"pivot": [-4, 11, 0],
					"cubes": [
						{
							"origin": [-5.5, 11, -5.5],
							"size": [11, 3, 12],
							"uv": {
								"north": {"uv": [0, 31], "uv_size": [11, 3]},
								"east": {"uv": [34, 31], "uv_size": [12, 3]},
								"south": {"uv": [23, 31], "uv_size": [11, 3]},
								"west": {"uv": [11, 31], "uv_size": [12, 3]},
								"up": {"uv": [11, 31], "uv_size": [12, -11]},
								"down": {"uv": [35, 20], "uv_size": [-12, 11]}
							}
						}
					]
				},
				{
					"name": "bipedRightArm",
					"pivot": [-5, 11, 0]
				},
				{
					"name": "armorRightArm",
					"parent": "bipedRightArm",
					"pivot": [-4, 11, 0]
				},
				{
					"name": "arm_r",
					"parent": "armorRightArm",
					"pivot": [-6.5, 11, -2],
					"cubes": [
						{
							"origin": [-9, 11.5, -1],
							"size": [3, 2, 2],
							"uv": {
								"north": {"uv": [72, 24], "uv_size": [3, 2]},
								"east": {"uv": [75, 24], "uv_size": [2, 2]},
								"south": {"uv": [77, 24], "uv_size": [3, 2]},
								"west": {"uv": [78, 27], "uv_size": [2, 2]},
								"up": {"uv": [72, 22], "uv_size": [3, 2]},
								"down": {"uv": [75, 24], "uv_size": [3, -2]}
							}
						},
						{"origin": [-8.5, 5, -2], "size": [4, 8, 4], "uv": [16, 52]},
						{"origin": [-8, 5, -1.5], "size": [3, 6, 3], "uv": [52, 59]}
					]
				},
				{
					"name": "bipedLeftArm",
					"pivot": [5, 11, 0]
				},
				{
					"name": "armorLeftArm",
					"parent": "bipedLeftArm",
					"pivot": [4, 11, 0]
				},
				{
					"name": "arm_l",
					"parent": "armorLeftArm",
					"pivot": [6.5, 11, 2],
					"cubes": [
						{"origin": [6, 11.5, -1], "size": [3, 2, 2], "uv": [70, 22]},
						{"origin": [4.5, 5, -2], "size": [4, 8, 4], "uv": [0, 52]},
						{"origin": [5, 5, -1.5], "size": [3, 6, 3], "uv": [60, 32]}
					]
				},
				{
					"name": "bipedLeftLeg",
					"pivot": [-2, 5, 0]
				},
				{
					"name": "armorLeftLeg",
					"parent": "bipedLeftLeg",
					"pivot": [-2, 5, 0]
				},
				{
					"name": "leg_l",
					"parent": "armorLeftLeg",
					"pivot": [3, 5, 0.5],
					"cubes": [
						{"origin": [0, 0, -2.5], "size": [5, 5, 5], "uv": [50, 22]},
						{"origin": [0.5, 0, -2], "size": [4, 4, 4], "uv": [55, 51]}
					]
				},
				{
					"name": "armorLeftBoot",
					"parent": "bipedLeftLeg",
					"pivot": [-2, 12, 0]
				},
				{
					"name": "bipedRightLeg",
					"pivot": [2, 5, 0]
				},
				{
					"name": "armorRightLeg",
					"parent": "bipedRightLeg",
					"pivot": [2, 5, 0]
				},
				{
					"name": "leg_r",
					"parent": "armorRightLeg",
					"pivot": [-2, 5, 0.5],
					"cubes": [
						{"origin": [-5, 0, -2.5], "size": [5, 5, 5], "uv": [35, 51]},
						{"origin": [-4.5, 0, -2], "size": [4, 4, 4], "uv": [56, 0]}
					]
				},
				{
					"name": "armorRightBoot",
					"parent": "bipedRightLeg",
					"pivot": [2, 12, 0]
				}
			]
		}
	]
}