{
	"format_version": "1.12.0",
	"minecraft:geometry": [
		{
			"description": {
				"identifier": "geometry.unknown",
				"texture_width": 32,
				"texture_height": 32,
				"visible_bounds_width": 2,
				"visible_bounds_height": 3.5,
				"visible_bounds_offset": [0, 1.25, 0]
			},
			"bones": [
				{
					"name": "bipedHead",
					"pivot": [0, 24, 0]
				},
				{
					"name": "armorHead",
					"parent": "bipedHead",
					"pivot": [0, 24, 0]
				},
				{
					"name": "StyleHead",
					"parent": "armorHead",
					"pivot": [0, 0, 0],
					"cubes": [
						{"origin": [4, 25, -1], "size": [3, 3, 0], "pivot": [4, 25, -1], "rotation": [-12.5, 0, 0], "uv": [0, 3], "mirror": true},
						{"origin": [-7, 25, -1], "size": [3, 3, 0], "pivot": [-4, 25, -1], "rotation": [-12.5, 0, 0], "uv": [0, 3]},
						{"origin": [-4, 31.05, -4.7], "size": [2, 2, 1], "pivot": [-3, 31.05, -2.7], "rotation": [38.83844, 8.64738, -15.27269], "uv": [0, 0]},
						{"origin": [2, 31.05, -4.7], "size": [2, 2, 1], "pivot": [3, 31.05, -2.7], "rotation": [38.83844, -8.64738, 15.27269], "uv": [0, 0], "mirror": true}
					]
				},
				{
					"name": "bipedBody",
					"pivot": [0, 24, 0]
				},
				{
					"name": "armorBody",
					"parent": "bipedBody",
					"pivot": [0, 24, 0]
				},
				{
					"name": "StyleBody",
					"parent": "armorBody",
					"pivot": [0, 0, 0],
					"cubes": [
						{"origin": [-3.5, 20, -1.5], "size": [7, 5, 5], "uv": [0, 22]}
					]
				},
				{
					"name": "bipedLeftArm",
					"pivot": [-4, 22, 0]
				},
				{
					"name": "armorLeftArm",
					"parent": "bipedLeftArm",
					"pivot": [-4, 22, 0]
				},
				{
					"name": "bipedRightArm",
					"pivot": [4, 22, 0]
				},
				{
					"name": "armorRightArm",
					"parent": "bipedRightArm",
					"pivot": [4, 22, 0]
				},
				{
					"name": "bipedLeftLeg",
					"pivot": [-2, 12, 0]
				},
				{
					"name": "armorLeftLeg",
					"parent": "bipedLeftLeg",
					"pivot": [-2, 12, 0]
				},
				{
					"name": "armorLeftBoot",
					"parent": "bipedLeftLeg",
					"pivot": [-2, 12, 0]
				},
				{
					"name": "bipedRightLeg",
					"pivot": [2, 12, 0]
				},
				{
					"name": "armorRightLeg",
					"parent": "bipedRightLeg",
					"pivot": [2, 12, 0]
				},
				{
					"name": "armorRightBoot",
					"parent": "bipedRightLeg",
					"pivot": [2, 12, 0]
				}
			]
		}
	]
}