{
	"format_version": "1.12.0",
	"minecraft:geometry": [
		{
			"description": {
				"identifier": "geometry.unknown",
				"texture_width": 64,
				"texture_height": 64,
				"visible_bounds_width": 4,
				"visible_bounds_height": 5,
				"visible_bounds_offset": [0, 1.5, 0]
			},
			"bones": [
				{
					"name": "bipedHead",
					"pivot": [0, 24, 0]
				},
				{
					"name": "armorHead",
					"parent": "bipedHead",
					"pivot": [0, 24, 0]
				},
				{
					"name": "group",
					"parent": "armorHead",
					"pivot": [8, 20, -9],
					"cubes": [
						{
							"origin": [1, 31, -1],
							"size": [4, 5, 0],
							"inflate": 0.01,
							"uv": {
								"north": {"uv": [32, 0], "uv_size": [16, 20]},
								"east": {"uv": [0, 0], "uv_size": [0, 20]},
								"south": {"uv": [32, 20], "uv_size": [16, 20]},
								"west": {"uv": [0, 0], "uv_size": [0, 20]},
								"up": {"uv": [0, 0], "uv_size": [16, 0]},
								"down": {"uv": [0, 0], "uv_size": [16, 0]}
							}
						},
						{
							"origin": [1, 36, -3],
							"size": [4, 0, 2],
							"inflate": 0.01,
							"pivot": [3, 36, -1],
							"rotation": [-22.5, 0, 0],
							"uv": {
								"north": {"uv": [0, 0], "uv_size": [16, 0]},
								"east": {"uv": [0, 0], "uv_size": [8, 0]},
								"south": {"uv": [0, 0], "uv_size": [16, 0]},
								"west": {"uv": [0, 0], "uv_size": [8, 0]},
								"up": {"uv": [16, 44], "uv_size": [16, 8]},
								"down": {"uv": [48, 8], "uv_size": [16, -8]}
							}
						},
						{
							"origin": [1, 36.7, -6.9],
							"size": [4, 0, 4],
							"inflate": 0.01,
							"pivot": [3, 36.8, -3],
							"rotation": [45, 0, 0],
							"uv": {
								"north": {"uv": [0, 0], "uv_size": [16, 0]},
								"east": {"uv": [0, 0], "uv_size": [16, 0]},
								"south": {"uv": [0, 0], "uv_size": [16, 0]},
								"west": {"uv": [0, 0], "uv_size": [16, 0]},
								"up": {"uv": [32, 40], "uv_size": [16, 16]},
								"down": {"uv": [0, 60], "uv_size": [16, -16]}
							}
						},
						{
							"origin": [-3, 31, -1],
							"size": [2, 11, 0],
							"inflate": 0.01,
							"uv": {
								"north": {"uv": [0, 0], "uv_size": [8, 44]},
								"east": {"uv": [0, 0], "uv_size": [0, 44]},
								"south": {"uv": [8, 0], "uv_size": [8, 44]},
								"west": {"uv": [0, 0], "uv_size": [0, 44]},
								"up": {"uv": [0, 0], "uv_size": [8, 0]},
								"down": {"uv": [0, 0], "uv_size": [8, 0]}
							}
						},
						{
							"origin": [-5, 31, -1],
							"size": [2, 11, 0],
							"inflate": 0.01,
							"pivot": [-3, 32, -0.95],
							"rotation": [0, -22.5, 0],
							"uv": {
								"north": {"uv": [16, 0], "uv_size": [8, 44]},
								"east": {"uv": [0, 0], "uv_size": [0, 44]},
								"south": {"uv": [24, 0], "uv_size": [8, 44]},
								"west": {"uv": [0, 0], "uv_size": [0, 44]},
								"up": {"uv": [0, 0], "uv_size": [8, 0]},
								"down": {"uv": [0, 0], "uv_size": [8, 0]}
							}
						},
						{
							"origin": [-3, 32, -2],
							"size": [2, 2, 1],
							"uv": {
								"north": {"uv": [48, 8], "uv_size": [8, 8]},
								"east": {"uv": [48, 40], "uv_size": [4, 8]},
								"south": {"uv": [48, 16], "uv_size": [8, 8]},
								"west": {"uv": [48, 48], "uv_size": [4, 8]},
								"up": {"uv": [16, 52], "uv_size": [8, 4]},
								"down": {"uv": [24, 56], "uv_size": [8, -4]}
							}
						},
						{
							"origin": [1, 32, -2],
							"size": [2, 2, 1],
							"uv": {
								"north": {"uv": [48, 24], "uv_size": [8, 8]},
								"east": {"uv": [52, 40], "uv_size": [4, 8]},
								"south": {"uv": [48, 32], "uv_size": [8, 8]},
								"west": {"uv": [52, 48], "uv_size": [4, 8]},
								"up": {"uv": [56, 8], "uv_size": [8, 4]},
								"down": {"uv": [56, 16], "uv_size": [8, -4]}
							}
						}
					]
				},
				{
					"name": "bipedBody",
					"pivot": [0, 24, 0]
				},
				{
					"name": "armorBody",
					"parent": "bipedBody",
					"pivot": [0, 24, 0]
				},
				{
					"name": "bipedRightArm",
					"pivot": [-4, 22, 0]
				},
				{
					"name": "armorRightArm",
					"parent": "bipedRightArm",
					"pivot": [-4, 22, 0]
				},
				{
					"name": "bipedLeftArm",
					"pivot": [4, 22, 0]
				},
				{
					"name": "armorLeftArm",
					"parent": "bipedLeftArm",
					"pivot": [4, 22, 0]
				},
				{
					"name": "bipedLeftLeg",
					"pivot": [-2, 12, 0]
				},
				{
					"name": "armorLeftLeg",
					"parent": "bipedLeftLeg",
					"pivot": [-2, 12, 0]
				},
				{
					"name": "armorLeftBoot",
					"parent": "bipedLeftLeg",
					"pivot": [-2, 12, 0]
				},
				{
					"name": "bipedRightLeg",
					"pivot": [2, 12, 0]
				},
				{
					"name": "armorRightLeg",
					"parent": "bipedRightLeg",
					"pivot": [2, 12, 0]
				},
				{
					"name": "armorRightBoot",
					"parent": "bipedRightLeg",
					"pivot": [2, 12, 0]
				}
			]
		}
	]
}