{"format_version":"1.8.0","animations":{"Pose: eartwitchL (Global)":{"loop":true,"animation_length":3,"bones":{"earL":{"rotation":{"0.0":{"vector":[0,0,0]},"0.0833":{"vector":[0,0,20]},"0.1667":{"vector":[0,0,10]},"0.2083":{"vector":[0,0,0]},"0.2917":{"vector":[0,0,0]},"0.375":{"vector":[0,0,0]},"0.4583":{"vector":[0,0,0]},"0.5417":{"vector":[0,0,0]},"0.5833":{"vector":[0,0,0]},"0.6667":{"vector":[0,0,0]},"0.75":{"vector":[0,0,0]},"0.8333":{"vector":[0,0,0]},"0.9167":{"vector":[0,0,0]},"0.9583":{"vector":[0,0,0]},"1.0417":{"vector":[0,0,0]},"1.125":{"vector":[0,0,0]},"1.2083":{"vector":[0,0,0]},"1.2917":{"vector":[0,0,0]},"1.3333":{"vector":[0,0,0]},"1.4167":{"vector":[0,0,0]},"1.5":{"vector":[0,0,0]},"1.5833":{"vector":[0,0,0]},"1.6667":{"vector":[0,0,0]},"1.7083":{"vector":[0,0,0]},"1.7917":{"vector":[0,0,0]},"1.875":{"vector":[0,0,0]},"1.9583":{"vector":[0,0,0]},"2.0417":{"vector":[0,0,0]},"2.0833":{"vector":[0,0,0]},"2.1667":{"vector":[0,0,0]},"2.25":{"vector":[0,0,0]},"2.3333":{"vector":[0,0,0]},"2.4167":{"vector":[0,0,0]},"2.4583":{"vector":[0,0,0]},"2.5417":{"vector":[0,0,0]},"2.625":{"vector":[0,0,0]},"2.7083":{"vector":[0,0,0]},"2.7917":{"vector":[0,0,0]},"2.8333":{"vector":[0,0,0]},"2.9167":{"vector":[0,0,0]}},"position":{"0.0":{"vector":[0,0,0]},"0.0833":{"vector":[0,0,0]},"0.1667":{"vector":[0,0,0]},"0.2083":{"vector":[0,0,0]},"0.2917":{"vector":[0,0,0]},"0.375":{"vector":[0,0,0]},"0.4583":{"vector":[0,0,0]},"0.5417":{"vector":[0,0,0]},"0.5833":{"vector":[0,0,0]},"0.6667":{"vector":[0,0,0]},"0.75":{"vector":[0,0,0]},"0.8333":{"vector":[0,0,0]},"0.9167":{"vector":[0,0,0]},"0.9583":{"vector":[0,0,0]},"1.0417":{"vector":[0,0,0]},"1.125":{"vector":[0,0,0]},"1.2083":{"vector":[0,0,0]},"1.2917":{"vector":[0,0,0]},"1.3333":{"vector":[0,0,0]},"1.4167":{"vector":[0,0,0]},"1.5":{"vector":[0,0,0]},"1.5833":{"vector":[0,0,0]},"1.6667":{"vector":[0,0,0]},"1.7083":{"vector":[0,0,0]},"1.7917":{"vector":[0,0,0]},"1.875":{"vector":[0,0,0]},"1.9583":{"vector":[0,0,0]},"2.0417":{"vector":[0,0,0]},"2.0833":{"vector":[0,0,0]},"2.1667":{"vector":[0,0,0]},"2.25":{"vector":[0,0,0]},"2.3333":{"vector":[0,0,0]},"2.4167":{"vector":[0,0,0]},"2.4583":{"vector":[0,0,0]},"2.5417":{"vector":[0,0,0]},"2.625":{"vector":[0,0,0]},"2.7083":{"vector":[0,0,0]},"2.7917":{"vector":[0,0,0]},"2.8333":{"vector":[0,0,0]},"2.9167":{"vector":[0,0,0]}},"scale":{"0.0":{"vector":[1,1,1]},"0.0833":{"vector":[1,1,1]},"0.1667":{"vector":[1,1,1]},"0.2083":{"vector":[1,1,1]},"0.2917":{"vector":[1,1,1]},"0.375":{"vector":[1,1,1]},"0.4583":{"vector":[1,1,1]},"0.5417":{"vector":[1,1,1]},"0.5833":{"vector":[1,1,1]},"0.6667":{"vector":[1,1,1]},"0.75":{"vector":[1,1,1]},"0.8333":{"vector":[1,1,1]},"0.9167":{"vector":[1,1,1]},"0.9583":{"vector":[1,1,1]},"1.0417":{"vector":[1,1,1]},"1.125":{"vector":[1,1,1]},"1.2083":{"vector":[1,1,1]},"1.2917":{"vector":[1,1,1]},"1.3333":{"vector":[1,1,1]},"1.4167":{"vector":[1,1,1]},"1.5":{"vector":[1,1,1]},"1.5833":{"vector":[1,1,1]},"1.6667":{"vector":[1,1,1]},"1.7083":{"vector":[1,1,1]},"1.7917":{"vector":[1,1,1]},"1.875":{"vector":[1,1,1]},"1.9583":{"vector":[1,1,1]},"2.0417":{"vector":[1,1,1]},"2.0833":{"vector":[1,1,1]},"2.1667":{"vector":[1,1,1]},"2.25":{"vector":[1,1,1]},"2.3333":{"vector":[1,1,1]},"2.4167":{"vector":[1,1,1]},"2.4583":{"vector":[1,1,1]},"2.5417":{"vector":[1,1,1]},"2.625":{"vector":[1,1,1]},"2.7083":{"vector":[1,1,1]},"2.7917":{"vector":[1,1,1]},"2.8333":{"vector":[1,1,1]},"2.9167":{"vector":[1,1,1]}}}}},"Pose: eartwitchR (Global)":{"loop":true,"animation_length":12,"bones":{"earR":{"rotation":{"0.0":{"vector":[0,0,360]},"0.0833":{"vector":[0,0,360]},"0.2083":{"vector":[0,0,360]},"0.2917":{"vector":[0,0,360]},"0.4167":{"vector":[0,0,360]},"0.5":{"vector":[0,0,360]},"0.5833":{"vector":[0,0,360]},"0.7083":{"vector":[0,0,360]},"0.7917":{"vector":[0,0,360]},"0.9167":{"vector":[0,0,360]},"1.0":{"vector":[0,0,360]},"1.0833":{"vector":[0,0,360]},"1.2083":{"vector":[0,0,360]},"1.2917":{"vector":[0,0,360]},"1.4167":{"vector":[0,0,360]},"1.5":{"vector":[0,0,360]},"1.5833":{"vector":[0,0,360]},"1.7083":{"vector":[0,0,360]},"1.7917":{"vector":[0,0,360]},"1.9167":{"vector":[0,0,360]},"2.0":{"vector":[0,0,360]},"2.0833":{"vector":[0,0,360]},"2.2083":{"vector":[0,0,360]},"2.2917":{"vector":[0,0,360]},"2.4167":{"vector":[0,0,360]},"2.5":{"vector":[0,0,360]},"2.5833":{"vector":[0,0,360]},"2.7083":{"vector":[0,0,360]},"2.7917":{"vector":[0,0,360]},"2.9167":{"vector":[0,0,360]},"3.0":{"vector":[0,0,360]},"3.0833":{"vector":[0,0,360]},"3.2083":{"vector":[0,0,360]},"3.2917":{"vector":[0,0,360]},"3.4167":{"vector":[0,0,360]},"3.5":{"vector":[0,0,360]},"3.5833":{"vector":[0,0,360]},"3.7083":{"vector":[0,0,360]},"3.7917":{"vector":[0,0,360]},"3.9167":{"vector":[0,0,360]},"4.0":{"vector":[0,0,360]},"4.0833":{"vector":[0,0,360]},"4.2083":{"vector":[0,0,360]},"4.2917":{"vector":[0,0,360]},"4.4167":{"vector":[0,0,360]},"4.5":{"vector":[0,0,360]},"4.5833":{"vector":[0,0,360]},"4.7083":{"vector":[0,0,360]},"4.7917":{"vector":[0,0,360]},"4.9167":{"vector":[0,0,360]},"5.0":{"vector":[0,0,360]},"5.0833":{"vector":[0,0,360]},"5.2083":{"vector":[0,0,360]},"5.2917":{"vector":[0,0,360]},"5.4167":{"vector":[0,0,360]},"5.5":{"vector":[0,0,360]},"5.5833":{"vector":[0,0,360]},"5.7083":{"vector":[0,0,360]},"5.7917":{"vector":[0,0,360]},"5.9167":{"vector":[0,0,360]},"6.0":{"vector":[0,0,360]},"6.0833":{"vector":[0,0,360]},"6.2083":{"vector":[0,0,360]},"6.2917":{"vector":[0,0,360]},"6.4167":{"vector":[0,0,360]},"6.5":{"vector":[0,0,360]},"6.5833":{"vector":[0,0,360]},"6.7083":{"vector":[0,0,360]},"6.7917":{"vector":[0,0,360]},"6.9167":{"vector":[0,0,360]},"7.0":{"vector":[0,0,360]},"7.0833":{"vector":[0,0,360]},"7.2083":{"vector":[0,0,360]},"7.2917":{"vector":[0,0,360]},"7.4167":{"vector":[0,0,360]},"7.5":{"vector":[0,0,360]},"7.5833":{"vector":[0,0,360]},"7.7083":{"vector":[0,0,360]},"7.7917":{"vector":[0,0,360]},"7.9167":{"vector":[0,0,360]},"8.0":{"vector":[0,0,340]},"8.0833":{"vector":[0,0,350]},"8.2083":{"vector":[0,0,360]},"8.2917":{"vector":[0,0,360]},"8.4167":{"vector":[0,0,360]},"8.5":{"vector":[0,0,360]},"8.5833":{"vector":[0,0,360]},"8.7083":{"vector":[0,0,360]},"8.7917":{"vector":[0,0,360]},"8.9167":{"vector":[0,0,360]},"9.0":{"vector":[0,0,360]},"9.0833":{"vector":[0,0,360]},"9.2083":{"vector":[0,0,360]},"9.2917":{"vector":[0,0,360]},"9.4167":{"vector":[0,0,360]},"9.5":{"vector":[0,0,360]},"9.5833":{"vector":[0,0,360]},"9.7083":{"vector":[0,0,360]},"9.7917":{"vector":[0,0,360]},"9.9167":{"vector":[0,0,360]},"10.0":{"vector":[0,0,360]},"10.0833":{"vector":[0,0,360]},"10.2083":{"vector":[0,0,360]},"10.2917":{"vector":[0,0,360]},"10.4167":{"vector":[0,0,360]},"10.5":{"vector":[0,0,360]},"10.5833":{"vector":[0,0,360]},"10.7083":{"vector":[0,0,360]},"10.7917":{"vector":[0,0,360]},"10.9167":{"vector":[0,0,360]},"11.0":{"vector":[0,0,360]},"11.0833":{"vector":[0,0,360]},"11.2083":{"vector":[0,0,360]},"11.2917":{"vector":[0,0,360]},"11.4167":{"vector":[0,0,360]},"11.5":{"vector":[0,0,360]},"11.5833":{"vector":[0,0,360]},"11.7083":{"vector":[0,0,360]},"11.7917":{"vector":[0,0,360]},"11.9167":{"vector":[0,0,360]}},"position":{"0.0":{"vector":[0,0,0]},"0.0833":{"vector":[0,0,0]},"0.2083":{"vector":[0,0,0]},"0.2917":{"vector":[0,0,0]},"0.4167":{"vector":[0,0,0]},"0.5":{"vector":[0,0,0]},"0.5833":{"vector":[0,0,0]},"0.7083":{"vector":[0,0,0]},"0.7917":{"vector":[0,0,0]},"0.9167":{"vector":[0,0,0]},"1.0":{"vector":[0,0,0]},"1.0833":{"vector":[0,0,0]},"1.2083":{"vector":[0,0,0]},"1.2917":{"vector":[0,0,0]},"1.4167":{"vector":[0,0,0]},"1.5":{"vector":[0,0,0]},"1.5833":{"vector":[0,0,0]},"1.7083":{"vector":[0,0,0]},"1.7917":{"vector":[0,0,0]},"1.9167":{"vector":[0,0,0]},"2.0":{"vector":[0,0,0]},"2.0833":{"vector":[0,0,0]},"2.2083":{"vector":[0,0,0]},"2.2917":{"vector":[0,0,0]},"2.4167":{"vector":[0,0,0]},"2.5":{"vector":[0,0,0]},"2.5833":{"vector":[0,0,0]},"2.7083":{"vector":[0,0,0]},"2.7917":{"vector":[0,0,0]},"2.9167":{"vector":[0,0,0]},"3.0":{"vector":[0,0,0]},"3.0833":{"vector":[0,0,0]},"3.2083":{"vector":[0,0,0]},"3.2917":{"vector":[0,0,0]},"3.4167":{"vector":[0,0,0]},"3.5":{"vector":[0,0,0]},"3.5833":{"vector":[0,0,0]},"3.7083":{"vector":[0,0,0]},"3.7917":{"vector":[0,0,0]},"3.9167":{"vector":[0,0,0]},"4.0":{"vector":[0,0,0]},"4.0833":{"vector":[0,0,0]},"4.2083":{"vector":[0,0,0]},"4.2917":{"vector":[0,0,0]},"4.4167":{"vector":[0,0,0]},"4.5":{"vector":[0,0,0]},"4.5833":{"vector":[0,0,0]},"4.7083":{"vector":[0,0,0]},"4.7917":{"vector":[0,0,0]},"4.9167":{"vector":[0,0,0]},"5.0":{"vector":[0,0,0]},"5.0833":{"vector":[0,0,0]},"5.2083":{"vector":[0,0,0]},"5.2917":{"vector":[0,0,0]},"5.4167":{"vector":[0,0,0]},"5.5":{"vector":[0,0,0]},"5.5833":{"vector":[0,0,0]},"5.7083":{"vector":[0,0,0]},"5.7917":{"vector":[0,0,0]},"5.9167":{"vector":[0,0,0]},"6.0":{"vector":[0,0,0]},"6.0833":{"vector":[0,0,0]},"6.2083":{"vector":[0,0,0]},"6.2917":{"vector":[0,0,0]},"6.4167":{"vector":[0,0,0]},"6.5":{"vector":[0,0,0]},"6.5833":{"vector":[0,0,0]},"6.7083":{"vector":[0,0,0]},"6.7917":{"vector":[0,0,0]},"6.9167":{"vector":[0,0,0]},"7.0":{"vector":[0,0,0]},"7.0833":{"vector":[0,0,0]},"7.2083":{"vector":[0,0,0]},"7.2917":{"vector":[0,0,0]},"7.4167":{"vector":[0,0,0]},"7.5":{"vector":[0,0,0]},"7.5833":{"vector":[0,0,0]},"7.7083":{"vector":[0,0,0]},"7.7917":{"vector":[0,0,0]},"7.9167":{"vector":[0,0,0]},"8.0":{"vector":[0,0,0]},"8.0833":{"vector":[0,0,0]},"8.2083":{"vector":[0,0,0]},"8.2917":{"vector":[0,0,0]},"8.4167":{"vector":[0,0,0]},"8.5":{"vector":[0,0,0]},"8.5833":{"vector":[0,0,0]},"8.7083":{"vector":[0,0,0]},"8.7917":{"vector":[0,0,0]},"8.9167":{"vector":[0,0,0]},"9.0":{"vector":[0,0,0]},"9.0833":{"vector":[0,0,0]},"9.2083":{"vector":[0,0,0]},"9.2917":{"vector":[0,0,0]},"9.4167":{"vector":[0,0,0]},"9.5":{"vector":[0,0,0]},"9.5833":{"vector":[0,0,0]},"9.7083":{"vector":[0,0,0]},"9.7917":{"vector":[0,0,0]},"9.9167":{"vector":[0,0,0]},"10.0":{"vector":[0,0,0]},"10.0833":{"vector":[0,0,0]},"10.2083":{"vector":[0,0,0]},"10.2917":{"vector":[0,0,0]},"10.4167":{"vector":[0,0,0]},"10.5":{"vector":[0,0,0]},"10.5833":{"vector":[0,0,0]},"10.7083":{"vector":[0,0,0]},"10.7917":{"vector":[0,0,0]},"10.9167":{"vector":[0,0,0]},"11.0":{"vector":[0,0,0]},"11.0833":{"vector":[0,0,0]},"11.2083":{"vector":[0,0,0]},"11.2917":{"vector":[0,0,0]},"11.4167":{"vector":[0,0,0]},"11.5":{"vector":[0,0,0]},"11.5833":{"vector":[0,0,0]},"11.7083":{"vector":[0,0,0]},"11.7917":{"vector":[0,0,0]},"11.9167":{"vector":[0,0,0]}},"scale":{"0.0":{"vector":[1,1,1]},"0.0833":{"vector":[1,1,1]},"0.2083":{"vector":[1,1,1]},"0.2917":{"vector":[1,1,1]},"0.4167":{"vector":[1,1,1]},"0.5":{"vector":[1,1,1]},"0.5833":{"vector":[1,1,1]},"0.7083":{"vector":[1,1,1]},"0.7917":{"vector":[1,1,1]},"0.9167":{"vector":[1,1,1]},"1.0":{"vector":[1,1,1]},"1.0833":{"vector":[1,1,1]},"1.2083":{"vector":[1,1,1]},"1.2917":{"vector":[1,1,1]},"1.4167":{"vector":[1,1,1]},"1.5":{"vector":[1,1,1]},"1.5833":{"vector":[1,1,1]},"1.7083":{"vector":[1,1,1]},"1.7917":{"vector":[1,1,1]},"1.9167":{"vector":[1,1,1]},"2.0":{"vector":[1,1,1]},"2.0833":{"vector":[1,1,1]},"2.2083":{"vector":[1,1,1]},"2.2917":{"vector":[1,1,1]},"2.4167":{"vector":[1,1,1]},"2.5":{"vector":[1,1,1]},"2.5833":{"vector":[1,1,1]},"2.7083":{"vector":[1,1,1]},"2.7917":{"vector":[1,1,1]},"2.9167":{"vector":[1,1,1]},"3.0":{"vector":[1,1,1]},"3.0833":{"vector":[1,1,1]},"3.2083":{"vector":[1,1,1]},"3.2917":{"vector":[1,1,1]},"3.4167":{"vector":[1,1,1]},"3.5":{"vector":[1,1,1]},"3.5833":{"vector":[1,1,1]},"3.7083":{"vector":[1,1,1]},"3.7917":{"vector":[1,1,1]},"3.9167":{"vector":[1,1,1]},"4.0":{"vector":[1,1,1]},"4.0833":{"vector":[1,1,1]},"4.2083":{"vector":[1,1,1]},"4.2917":{"vector":[1,1,1]},"4.4167":{"vector":[1,1,1]},"4.5":{"vector":[1,1,1]},"4.5833":{"vector":[1,1,1]},"4.7083":{"vector":[1,1,1]},"4.7917":{"vector":[1,1,1]},"4.9167":{"vector":[1,1,1]},"5.0":{"vector":[1,1,1]},"5.0833":{"vector":[1,1,1]},"5.2083":{"vector":[1,1,1]},"5.2917":{"vector":[1,1,1]},"5.4167":{"vector":[1,1,1]},"5.5":{"vector":[1,1,1]},"5.5833":{"vector":[1,1,1]},"5.7083":{"vector":[1,1,1]},"5.7917":{"vector":[1,1,1]},"5.9167":{"vector":[1,1,1]},"6.0":{"vector":[1,1,1]},"6.0833":{"vector":[1,1,1]},"6.2083":{"vector":[1,1,1]},"6.2917":{"vector":[1,1,1]},"6.4167":{"vector":[1,1,1]},"6.5":{"vector":[1,1,1]},"6.5833":{"vector":[1,1,1]},"6.7083":{"vector":[1,1,1]},"6.7917":{"vector":[1,1,1]},"6.9167":{"vector":[1,1,1]},"7.0":{"vector":[1,1,1]},"7.0833":{"vector":[1,1,1]},"7.2083":{"vector":[1,1,1]},"7.2917":{"vector":[1,1,1]},"7.4167":{"vector":[1,1,1]},"7.5":{"vector":[1,1,1]},"7.5833":{"vector":[1,1,1]},"7.7083":{"vector":[1,1,1]},"7.7917":{"vector":[1,1,1]},"7.9167":{"vector":[1,1,1]},"8.0":{"vector":[1,1,1]},"8.0833":{"vector":[1,1,1]},"8.2083":{"vector":[1,1,1]},"8.2917":{"vector":[1,1,1]},"8.4167":{"vector":[1,1,1]},"8.5":{"vector":[1,1,1]},"8.5833":{"vector":[1,1,1]},"8.7083":{"vector":[1,1,1]},"8.7917":{"vector":[1,1,1]},"8.9167":{"vector":[1,1,1]},"9.0":{"vector":[1,1,1]},"9.0833":{"vector":[1,1,1]},"9.2083":{"vector":[1,1,1]},"9.2917":{"vector":[1,1,1]},"9.4167":{"vector":[1,1,1]},"9.5":{"vector":[1,1,1]},"9.5833":{"vector":[1,1,1]},"9.7083":{"vector":[1,1,1]},"9.7917":{"vector":[1,1,1]},"9.9167":{"vector":[1,1,1]},"10.0":{"vector":[1,1,1]},"10.0833":{"vector":[1,1,1]},"10.2083":{"vector":[1,1,1]},"10.2917":{"vector":[1,1,1]},"10.4167":{"vector":[1,1,1]},"10.5":{"vector":[1,1,1]},"10.5833":{"vector":[1,1,1]},"10.7083":{"vector":[1,1,1]},"10.7917":{"vector":[1,1,1]},"10.9167":{"vector":[1,1,1]},"11.0":{"vector":[1,1,1]},"11.0833":{"vector":[1,1,1]},"11.2083":{"vector":[1,1,1]},"11.2917":{"vector":[1,1,1]},"11.4167":{"vector":[1,1,1]},"11.5":{"vector":[1,1,1]},"11.5833":{"vector":[1,1,1]},"11.7083":{"vector":[1,1,1]},"11.7917":{"vector":[1,1,1]},"11.9167":{"vector":[1,1,1]}}}}}},"geckolib_format_version":2}