{
	"format_version": "1.12.0",
	"minecraft:geometry": [
		{
			"description": {
				"identifier": "geometry.unknown",
				"texture_width": 64,
				"texture_height": 64,
				"visible_bounds_width": 3,
				"visible_bounds_height": 3.5,
				"visible_bounds_offset": [0, 1.25, 0]
			},
			"bones": [
				{
					"name": "bipedHead",
					"pivot": [0, 24, 0]
				},
				{
					"name": "armorHead",
					"parent": "bipedHead",
					"pivot": [0, 24, 0]
				},
				{
					"name": "bone",
					"parent": "armorHead",
					"pivot": [13.95267, 32.21942, 0],
					"cubes": [
						{"origin": [4, 29.5, -0.25], "size": [8, 2, 2], "uv": [0, 32]},
						{"origin": [11.3, 28.7, -0.25], "size": [1, 2, 2], "pivot": [10, 30.5, 0.75], "rotation": [0, 0, -27.5], "uv": [8, 28]},
						{"origin": [12.3, 28.95, 0], "size": [1, 1.5, 1.5], "pivot": [10, 30.5, 0.75], "rotation": [0, 0, -27.5], "uv": [9, 30]},
						{"origin": [12.55267, 31.61942, 0.25], "size": [2, 1, 1], "pivot": [13.95267, 32.21942, 0.75], "rotation": [0, 0, -47.5], "uv": [8, 30]},
						{"origin": [14.55267, 31.81942, 0.55], "size": [1, 0.5, 0.5], "pivot": [13.95267, 32.21942, 0.75], "rotation": [0, 0, -47.5], "uv": [10, 31]},
						{"origin": [-12, 29.5, -0.25], "size": [8, 2, 2], "uv": [0, 32], "mirror": true},
						{"origin": [-12.3, 28.7, -0.25], "size": [1, 2, 2], "pivot": [-10, 30.5, 0.75], "rotation": [0, 0, 27.5], "uv": [8, 28], "mirror": true},
						{"origin": [-13.3, 28.95, 0], "size": [1, 1.5, 1.5], "pivot": [-10, 30.5, 0.75], "rotation": [0, 0, 27.5], "uv": [0, 34], "mirror": true},
						{"origin": [-14.55267, 31.61942, 0.25], "size": [2, 1, 1], "pivot": [-13.95267, 32.21942, 0.75], "rotation": [0, 0, 47.5], "uv": [8, 30], "mirror": true},
						{"origin": [-15.55267, 31.81942, 0.55], "size": [1, 0.5, 0.5], "pivot": [-13.95267, 32.21942, 0.75], "rotation": [0, 0, 47.5], "uv": [1, 35], "mirror": true}
					]
				},
				{
					"name": "bone3",
					"parent": "bone",
					"pivot": [7.7, 30, 0.75],
					"cubes": [
						{"origin": [6.7, 28.5, 0.75], "size": [2, 1, 0], "uv": [7, 37]}
					]
				},
				{
					"name": "bone4",
					"parent": "bone3",
					"pivot": [0, 24, 0],
					"cubes": [
						{"origin": [7.3, 27.5, 0.25], "size": [1, 1, 1], "uv": [4, 37]},
						{"origin": [7.3, 27, 0.25], "size": [1, 1, 1], "uv": [4, 37]}
					]
				},
				{
					"name": "bone5",
					"parent": "bone",
					"pivot": [10.5, 30.5, 0.75],
					"cubes": [
						{"origin": [9.5, 29, 0.75], "size": [2, 1, 0], "uv": [7, 37]}
					]
				},
				{
					"name": "bone6",
					"parent": "bone5",
					"pivot": [2.8, 24.5, 0],
					"cubes": [
						{"origin": [10.1, 28, 0.25], "size": [1, 1, 1], "uv": [4, 37]},
						{"origin": [10.1, 27.5, 0.25], "size": [1, 1, 1], "uv": [4, 37]}
					]
				},
				{
					"name": "bone7",
					"parent": "bone",
					"pivot": [-8, 30.6, 0.75],
					"cubes": [
						{"origin": [-9, 29.1, 0.75], "size": [2, 1, 0], "uv": [7, 37]}
					]
				},
				{
					"name": "bone8",
					"parent": "bone7",
					"pivot": [-15.7, 24.6, 0],
					"cubes": [
						{"origin": [-8.4, 28.1, 0.25], "size": [1, 1, 1], "uv": [4, 37]},
						{"origin": [-8.4, 27.6, 0.25], "size": [1, 1, 1], "uv": [4, 37]}
					]
				},
				{
					"name": "bone9",
					"parent": "bone",
					"pivot": [-10.8, 30, 0.75],
					"cubes": [
						{"origin": [-11.8, 28.5, 0.75], "size": [2, 1, 0], "uv": [7, 37]}
					]
				},
				{
					"name": "bone10",
					"parent": "bone9",
					"pivot": [-18.5, 24, 0],
					"cubes": [
						{"origin": [-11.2, 27.5, 0.25], "size": [1, 1, 1], "uv": [4, 37]},
						{"origin": [-11.2, 27, 0.25], "size": [1, 1, 1], "uv": [4, 37]}
					]
				},
				{
					"name": "bone25",
					"parent": "armorHead",
					"pivot": [3.88448, 28.86801, -0.82127],
					"rotation": [61.16156, 8.64738, 32.77269],
					"cubes": [
						{"origin": [1.8787, 27.71292, -1.52958], "size": [1, 2, 1], "pivot": [3.74177, 28.93139, 0.2107], "rotation": [-22.09999, -21.40584, 108.84359], "uv": [54, 58]},
						{"origin": [3.93228, 26.6839, -0.71479], "size": [2, 2, 1], "pivot": [4.98925, 29.00988, 0.58409], "rotation": [-7.09999, -21.40584, 108.84359], "uv": [52, 61]},
						{"origin": [3.8787, 27.71292, -1.52958], "size": [1, 2, 1], "pivot": [3.74177, 28.93139, 0.2107], "rotation": [-22.09999, -21.40584, 108.84359], "uv": [58, 58]}
					]
				},
				{
					"name": "bone26",
					"parent": "bone25",
					"pivot": [4.98925, 29.00988, 0.58409],
					"cubes": [
						{"origin": [5.2046, 26.23878, -1.47125], "size": [1, 2, 1], "pivot": [6.59386, 28.52466, -0.50846], "rotation": [6.38961, -27.54738, 98.79798], "uv": [54, 58]},
						{"origin": [5.64452, 26.02189, -0.89057], "size": [2, 2, 1], "pivot": [6.59386, 28.52466, -0.50846], "rotation": [6.38961, -27.54738, 98.79798], "uv": [58, 61]},
						{"origin": [7.2046, 26.23878, -1.47125], "size": [1, 2, 1], "pivot": [6.59386, 28.52466, -0.50846], "rotation": [6.38961, -27.54738, 98.79798], "uv": [58, 58]}
					]
				},
				{
					"name": "bone27",
					"parent": "bone26",
					"pivot": [7.38717, 28.73179, 0.56398],
					"cubes": [
						{"origin": [6.26228, 27.46392, -1.47408], "size": [1, 2, 1], "pivot": [6.59386, 28.52466, -0.50846], "rotation": [28.25048, 12.28866, 15.32219], "uv": [58, 58]},
						{"origin": [7.26228, 27.96392, -1.47408], "size": [1, 1, 1], "pivot": [6.59386, 28.52466, -0.50846], "rotation": [28.25048, 12.28866, 15.32219], "uv": [58, 58]}
					]
				},
				{
					"name": "bone11",
					"parent": "armorHead",
					"pivot": [-3.88448, 28.86801, -0.82127],
					"rotation": [61.16156, -8.64738, -32.77269],
					"cubes": [
						{"origin": [-2.8787, 27.71292, -1.52958], "size": [1, 2, 1], "pivot": [-3.74177, 28.93139, 0.2107], "rotation": [-22.09999, 21.40584, -108.84359], "uv": [54, 58], "mirror": true},
						{"origin": [-5.93228, 26.6839, -0.71479], "size": [2, 2, 1], "pivot": [-4.98925, 29.00988, 0.58409], "rotation": [-7.09999, 21.40584, -108.84359], "uv": [52, 61], "mirror": true},
						{"origin": [-4.8787, 27.71292, -1.52958], "size": [1, 2, 1], "pivot": [-3.74177, 28.93139, 0.2107], "rotation": [-22.09999, 21.40584, -108.84359], "uv": [58, 58], "mirror": true}
					]
				},
				{
					"name": "bone12",
					"parent": "bone11",
					"pivot": [-4.98925, 29.00988, 0.58409],
					"cubes": [
						{"origin": [-6.2046, 26.23878, -1.47125], "size": [1, 2, 1], "pivot": [-6.59386, 28.52466, -0.50846], "rotation": [6.38961, 27.54738, -98.79798], "uv": [54, 58], "mirror": true},
						{"origin": [-7.64452, 26.02189, -0.89057], "size": [2, 2, 1], "pivot": [-6.59386, 28.52466, -0.50846], "rotation": [6.38961, 27.54738, -98.79798], "uv": [58, 61], "mirror": true},
						{"origin": [-8.2046, 26.23878, -1.47125], "size": [1, 2, 1], "pivot": [-6.59386, 28.52466, -0.50846], "rotation": [6.38961, 27.54738, -98.79798], "uv": [58, 58], "mirror": true}
					]
				},
				{
					"name": "bone13",
					"parent": "bone12",
					"pivot": [-7.38717, 28.73179, 0.56398],
					"cubes": [
						{"origin": [-7.26228, 27.46392, -1.47408], "size": [1, 2, 1], "pivot": [-6.59386, 28.52466, -0.50846], "rotation": [28.25048, -12.28866, -15.32219], "uv": [58, 58], "mirror": true},
						{"origin": [-8.26228, 27.96392, -1.47408], "size": [1, 1, 1], "pivot": [-6.59386, 28.52466, -0.50846], "rotation": [28.25048, -12.28866, -15.32219], "uv": [58, 58], "mirror": true}
					]
				},
				{
					"name": "bipedBody",
					"pivot": [0, 24, 0]
				},
				{
					"name": "armorBody",
					"parent": "bipedBody",
					"pivot": [0, 24, 0]
				},
				{
					"name": "bone2",
					"parent": "armorBody",
					"pivot": [-0.1, 21, -2],
					"cubes": [
						{"origin": [-4.1, 19, -5], "size": [8, 3, 4], "pivot": [-0.1, 21, -2], "rotation": [45, 0, 0], "uv": [24, 0]}
					]
				},
				{
					"name": "bone15",
					"parent": "armorBody",
					"pivot": [0, 14, 1.5],
					"cubes": [
						{"origin": [-0.5, 13.5, 0], "size": [1, 1, 3], "uv": [42, 54]}
					]
				},
				{
					"name": "bone16",
					"parent": "bone15",
					"pivot": [-0.2, 13.3, 1.9],
					"cubes": [
						{"origin": [-0.4453, 13.50672, 2.69269], "size": [1, 1, 3], "uv": [42, 54]}
					]
				},
				{
					"name": "bone17",
					"parent": "bone16",
					"pivot": [0.0547, 14.00672, 5.19269],
					"cubes": [
						{"origin": [-0.4453, 13.50672, 5.69269], "size": [1, 1, 3], "uv": [42, 54]}
					]
				},
				{
					"name": "bone18",
					"parent": "bone17",
					"pivot": [-0.61122, 14.46306, 7.72722],
					"cubes": [
						{"origin": [-0.45841, 13.5307, 8.538], "size": [1, 1, 3], "uv": [42, 54]}
					]
				},
				{
					"name": "bone19",
					"parent": "bone18",
					"pivot": [-0.16102, 13.91092, 13.15134],
					"cubes": [
						{"origin": [-1.35841, 13.9307, 11.038], "size": [2, 2, 4], "pivot": [-0.95841, 14.0307, 13.538], "rotation": [8.88843, -4.65172, 40.599], "uv": [39, 58]},
						{"origin": [-1.55841, 12.4307, 11.038], "size": [2, 2, 4], "pivot": [-0.95841, 14.0307, 13.538], "rotation": [-12.56093, -11.76297, -14.58987], "uv": [39, 58]},
						{"origin": [-0.95841, 13.0307, 11.538], "size": [2, 2, 4], "uv": [39, 58]},
						{"origin": [-1.35841, 13.0307, 11.038], "size": [2, 2, 4], "pivot": [-0.95841, 14.0307, 13.538], "rotation": [-11.11157, -4.65172, 40.599], "uv": [39, 58]}
					]
				},
				{
					"name": "bone14",
					"parent": "armorBody",
					"pivot": [-1, 14, 14]
				},
				{
					"name": "bipedLeftArm",
					"pivot": [-4, 22, 0]
				},
				{
					"name": "armorLeftArm",
					"parent": "bipedLeftArm",
					"pivot": [-4, 22, 0]
				},
				{
					"name": "bipedRightArm",
					"pivot": [4, 22, 0]
				},
				{
					"name": "armorRightArm",
					"parent": "bipedRightArm",
					"pivot": [4, 22, 0]
				},
				{
					"name": "bipedLeftLeg",
					"pivot": [-2, 12, 0]
				},
				{
					"name": "armorLeftLeg",
					"parent": "bipedLeftLeg",
					"pivot": [-2, 12, 0]
				},
				{
					"name": "armorLeftBoot",
					"parent": "bipedLeftLeg",
					"pivot": [-2, 12, 0]
				},
				{
					"name": "bipedRightLeg",
					"pivot": [2, 12, 0]
				},
				{
					"name": "armorRightLeg",
					"parent": "bipedRightLeg",
					"pivot": [2, 12, 0]
				},
				{
					"name": "armorRightBoot",
					"parent": "bipedRightLeg",
					"pivot": [2, 12, 0]
				}
			]
		}
	]
}