{
	"format_version": "1.8.0",
	"animations": {
		"animation.strippin.idle": {
			"loop": true,
			"animation_length": 12,
			"bones": {
				"blink": {
					"scale": {
						"0.0": {
							"vector": [0, 0, 0]
						},
						"2.0": {
							"vector": [1, 1, 1],
							"easing": "step",
							"easingArgs": [2]
						},
						"2.25": {
							"vector": [0, 0, 0],
							"easing": "step",
							"easingArgs": [2]
						},
						"8.0": {
							"vector": [1, 1, 1],
							"easing": "step",
							"easingArgs": [2]
						},
						"8.1667": {
							"vector": [0, 0, 0],
							"easing": "step",
							"easingArgs": [2]
						},
						"8.25": {
							"vector": [1, 1, 1],
							"easing": "step",
							"easingArgs": [2]
						},
						"8.375": {
							"vector": [0, 0, 0],
							"easing": "step",
							"easingArgs": [2]
						}
					}
				},
				"cap": {
					"rotation": {
						"vector": ["-3+math.sin(query.anim_time*60)", 0, 0]
					}
				},
				"tuft": {
					"rotation": {
						"vector": ["-math.sin(query.anim_time*60+30)*4", 0, 0]
					}
				},
				"emotes": {
					"scale": {
						"vector": [0, 0, 0]
					}
				},
				"boob": {
					"rotation": {
						"vector": ["math.sin(query.anim_time*60)", 0, 0]
					}
				},
				"back": {
					"rotation": {
						"vector": ["-math.sin(query.anim_time*60)", 0, 0]
					}
				},
				"coat": {
					"rotation": {
						"vector": ["5-math.sin(query.anim_time*60)*2", 0, 0]
					}
				},
				"bottomcoat": {
					"rotation": {
						"vector": ["5-math.sin(query.anim_time*60-120)*2", 0, 0]
					}
				},
				"goggles": {
					"scale": {
						"vector": [0, 0, 0]
					}
				}
			}
		},
		"animation.strippin.sneak": {
			"loop": true,
			"animation_length": 24,
			"bones": {
				"1": {
					"rotation": {
						"vector": [-85, "math.sin(query.anim_time * 30)", "-math.sin(query.anim_time * 30)"]
					}
				},
				"2": {
					"rotation": {
						"vector": ["20+math.sin(query.anim_time * 30)*2", 0, 0]
					}
				},
				"3": {
					"rotation": {
						"vector": [45, "math.sin(query.anim_time * 30+24)*8", "-math.sin(query.anim_time * 30+48)*8"]
					}
				},
				"4": {
					"rotation": {
						"vector": ["45-math.sin(query.anim_time * 30+12)*4", 0, 0]
					}
				},
				"5": {
					"rotation": {
						"vector": [30, "-math.sin(query.anim_time * 30+48)*8", "math.sin(query.anim_time * 30+92)*8"]
					}
				},
				"6": {
					"rotation": {
						"vector": ["20+math.sin(query.anim_time * 30+24)*6", 0, 0]
					}
				},
				"7": {
					"rotation": {
						"vector": [15, "-math.sin(query.anim_time * 30+92)*8", "math.sin(query.anim_time * 30+92)*8"]
					}
				},
				"8": {
					"rotation": {
						"vector": ["5-math.sin(query.anim_time * 30+48)*8", 0, 0]
					}
				},
				"L_ear": {
					"rotation": {
						"vector": [0, "-(math.sin(query.anim_time * 30-60)*4)", "-(math.sin(query.anim_time * 60)*4)"]
					}
				},
				"L_wing1": {
					"rotation": {
						"vector": [0, "60-math.sin(query.anim_time * 30)*6", "-math.sin(query.anim_time * 30-60)*3"]
					}
				},
				"L_wing2": {
					"rotation": {
						"vector": [0, "60-math.sin(query.anim_time * 30-30)*6", 0]
					}
				},
				"L_wing3": {
					"rotation": {
						"vector": [0, "60-math.sin(query.anim_time * 30-60)*12", 0]
					}
				},
				"R_wing1": {
					"rotation": {
						"vector": [0, "-60+math.sin(query.anim_time * 30)*6", "math.sin(query.anim_time * 30-60)*3"]
					}
				},
				"R_wing2": {
					"rotation": {
						"vector": [0, "-60+math.sin(query.anim_time * 30-30)*6", 0]
					}
				},
				"R_wing3": {
					"rotation": {
						"vector": [0, "-60+math.sin(query.anim_time * 30-60)*12", 0]
					}
				},
				"R_ear": {
					"rotation": {
						"vector": [0, "math.sin(query.anim_time * 30-60)*4", "math.sin(query.anim_time * 60)*4"]
					}
				},
				"R_ear_twitch": {
					"relative_to": {
						"rotation": "entity"
					},
					"rotation": {
						"2.875": {
							"vector": [0, 0, 0]
						},
						"3.0": {
							"vector": [0, 0, -5],
							"easing": "easeOutBack"
						},
						"3.125": {
							"vector": [0, 0, 2.5],
							"easing": "easeOutBack",
							"easingArgs": [1]
						},
						"3.25": {
							"vector": [0, 0, 0],
							"easing": "easeOutBack"
						},
						"15.0": {
							"vector": [0, 0, 0]
						},
						"15.125": {
							"vector": [0, 0, -5],
							"easing": "easeOutBack"
						},
						"15.25": {
							"vector": [0, 0, 2.5],
							"easing": "easeOutBack",
							"easingArgs": [1]
						},
						"15.375": {
							"vector": [0, 0, 0],
							"easing": "easeOutBack"
						}
					}
				},
				"L_ear_twitch": {
					"rotation": {
						"8.875": {
							"vector": [0, 0, 0]
						},
						"9.0": {
							"vector": [0, 0, 5],
							"easing": "easeOutBack"
						},
						"9.125": {
							"vector": [0, 0, -2.5],
							"easing": "easeOutBack",
							"easingArgs": [1]
						},
						"9.25": {
							"vector": [0, 0, 0],
							"easing": "easeOutBack"
						},
						"20.9583": {
							"vector": [0, 0, 0]
						},
						"21.0833": {
							"vector": [0, 0, 5],
							"easing": "easeOutBack"
						},
						"21.2083": {
							"vector": [0, 0, -2.5],
							"easing": "easeOutBack",
							"easingArgs": [1]
						},
						"21.3333": {
							"vector": [0, 0, 0],
							"easing": "easeOutBack"
						}
					}
				},
				"dress": {
					"rotation": {
						"vector": [-30, 0, 0]
					}
				},
				"ahoge": {
					"rotation": {
						"vector": ["math.sin(query.anim_time * 60)*6", 0, 0]
					}
				},
				"emotes": {
					"scale": {
						"0.0": {
							"vector": [0, 0, 0]
						},
						"0.0833": {
							"vector": [0, 0, 0],
							"easing": "step",
							"easingArgs": [2]
						},
						"0.5": {
							"vector": [1, 1, 1],
							"easing": "step",
							"easingArgs": [2]
						}
					}
				},
				"blink": {
					"scale": {
						"0.0": {
							"vector": [0, 0, 0]
						},
						"2.0": {
							"vector": [1, 1, 1],
							"easing": "step",
							"easingArgs": [2]
						},
						"2.25": {
							"vector": [0, 0, 0],
							"easing": "step",
							"easingArgs": [2]
						},
						"8.0": {
							"vector": [1, 1, 1],
							"easing": "step",
							"easingArgs": [2]
						},
						"8.1667": {
							"vector": [0, 0, 0],
							"easing": "step",
							"easingArgs": [2]
						},
						"8.25": {
							"vector": [1, 1, 1],
							"easing": "step",
							"easingArgs": [2]
						},
						"8.375": {
							"vector": [0, 0, 0],
							"easing": "step",
							"easingArgs": [2]
						},
						"13.75": {
							"vector": [1, 1, 1],
							"easing": "step",
							"easingArgs": [2]
						},
						"13.9167": {
							"vector": [0, 0, 0],
							"easing": "step",
							"easingArgs": [2]
						},
						"20.0": {
							"vector": [1, 1, 1],
							"easing": "step",
							"easingArgs": [2]
						},
						"20.1667": {
							"vector": [0, 0, 0],
							"easing": "step",
							"easingArgs": [2]
						},
						"20.25": {
							"vector": [1, 1, 1],
							"easing": "step",
							"easingArgs": [2]
						},
						"20.375": {
							"vector": [0, 0, 0],
							"easing": "step",
							"easingArgs": [2]
						}
					}
				},
				"back": {
					"rotation": {
						"vector": ["-math.sin(query.anim_time*60)", 0, 0]
					}
				},
				"eyebrowraise": {
					"scale": {
						"0.0": {
							"vector": [0, 0, 0]
						},
						"9.9583": {
							"vector": [0, 0, 0],
							"easing": "step",
							"easingArgs": [2]
						},
						"10.0": {
							"vector": [1, 1, 1],
							"easing": "step",
							"easingArgs": [2]
						},
						"14.0": {
							"vector": [1, 1, 1],
							"easing": "step",
							"easingArgs": [2]
						},
						"14.0833": {
							"vector": [0, 0, 0],
							"easing": "step",
							"easingArgs": [2]
						}
					}
				},
				"ebraise_L": {
					"scale": {
						"0.0": {
							"vector": [1, 1, 1]
						},
						"9.7083": {
							"vector": [1, 1, 1],
							"easing": "step",
							"easingArgs": [2]
						},
						"10.0": {
							"vector": [1, 1, 1],
							"easing": "step",
							"easingArgs": [2]
						},
						"11.2917": {
							"vector": [1, 1, 1],
							"easing": "step",
							"easingArgs": [2]
						},
						"11.3333": {
							"vector": [0, 0, 0],
							"easing": "step",
							"easingArgs": [2]
						}
					}
				},
				"ebraise_M": {
					"scale": {
						"0.0": {
							"vector": [1, 1, 1]
						},
						"9.7083": {
							"vector": [1, 1, 1],
							"easing": "step",
							"easingArgs": [2]
						},
						"10.0": {
							"vector": [1, 1, 1],
							"easing": "step",
							"easingArgs": [2]
						},
						"10.4583": {
							"vector": [1, 1, 1],
							"easing": "step",
							"easingArgs": [2]
						},
						"10.5": {
							"vector": [0, 0, 0],
							"easing": "step",
							"easingArgs": [2]
						},
						"11.2917": {
							"vector": [1, 1, 1],
							"easing": "step",
							"easingArgs": [2]
						},
						"11.5833": {
							"vector": [1, 1, 1],
							"easing": "step",
							"easingArgs": [2]
						},
						"11.6667": {
							"vector": [0, 0, 0],
							"easing": "step",
							"easingArgs": [2]
						},
						"12.6667": {
							"vector": [0, 0, 0],
							"easing": "step",
							"easingArgs": [2]
						},
						"12.75": {
							"vector": [1, 1, 1],
							"easing": "step",
							"easingArgs": [2]
						},
						"13.5833": {
							"vector": [0, 0, 0],
							"easing": "step",
							"easingArgs": [2]
						},
						"13.625": {
							"vector": [1, 1, 1],
							"easing": "step",
							"easingArgs": [2]
						}
					}
				},
				"ebraise_R": {
					"scale": {
						"0.0": {
							"vector": [1, 1, 1]
						},
						"9.7083": {
							"vector": [1, 1, 1],
							"easing": "step",
							"easingArgs": [2]
						},
						"10.0": {
							"vector": [0, 0, 0],
							"easing": "step",
							"easingArgs": [2]
						},
						"11.5417": {
							"vector": [1, 1, 1],
							"easing": "step",
							"easingArgs": [2]
						},
						"12.75": {
							"vector": [1, 1, 1],
							"easing": "step",
							"easingArgs": [2]
						},
						"12.7917": {
							"vector": [0, 0, 0],
							"easing": "step",
							"easingArgs": [2]
						}
					}
				},
				"derp": {
					"scale": {
						"0.0": {
							"vector": [1, 1, 1]
						},
						"8.0": {
							"vector": [1, 1, 1],
							"easing": "step",
							"easingArgs": [2]
						},
						"8.0833": {
							"vector": [0, 0, 0],
							"easing": "step",
							"easingArgs": [2]
						}
					}
				},
				"derp_L": {
					"scale": {
						"0.0": {
							"vector": [0, 0, 0]
						},
						"0.0833": {
							"vector": [0, 0, 0]
						},
						"5.0833": {
							"vector": [1, 1, 1],
							"easing": "step",
							"easingArgs": [2]
						},
						"6.0833": {
							"vector": [1, 1, 1],
							"easing": "step",
							"easingArgs": [2]
						},
						"7.0833": {
							"vector": [0, 0, 0],
							"easing": "step",
							"easingArgs": [2]
						}
					}
				},
				"derp_M": {
					"scale": {
						"0.0": {
							"vector": [1, 1, 1],
							"easing": "step",
							"easingArgs": [2]
						},
						"0.0833": {
							"vector": [1, 1, 1],
							"easing": "step",
							"easingArgs": [2]
						},
						"5.0833": {
							"vector": [1, 1, 1],
							"easing": "step",
							"easingArgs": [2]
						},
						"5.25": {
							"vector": [0, 0, 0],
							"easing": "step",
							"easingArgs": [2]
						},
						"6.5833": {
							"vector": [1, 1, 1],
							"easing": "step",
							"easingArgs": [2]
						}
					}
				},
				"derp_R": {
					"scale": {
						"0.0": {
							"vector": [0, 0, 0]
						},
						"0.0833": {
							"vector": [0, 0, 0]
						},
						"5.0833": {
							"vector": [1, 1, 1],
							"easing": "step",
							"easingArgs": [2]
						},
						"5.8333": {
							"vector": [0, 0, 0],
							"easing": "step",
							"easingArgs": [2]
						},
						"6.2083": {
							"vector": [1, 1, 1],
							"easing": "step",
							"easingArgs": [2]
						},
						"7.3333": {
							"vector": [0, 0, 0],
							"easing": "step",
							"easingArgs": [2]
						}
					}
				},
				"boob": {
					"rotation": {
						"vector": ["-10+math.sin(query.anim_time*60)", 0, 0]
					}
				},
				"cap": {
					"rotation": {
						"vector": ["-3+math.sin(query.anim_time*60)", 0, 0]
					}
				},
				"shock": {
					"scale": {
						"vector": [0, 0, 0]
					}
				},
				"bottomcoat": {
					"rotation": {
						"vector": ["-10-math.sin(query.anim_time*120)*2", 0, 0]
					},
					"position": {
						"vector": [0, 1.25, 0.15]
					}
				},
				"goggles": {
					"scale": {
						"vector": [0, 0, 0]
					}
				}
			}
		},
		"animation.strippin.walk": {
			"loop": true,
			"animation_length": 12,
			"bones": {
				"blink": {
					"scale": {
						"0.0": {
							"vector": [0, 0, 0]
						},
						"2.0": {
							"vector": [1, 1, 1],
							"easing": "step",
							"easingArgs": [2]
						},
						"2.25": {
							"vector": [0, 0, 0],
							"easing": "step",
							"easingArgs": [2]
						},
						"8.0": {
							"vector": [1, 1, 1],
							"easing": "step",
							"easingArgs": [2]
						},
						"8.1667": {
							"vector": [0, 0, 0],
							"easing": "step",
							"easingArgs": [2]
						},
						"8.25": {
							"vector": [1, 1, 1],
							"easing": "step",
							"easingArgs": [2]
						},
						"8.375": {
							"vector": [0, 0, 0],
							"easing": "step",
							"easingArgs": [2]
						}
					}
				},
				"cap": {
					"rotation": {
						"vector": ["-3+math.sin(query.anim_time*480)", 0, 0]
					}
				},
				"tuft": {
					"rotation": {
						"vector": ["-math.sin(query.anim_time*480+60)*6", 0, 0]
					}
				},
				"emotes": {
					"scale": {
						"vector": [0, 0, 0]
					}
				},
				"boob": {
					"rotation": {
						"vector": ["math.sin(query.anim_time*480)*2", 0, 0]
					}
				},
				"back": {
					"rotation": {
						"vector": ["math.sin(query.anim_time*480+60)*2", 0, 0]
					}
				},
				"coat": {
					"rotation": {
						"vector": ["28+math.sin(query.anim_time*480)*2", 0, 0]
					}
				},
				"bottomcoat": {
					"rotation": {
						"vector": ["10+math.sin(query.anim_time*480-60)*2", 0, 0]
					}
				},
				"goggles": {
					"scale": {
						"vector": [0, 0, 0]
					}
				}
			}
		},
		"animation.strippin.sprint": {
			"loop": true,
			"animation_length": 12,
			"bones": {
				"blink": {
					"scale": {
						"0.0": {
							"vector": [0, 0, 0]
						},
						"2.0": {
							"vector": [1, 1, 1],
							"easing": "step",
							"easingArgs": [2]
						},
						"2.25": {
							"vector": [0, 0, 0],
							"easing": "step",
							"easingArgs": [2]
						},
						"8.0": {
							"vector": [1, 1, 1],
							"easing": "step",
							"easingArgs": [2]
						},
						"8.1667": {
							"vector": [0, 0, 0],
							"easing": "step",
							"easingArgs": [2]
						},
						"8.25": {
							"vector": [1, 1, 1],
							"easing": "step",
							"easingArgs": [2]
						},
						"8.375": {
							"vector": [0, 0, 0],
							"easing": "step",
							"easingArgs": [2]
						}
					}
				},
				"cap": {
					"rotation": {
						"vector": ["-3+math.sin(query.anim_time*480*2)", 0, 0]
					}
				},
				"tuft": {
					"rotation": {
						"vector": ["-math.sin(query.anim_time*960+60)*6", 0, 0]
					}
				},
				"emotes": {
					"scale": {
						"0.0": {
							"vector": [0, 0, 0]
						},
						"1.5417": {
							"vector": [1, 1, 1],
							"easing": "step",
							"easingArgs": [2]
						},
						"7.9583": {
							"vector": [1, 1, 1],
							"easing": "step",
							"easingArgs": [2]
						},
						"8.25": {
							"vector": [0, 0, 0],
							"easing": "step",
							"easingArgs": [2]
						}
					}
				},
				"boob": {
					"rotation": {
						"vector": ["math.sin(query.anim_time*960)*4", 0, 0]
					}
				},
				"back": {
					"rotation": {
						"vector": ["math.sin(query.anim_time*960+60)*4", 0, 0]
					}
				},
				"shock": {
					"scale": {
						"vector": [0, 0, 0]
					}
				},
				"derp": {
					"scale": {
						"vector": [0, 0, 0]
					}
				},
				"ebraise_L": {
					"scale": {
						"vector": [0, 0, 0]
					}
				},
				"ebraise_R": {
					"scale": {
						"vector": [0, 0, 0]
					}
				},
				"coat": {
					"rotation": {
						"vector": ["35+math.sin(query.anim_time*960)*2", 0, 0]
					}
				},
				"bottomcoat": {
					"rotation": {
						"vector": ["15+math.sin(query.anim_time*960-60)*4", 0, 0]
					}
				},
				"goggles": {
					"scale": {
						"vector": [0, 0, 0]
					}
				}
			}
		},
		"animation.strippin.fly": {
			"loop": true,
			"animation_length": 12,
			"bones": {
				"blink": {
					"scale": {
						"vector": [1, 1, 1]
					}
				},
				"cap": {
					"rotation": {
						"vector": ["-3+math.sin(query.anim_time*480*2)*4", 0, 0]
					}
				},
				"tuft": {
					"rotation": {
						"vector": ["5-math.sin(query.anim_time*960+60)*2", 0, 0]
					}
				},
				"emotes": {
					"scale": {
						"0.0": {
							"vector": [0, 0, 0]
						},
						"7.9583": {
							"vector": [1, 1, 1],
							"easing": "step",
							"easingArgs": [2]
						},
						"8.25": {
							"vector": [0, 0, 0],
							"easing": "step",
							"easingArgs": [2]
						}
					}
				},
				"boob": {
					"rotation": {
						"vector": ["-10+math.sin(query.anim_time*960)*4", 0, 0]
					}
				},
				"back": {
					"rotation": {
						"vector": ["-67.5+math.sin(query.anim_time*960+60)*6", 0, 0]
					},
					"position": {
						"vector": [0, 1.25, -0.5]
					}
				},
				"shock": {
					"scale": {
						"vector": [0, 0, 0]
					}
				},
				"derp": {
					"scale": {
						"vector": [0, 0, 0]
					}
				},
				"ebraise_L": {
					"scale": {
						"vector": [0, 0, 0]
					}
				},
				"ebraise_R": {
					"scale": {
						"vector": [0, 0, 0]
					}
				},
				"coat": {
					"rotation": {
						"vector": ["15+math.sin(query.anim_time*960)*4", 0, 0]
					}
				},
				"bottomcoat": {
					"rotation": {
						"vector": ["10+math.sin(query.anim_time*960-60)*6", 0, 0]
					}
				},
				"goggles": {
					"scale": {
						"vector": [1, 1, 1]
					}
				},
				"head": {
					"rotation": {
						"vector": [-45, 0, 0]
					},
					"position": {
						"vector": [0, 0, -0.5]
					}
				},
				"swim": {
					"scale": {
						"vector": [0, 0, 0]
					}
				},
				"fly": {
					"scale": {
						"vector": [1, 1, 1]
					}
				}
			}
		},
		"animation.strippin.swim": {
			"loop": true,
			"animation_length": 12,
			"bones": {
				"blink": {
					"scale": {
						"vector": [0, 0, 0]
					}
				},
				"cap": {
					"rotation": {
						"vector": ["-3+math.sin(query.anim_time*480)", 0, 0]
					}
				},
				"tuft": {
					"rotation": {
						"vector": ["-math.sin(query.anim_time*480+60)*6", 0, 0]
					}
				},
				"emotes": {
					"scale": {
						"vector": [0, 0, 0]
					}
				},
				"boob": {
					"rotation": {
						"vector": ["math.sin(query.anim_time*480)*2", 0, 0]
					}
				},
				"back": {
					"rotation": {
						"vector": ["math.sin(query.anim_time*480+60)*2", 0, 0]
					}
				},
				"coat": {
					"rotation": {
						"vector": ["28+math.sin(query.anim_time*480)*2", 0, 0]
					}
				},
				"bottomcoat": {
					"rotation": {
						"vector": ["10+math.sin(query.anim_time*480-60)*2", 0, 0]
					}
				},
				"head": {
					"rotation": {
						"vector": [-45, 0, 0]
					},
					"position": {
						"vector": [0, 0, -0.5]
					}
				},
				"swim": {
					"scale": {
						"0.0": {
							"vector": [1.01, 1.01, 1.01]
						},
						"6.0": {
							"vector": [1.01, 1.01, 1.01]
						}
					}
				},
				"bubble": {
					"position": {
						"0.0": {
							"vector": ["-Math.sin(query.anim_time * 240)*4", -1, "-4+Math.cos(query.anim_time * 240)*4"]
						},
						"3.0": {
							"vector": [0, 23, 16]
						},
						"3.0417": {
							"vector": ["-Math.sin(query.anim_time * 240)*4", -1, "-4+Math.cos(query.anim_time * 240)*4"]
						},
						"6.0": {
							"vector": [0, 23, 16]
						}
					},
					"scale": {
						"0.0": {
							"vector": [0, 0, 0]
						},
						"0.375": {
							"vector": [1, 1, 1],
							"easing": "easeInOutSine"
						},
						"2.25": {
							"vector": [1, 1, 1]
						},
						"3.0": {
							"vector": [0, 0, 0],
							"easing": "easeInBack"
						},
						"3.0417": {
							"vector": [0, 0, 0]
						},
						"3.4167": {
							"vector": [1, 1, 1],
							"easing": "easeInOutSine"
						},
						"5.25": {
							"vector": [1, 1, 1]
						},
						"6.0": {
							"vector": [0, 0, 0],
							"easing": "easeInBack"
						}
					}
				},
				"bubble2": {
					"position": {
						"0.0": {
							"vector": ["5-Math.sin(query.anim_time * 200 + 50)*6", 1, "-4+Math.cos(query.anim_time * 200 + 50)*6"]
						},
						"3.0": {
							"vector": [0, 25, 16]
						},
						"3.0417": {
							"vector": ["-5-Math.sin(query.anim_time * 200 + 50)*6", 1, "-3+Math.cos(query.anim_time * 200 + 50)*6"]
						},
						"6.0": {
							"vector": [0, 25, 16]
						}
					},
					"scale": {
						"0.0": {
							"vector": [0, 0, 0]
						},
						"0.5833": {
							"vector": [1, 1, 1],
							"easing": "linear"
						},
						"2.25": {
							"vector": [1, 1, 1]
						},
						"3.0": {
							"vector": [0, 0, 0],
							"easing": "easeInBack"
						},
						"3.0417": {
							"vector": [0, 0, 0]
						},
						"3.625": {
							"vector": [1, 1, 1],
							"easing": "linear"
						},
						"5.25": {
							"vector": [1, 1, 1]
						},
						"6.0": {
							"vector": [0, 0, 0],
							"easing": "easeInBack"
						}
					}
				},
				"bubble3": {
					"position": {
						"0.0": {
							"vector": ["2-Math.sin(query.anim_time * 220 + 20)*6", 1, "-4+Math.cos(query.anim_time * 220 + 20)*4"]
						},
						"3.0": {
							"vector": [0, 27, 17]
						},
						"3.0417": {
							"vector": ["-3-Math.sin(query.anim_time * 220 + 20)*6", 1, "-4+Math.cos(query.anim_time * 220 + 20)*4"]
						},
						"6.0": {
							"vector": [0, 27, 17]
						}
					},
					"scale": {
						"0.0": {
							"vector": [0, 0, 0]
						},
						"0.5": {
							"vector": [1, 1, 1],
							"easing": "easeInOutSine"
						},
						"2.25": {
							"vector": [1, 1, 1]
						},
						"3.0": {
							"vector": [0, 0, 0],
							"easing": "easeInBack"
						},
						"3.0417": {
							"vector": [0, 0, 0]
						},
						"3.5417": {
							"vector": [1, 1, 1],
							"easing": "easeInOutSine"
						},
						"5.25": {
							"vector": [1, 1, 1]
						},
						"6.0": {
							"vector": [0, 0, 0],
							"easing": "easeInBack"
						}
					}
				},
				"fly": {
					"scale": {
						"vector": [0, 0, 0]
					}
				}
			}
		},
		"animation.strippin.sleeping": {
			"loop": true,
			"override_previous_animation": true,
			"bones": {
				"cap": {
					"scale": {
						"vector": [0.25, 0.25, 0.25]
					}
				},
				"tuft": {
					"rotation": {
						"vector": ["-math.sin(query.anim_time*60)*4", 0, 0]
					},
					"position": {
						"vector": [-3, 8.7443, -20.79753]
					},
					"scale": {
						"vector": [4, 4, 4]
					}
				},
				"emotes": {
					"scale": {
						"vector": [0, 0, 0]
					}
				},
				"boob": {
					"rotation": {
						"vector": ["math.sin(query.anim_time*60)", 0, 0]
					}
				},
				"coat": {
					"scale": {
						"vector": [0, 0, 0]
					}
				},
				"coatR": {
					"scale": {
						"vector": [0, 0, 0]
					}
				},
				"coatL": {
					"scale": {
						"vector": [0, 0, 0]
					}
				},
				"goggles": {
					"scale": {
						"vector": [0, 0, 0]
					}
				},
				"bodycoat": {
					"scale": {
						"vector": [0, 0, 0]
					}
				}
			}
		}
	}
}