{
	"format_version": "1.8.0",
	"animations": {
		"walk": {
			"loop": true,
			"animation_length": 0.5,
			"bones": {
				"bone25": {
					"rotation": {
						"vector": [0, 0, 0]
					},
					"position": {
						"0.0": {
							"vector": [0, 0, 0]
						},
						"0.25": {
							"vector": [0, 0.25, 0]
						},
						"0.5": {
							"vector": [0, 0, 0]
						}
					}
				},
				"bone26": {
					"rotation": {
						"0.0": {
							"vector": [8.95891, 15.09492, 31.18939]
						},
						"0.375": {
							"vector": [-3.13388, 17.22575, -10.47479]
						},
						"0.5": {
							"vector": [8.95891, 15.09492, 31.18939]
						}
					}
				},
				"bone27": {
					"rotation": {
						"0.0": {
							"vector": [5.41615, 16.66577, 18.29388]
						},
						"0.375": {
							"vector": [-1.5741, 17.43127, -5.24133]
						},
						"0.5": {
							"vector": [5.41615, 16.66577, 18.29388]
						}
					},
					"position": {
						"0.0": {
							"vector": [-0.2, -0.4, -0.3]
						},
						"0.375": {
							"vector": [-0.2, 0.1, -0.3]
						},
						"0.5": {
							"vector": [-0.2, -0.4, -0.3]
						}
					}
				},
				"bone28": {
					"rotation": {
						"0.0": {
							"vector": [0, 0, 12.5]
						},
						"0.25": {
							"vector": [0, 0, 12.5]
						},
						"0.5": {
							"vector": [0, 0, 12.5]
						}
					},
					"position": {
						"0.0": {
							"vector": [0, 0, 0]
						},
						"0.25": {
							"vector": [0, 0.25, 0]
						},
						"0.5": {
							"vector": [0, 0, 0]
						}
					}
				},
				"bone29": {
					"rotation": {
						"0.0": {
							"vector": [0, 0, -20]
						},
						"0.375": {
							"vector": [0, 0, 2.5]
						},
						"0.5": {
							"vector": [0, 0, -20]
						}
					},
					"position": {
						"0.0": {
							"vector": [0, -0.3, 0]
						},
						"0.375": {
							"vector": [0, -0.1, 0]
						},
						"0.5": {
							"vector": [0, -0.3, 0]
						}
					}
				},
				"bone30": {
					"rotation": {
						"0.0": {
							"vector": [0, 0, -20]
						},
						"0.375": {
							"vector": [0, 0, 20]
						},
						"0.5": {
							"vector": [0, 0, -20]
						}
					},
					"position": {
						"0.0": {
							"vector": [0.4, -0.3, 0]
						},
						"0.375": {
							"vector": [0.4, 0.2, 0]
						},
						"0.5": {
							"vector": [0.4, -0.3, 0]
						}
					}
				},
				"bone4": {
					"rotation": {
						"0.0": {
							"vector": [12.5, 0, 0]
						},
						"0.25": {
							"vector": [7.5, 0, 0]
						},
						"0.5": {
							"vector": [12.5, 0, 0]
						}
					},
					"position": {
						"0.0": {
							"vector": [0, 0.1, 0.1]
						},
						"0.25": {
							"vector": [0, 0.1, 0.1]
						},
						"0.5": {
							"vector": [0, 0.1, 0.1]
						}
					}
				},
				"bone6": {
					"rotation": {
						"0.0": {
							"vector": [-7.5, 0, 0]
						},
						"0.25": {
							"vector": [-10, 0, 0]
						},
						"0.5": {
							"vector": [-7.5, 0, 0]
						}
					},
					"position": {
						"0.0": {
							"vector": [0, 0.2, -0.3]
						},
						"0.25": {
							"vector": [0, 0.2, -0.4]
						},
						"0.5": {
							"vector": [0, 0.2, -0.3]
						}
					}
				},
				"bone7": {
					"rotation": {
						"0.0": {
							"vector": [-5, 0, 0]
						},
						"0.25": {
							"vector": [10, 0, 0]
						},
						"0.5": {
							"vector": [-5, 0, 0]
						}
					},
					"position": {
						"0.0": {
							"vector": [0, 0.1, -0.2]
						},
						"0.25": {
							"vector": [0, 0.1, 0.4]
						},
						"0.5": {
							"vector": [0, 0.1, -0.2]
						}
					}
				},
				"bone8": {
					"rotation": {
						"0.0": {
							"vector": [9, 0, 0]
						},
						"0.5": {
							"vector": [9, 0, 0]
						}
					},
					"position": {
						"0.0": {
							"vector": [0, 0, 0.2]
						},
						"0.5": {
							"vector": [0, 0, 0.2]
						}
					}
				},
				"bone12": {
					"rotation": {
						"0.0": {
							"vector": [5, 0, 0]
						},
						"0.5": {
							"vector": [5, 0, 0]
						}
					},
					"position": {
						"0.0": {
							"vector": [0, 0, 0.4]
						},
						"0.5": {
							"vector": [0, 0, 0.4]
						}
					}
				},
				"bone10": {
					"rotation": {
						"0.0": {
							"vector": [0, 0, 22.5]
						},
						"0.25": {
							"vector": [0, 0, 0]
						},
						"0.5": {
							"vector": [0, 0, 22.5]
						}
					}
				},
				"bone15": {
					"rotation": {
						"0.0": {
							"vector": [7.5, 0, 0]
						},
						"0.25": {
							"vector": [2.5, 0, 0]
						},
						"0.5": {
							"vector": [7.5, 0, 0]
						}
					}
				},
				"bone17": {
					"rotation": {
						"0.0": {
							"vector": [0, 0, 0]
						},
						"0.25": {
							"vector": [-2.5, 0, 0]
						},
						"0.5": {
							"vector": [0, 0, 0]
						}
					}
				},
				"bone18": {
					"rotation": {
						"0.0": {
							"vector": [-5, 0, 0]
						},
						"0.25": {
							"vector": [7.5, 0, 0]
						},
						"0.5": {
							"vector": [-5, 0, 0]
						}
					},
					"position": {
						"0.0": {
							"vector": [0, 0.1, -0.4]
						},
						"0.25": {
							"vector": [0, 0.2, 0.7]
						},
						"0.5": {
							"vector": [0, 0.1, -0.4]
						}
					}
				},
				"bone19": {
					"rotation": {
						"0.0": {
							"vector": [12.5, 0, 0]
						},
						"0.5": {
							"vector": [12.5, 0, 0]
						}
					}
				},
				"bone23": {
					"rotation": {
						"0.0": {
							"vector": [0, 0, -35]
						},
						"0.25": {
							"vector": [0, 0, -12.5]
						},
						"0.5": {
							"vector": [0, 0, -35]
						}
					},
					"position": {
						"0.0": {
							"vector": [0, 0.3, 0]
						},
						"0.25": {
							"vector": [0, 0.1, 0]
						},
						"0.5": {
							"vector": [0, 0.3, 0]
						}
					}
				},
				"bone": {
					"rotation": {
						"vector": [0, 0, 0]
					},
					"position": {
						"0.0": {
							"vector": [0, 0, 0]
						},
						"0.25": {
							"vector": [0, 0.25, 0]
						},
						"0.5": {
							"vector": [0, 0, 0]
						}
					}
				},
				"bone2": {
					"rotation": {
						"0.0": {
							"vector": [0, 0, 0]
						},
						"0.375": {
							"vector": [-17.5, 0, 0]
						},
						"0.5": {
							"vector": [0, 0, 0]
						}
					},
					"position": {
						"0.0": {
							"vector": [0, 0, 0]
						},
						"0.375": {
							"vector": [0, 0.5, 0]
						},
						"0.5": {
							"vector": [0, 0, 0]
						}
					}
				}
			}
		},
		"run": {
			"loop": true,
			"animation_length": 0.5,
			"bones": {
				"bone25": {
					"rotation": {
						"vector": [9.00717, -20.70481, -24.14867]
					},
					"position": {
						"0.0": {
							"vector": [0, 0, 0]
						},
						"0.25": {
							"vector": [0, 0.25, 0]
						},
						"0.5": {
							"vector": [0, 0, 0]
						}
					}
				},
				"bone26": {
					"rotation": {
						"0.0": {
							"vector": [8.95891, 15.09492, 31.18939]
						},
						"0.375": {
							"vector": [-3.13388, 17.22575, -10.47479]
						},
						"0.5": {
							"vector": [8.95891, 15.09492, 31.18939]
						}
					}
				},
				"bone27": {
					"rotation": {
						"0.0": {
							"vector": [5.41615, 16.66577, 18.29388]
						},
						"0.375": {
							"vector": [-1.5741, 17.43127, -5.24133]
						},
						"0.5": {
							"vector": [5.41615, 16.66577, 18.29388]
						}
					},
					"position": {
						"0.0": {
							"vector": [-0.2, -0.4, -0.3]
						},
						"0.375": {
							"vector": [-0.2, 0.1, -0.3]
						},
						"0.5": {
							"vector": [-0.2, -0.4, -0.3]
						}
					}
				},
				"bone28": {
					"rotation": {
						"0.0": {
							"vector": [1.75378, 9.84655, 15.15108]
						},
						"0.25": {
							"vector": [1.75378, 9.84655, 15.15108]
						},
						"0.5": {
							"vector": [1.75378, 9.84655, 15.15108]
						}
					},
					"position": {
						"0.0": {
							"vector": [0, 0.5, 0]
						},
						"0.25": {
							"vector": [0, 0.5, 0]
						},
						"0.5": {
							"vector": [0, 0.5, 0]
						}
					}
				},
				"bone29": {
					"rotation": {
						"0.0": {
							"vector": [0, 0, -20]
						},
						"0.375": {
							"vector": [0, 0, 2.5]
						},
						"0.5": {
							"vector": [0, 0, -20]
						}
					},
					"position": {
						"0.0": {
							"vector": [0, -0.3, 0]
						},
						"0.375": {
							"vector": [0, -0.1, 0]
						},
						"0.5": {
							"vector": [0, -0.3, 0]
						}
					}
				},
				"bone30": {
					"rotation": {
						"0.0": {
							"vector": [0, 0, -20]
						},
						"0.375": {
							"vector": [0, 0, 20]
						},
						"0.5": {
							"vector": [0, 0, -20]
						}
					},
					"position": {
						"0.0": {
							"vector": [0.4, -0.3, 0]
						},
						"0.375": {
							"vector": [0.4, 0.2, 0]
						},
						"0.5": {
							"vector": [0.4, -0.3, 0]
						}
					}
				},
				"bone4": {
					"rotation": {
						"0.0": {
							"vector": [45, 0, 0]
						},
						"0.25": {
							"vector": [55, 0, 0]
						},
						"0.5": {
							"vector": [45, 0, 0]
						}
					},
					"position": {
						"0.0": {
							"vector": [0, 0.6, 0.1]
						},
						"0.25": {
							"vector": [0, 0.6, 0.1]
						},
						"0.5": {
							"vector": [0, 0.6, 0.1]
						}
					}
				},
				"bone6": {
					"rotation": {
						"0.0": {
							"vector": [-7.5, 0, 0]
						},
						"0.125": {
							"vector": [-23.75, 0, 0]
						},
						"0.25": {
							"vector": [-10, 0, 0]
						},
						"0.5": {
							"vector": [-7.5, 0, 0]
						}
					},
					"position": {
						"0.0": {
							"vector": [0, 0.2, -0.3]
						},
						"0.125": {
							"vector": [0, 0.7, -0.85]
						},
						"0.25": {
							"vector": [0, 0.2, -0.4]
						},
						"0.5": {
							"vector": [0, 0.2, -0.3]
						}
					}
				},
				"bone7": {
					"rotation": {
						"0.0": {
							"vector": [-5, 0, 0]
						},
						"0.1667": {
							"vector": [-10, 0, 0]
						},
						"0.25": {
							"vector": [10, 0, 0]
						},
						"0.5": {
							"vector": [-5, 0, 0]
						}
					},
					"position": {
						"0.0": {
							"vector": [0, 0.1, -0.2]
						},
						"0.1667": {
							"vector": [0, 0.1, -0.4]
						},
						"0.25": {
							"vector": [0, 0.1, 0.4]
						},
						"0.5": {
							"vector": [0, 0.1, -0.2]
						}
					}
				},
				"bone8": {
					"rotation": {
						"0.0": {
							"vector": [9, 0, 0]
						},
						"0.1667": {
							"vector": [-11, 0, 0]
						},
						"0.3333": {
							"vector": [19, 0, 0]
						},
						"0.5": {
							"vector": [9, 0, 0]
						}
					},
					"position": {
						"0.0": {
							"vector": [0, 0, 0.2]
						},
						"0.1667": {
							"vector": [0, 0.4, -0.3]
						},
						"0.3333": {
							"vector": [0, 0.7, 0.45]
						},
						"0.5": {
							"vector": [0, 0, 0.2]
						}
					}
				},
				"bone12": {
					"rotation": {
						"0.0": {
							"vector": [5, 0, 0]
						},
						"0.3333": {
							"vector": [17.5, 0, 0]
						},
						"0.5": {
							"vector": [5, 0, 0]
						}
					},
					"position": {
						"0.0": {
							"vector": [0, 0, 0.4]
						},
						"0.3333": {
							"vector": [0, 0.7, 0.8]
						},
						"0.5": {
							"vector": [0, 0, 0.4]
						}
					}
				},
				"bone10": {
					"rotation": {
						"0.0": {
							"vector": [0, 0, 22.5]
						},
						"0.25": {
							"vector": [0, 0, 0]
						},
						"0.5": {
							"vector": [0, 0, 22.5]
						}
					}
				},
				"bone15": {
					"rotation": {
						"0.0": {
							"vector": [37.5, 0, 0]
						},
						"0.25": {
							"vector": [50, 0, 0]
						},
						"0.5": {
							"vector": [37.5, 0, 0]
						}
					},
					"position": {
						"0.0": {
							"vector": [0, 0.4, 0]
						},
						"0.25": {
							"vector": [0, 0.4, 0]
						},
						"0.5": {
							"vector": [0, 0.4, 0]
						}
					}
				},
				"bone17": {
					"rotation": {
						"0.0": {
							"vector": [0, 0, 0]
						},
						"0.125": {
							"vector": [-13.75, 0, 0]
						},
						"0.25": {
							"vector": [-2.5, 0, 0]
						},
						"0.5": {
							"vector": [0, 0, 0]
						}
					},
					"position": {
						"0.0": {
							"vector": [0, 0, 0]
						},
						"0.125": {
							"vector": [0, 0.3, -0.6]
						},
						"0.3333": {
							"vector": [0, 0.3, 0]
						}
					}
				},
				"bone18": {
					"rotation": {
						"0.0": {
							"vector": [-5, 0, 0]
						},
						"0.1667": {
							"vector": [-11.67, 0, 0]
						},
						"0.25": {
							"vector": [7.5, 0, 0]
						},
						"0.5": {
							"vector": [-5, 0, 0]
						}
					},
					"position": {
						"0.0": {
							"vector": [0, 0.1, -0.4]
						},
						"0.1667": {
							"vector": [0, 0.17, -0.17]
						},
						"0.25": {
							"vector": [0, 0.2, 0.7]
						},
						"0.5": {
							"vector": [0, 0.1, -0.4]
						}
					}
				},
				"bone19": {
					"rotation": {
						"0.0": {
							"vector": [12.5, 0, 0]
						},
						"0.1667": {
							"vector": [-7.5, 0, 0]
						},
						"0.3333": {
							"vector": [15, 0, 0]
						},
						"0.5": {
							"vector": [12.5, 0, 0]
						}
					},
					"position": {
						"0.0": {
							"vector": [0, 0, 0]
						},
						"0.1667": {
							"vector": [0, 0.1, -0.2]
						},
						"0.3333": {
							"vector": [0, 0.1, 0.3]
						}
					}
				},
				"bone23": {
					"rotation": {
						"0.0": {
							"vector": [0, 0, -35]
						},
						"0.25": {
							"vector": [0, 0, -12.5]
						},
						"0.5": {
							"vector": [0, 0, -35]
						}
					},
					"position": {
						"0.0": {
							"vector": [0, 0.3, 0]
						},
						"0.25": {
							"vector": [0, 0.1, 0]
						},
						"0.5": {
							"vector": [0, 0.3, 0]
						}
					}
				},
				"bone": {
					"rotation": {
						"vector": [0, 0, 0]
					},
					"position": {
						"0.0": {
							"vector": [0, 0, 0]
						},
						"0.25": {
							"vector": [0, 0.25, 0]
						},
						"0.5": {
							"vector": [0, 0, 0]
						}
					}
				},
				"bone2": {
					"rotation": {
						"0.0": {
							"vector": [0, 0, 0]
						},
						"0.375": {
							"vector": [-17.5, 0, 0]
						},
						"0.5": {
							"vector": [0, 0, 0]
						}
					},
					"position": {
						"0.0": {
							"vector": [0, 0, 0]
						},
						"0.375": {
							"vector": [0, 0.5, 0]
						},
						"0.5": {
							"vector": [0, 0, 0]
						}
					}
				},
				"bone5": {
					"rotation": {
						"0.0": {
							"vector": [0, 0, 0]
						},
						"0.25": {
							"vector": [0, 0, -7.5]
						},
						"0.5": {
							"vector": [0, 0, 0]
						}
					},
					"position": {
						"0.0": {
							"vector": [0, 0, 0]
						},
						"0.25": {
							"vector": [0.4, 0, 0]
						},
						"0.5": {
							"vector": [0, 0, 0]
						}
					}
				},
				"bone16": {
					"rotation": {
						"0.0": {
							"vector": [0, 0, 0]
						},
						"0.25": {
							"vector": [0, 0, 10]
						},
						"0.5": {
							"vector": [0, 0, 0]
						}
					},
					"position": {
						"0.0": {
							"vector": [0, 0, 0]
						},
						"0.25": {
							"vector": [-0.3, 0, 0]
						},
						"0.5": {
							"vector": [0, 0, 0]
						}
					}
				},
				"bone20": {
					"rotation": {
						"0.0": {
							"vector": [0, 0, 0]
						},
						"0.3333": {
							"vector": [15, 0, 0]
						}
					},
					"position": {
						"0.0": {
							"vector": [0, 0, 0]
						},
						"0.3333": {
							"vector": [0, 0.5, 1.3]
						}
					}
				}
			}
		},
		"idle": {
			"loop": true,
			"animation_length": 8,
			"bones": {
				"bone25": {
					"rotation": {
						"0.0": {
							"vector": [0, 0, 0]
						},
						"7.5833": {
							"vector": [0, 0, 0],
							"easing": "easeInOutBack"
						},
						"8.0": {
							"vector": [0, 0, 0]
						}
					},
					"position": {
						"0.0": {
							"vector": [0, 0, 0]
						},
						"7.5833": {
							"vector": [0, 0, 0],
							"easing": "easeInOutBack"
						},
						"8.0": {
							"vector": [0, 0, 0]
						}
					}
				},
				"bone26": {
					"rotation": {
						"0.0": {
							"vector": [0, 0, 0]
						},
						"4.0": {
							"vector": [0, 0, 22.5]
						},
						"7.5833": {
							"vector": [0, 0, 0],
							"easing": "easeInOutBack"
						},
						"8.0": {
							"vector": [0, 0, 0]
						}
					}
				},
				"bone27": {
					"rotation": {
						"0.0": {
							"vector": [0, 0, 0]
						},
						"4.0": {
							"vector": [0, 0, 15]
						},
						"7.5833": {
							"vector": [0, 0, 0],
							"easing": "easeInOutBack"
						},
						"8.0": {
							"vector": [0, 0, 0]
						}
					},
					"position": {
						"0.0": {
							"vector": [0, 0, 0]
						},
						"4.0": {
							"vector": [-0.4, -0.1, 0]
						},
						"7.5833": {
							"vector": [0, 0, 0],
							"easing": "easeInOutBack"
						},
						"8.0": {
							"vector": [0, 0, 0]
						}
					}
				},
				"bone28": {
					"rotation": {
						"0.0": {
							"vector": [0, 0, 0]
						},
						"7.5833": {
							"vector": [0, 0, 0],
							"easing": "easeInOutBack"
						},
						"7.75": {
							"vector": [-31.03795, -44.72566, 40.53458],
							"easing": "easeInOutBack"
						},
						"7.875": {
							"vector": [-26.46978, 5.16919, 67.04571],
							"easing": "easeInOutBack"
						},
						"8.0": {
							"vector": [0, 0, 0]
						}
					},
					"position": {
						"0.0": {
							"vector": [0, 0, 0]
						},
						"7.5833": {
							"vector": [0, 0, 0],
							"easing": "easeInOutBack"
						},
						"8.0": {
							"vector": [0, 0, 0]
						}
					}
				},
				"bone29": {
					"rotation": {
						"0.0": {
							"vector": [0, 0, 0]
						},
						"4.0": {
							"vector": [0, 0, -15]
						},
						"7.5833": {
							"vector": [0, 0, 0],
							"easing": "easeInOutBack"
						},
						"7.75": {
							"vector": [0, -42.5, -15],
							"easing": "easeInOutBack"
						},
						"7.875": {
							"vector": [0, 37.5, -15],
							"easing": "easeInOutBack"
						},
						"8.0": {
							"vector": [0, 0, 0]
						}
					},
					"position": {
						"0.0": {
							"vector": [0, 0, 0]
						},
						"4.0": {
							"vector": [0, -0.2, 0]
						},
						"7.5833": {
							"vector": [0, 0, 0],
							"easing": "easeInOutBack"
						},
						"7.875": {
							"vector": [0.3, 0, 0.3],
							"easing": "easeInOutBack"
						},
						"8.0": {
							"vector": [0, 0, 0]
						}
					}
				},
				"bone30": {
					"rotation": {
						"0.0": {
							"vector": [0, 0, 0]
						},
						"4.0": {
							"vector": [0, 0, -17.5]
						},
						"7.5833": {
							"vector": [0, 0, 0],
							"easing": "easeInOutBack"
						},
						"7.75": {
							"vector": [0, -40, -17.5],
							"easing": "easeInOutBack"
						},
						"7.875": {
							"vector": [7.09597, 18.74724, 3.67283],
							"easing": "easeInOutBack"
						},
						"8.0": {
							"vector": [0, 0, 0]
						}
					},
					"position": {
						"0.0": {
							"vector": [0, 0, 0]
						},
						"4.0": {
							"vector": [0.3, -0.2, 0]
						},
						"7.5833": {
							"vector": [0, 0, 0],
							"easing": "easeInOutBack"
						},
						"7.75": {
							"vector": [1, -0.2, 0],
							"easing": "easeInOutBack"
						},
						"7.875": {
							"vector": [0.4, 0, 0.5],
							"easing": "easeInOutBack"
						},
						"8.0": {
							"vector": [0, 0, 0]
						}
					}
				}
			}
		}
	},
	"geckolib_format_version": 2
}