{
	"format_version": "1.8.0",
	"animations": {
		"idle": {
			"loop": true,
			"animation_length": 1.75,
			"bones": {
				"tail2": {
					"rotation": {
						"0.0": {
							"vector": [15.0547, -4.82922, -1.29717]
						},
						"0.5": {
							"vector": [15.69284, -16.88547, -4.6653]
						},
						"0.875": {
							"vector": [15.93711, 12.82924, 3.63514]
						},
						"1.2917": {
							"vector": [15.50409, 14.47751, 3.96713]
						},
						"1.6667": {
							"vector": [15.0547, -4.82922, -1.29717]
						}
					}
				},
				"tail3": {
					"rotation": {
						"0.0": {
							"vector": [16.80857, -26.48829, -7.6734]
						},
						"0.5": {
							"vector": [15.91527, -19.291, -5.38152]
						},
						"0.875": {
							"vector": [15.61112, 5.61046, 1.54893]
						},
						"1.2917": {
							"vector": [15.34721, 12.06754, 3.28396]
						},
						"1.6667": {
							"vector": [16.80857, -26.48829, -7.6734]
						}
					}
				},
				"tail4": {
					"rotation": {
						"0.5": {
							"vector": [13.27463, -19.50645, -4.50432]
						},
						"0.875": {
							"vector": [13.84001, 16.19388, 3.98322]
						},
						"1.2917": {
							"vector": [13.4936, 21.93857, 5.123]
						},
						"1.6667": {
							"vector": [13.27463, -19.50645, -4.50432]
						}
					}
				},
				"tail5": {
					"rotation": {
						"0.0": {
							"vector": [17.89807, -11.91276, -3.81397]
						},
						"1.2917": {
							"vector": [18.84359, 21.40584, 7.09999]
						},
						"1.6667": {
							"vector": [17.89807, -11.91276, -3.81397]
						}
					}
				},
				"tail6": {
					"rotation": {
						"0.0": {
							"vector": [17.5, 0, 0]
						},
						"0.1667": {
							"vector": [17.63806, -2.60801, -0.85539]
						},
						"0.5": {
							"vector": [17.51565, -2.38422, -0.7522]
						},
						"0.875": {
							"vector": [18.32897, 2.35487, 0.83189]
						},
						"1.2917": {
							"vector": [17.64168, 7.15102, 2.26708]
						},
						"1.6667": {
							"vector": [17.5, 0, 0]
						}
					}
				},
				"tail9": {
					"rotation": {
						"0.0": {
							"vector": [52.57786, -1.47769, -1.34231]
						},
						"0.5": {
							"vector": [55.49731, 21.63471, 28.20867]
						},
						"0.7083": {
							"vector": [59.31794, 27.03402, 37.45372]
						},
						"1.2917": {
							"vector": [53.99479, -18.74724, -23.85865]
						},
						"1.5": {
							"vector": [59.31794, -27.03402, -37.45372],
							"easing": "linear"
						},
						"1.75": {
							"vector": [52.57786, -1.47769, -1.34231]
						}
					}
				}
			}
		},
		"walk": {
			"loop": true,
			"animation_length": 1.75,
			"bones": {
				"tail2": {
					"rotation": {
						"0.0": {
							"vector": [15.0547, -4.82922, -1.29717]
						},
						"0.5": {
							"vector": [15.69284, -16.88547, -4.6653]
						},
						"0.875": {
							"vector": [15.93711, 12.82924, 3.63514]
						},
						"1.2917": {
							"vector": [15.50409, 14.47751, 3.96713]
						},
						"1.6667": {
							"vector": [15.0547, -4.82922, -1.29717]
						}
					}
				},
				"tail3": {
					"rotation": {
						"0.0": {
							"vector": [16.80857, -26.48829, -7.6734]
						},
						"0.5": {
							"vector": [15.91527, -19.291, -5.38152]
						},
						"0.875": {
							"vector": [15.61112, 5.61046, 1.54893]
						},
						"1.2917": {
							"vector": [15.34721, 12.06754, 3.28396]
						},
						"1.6667": {
							"vector": [16.80857, -26.48829, -7.6734]
						}
					}
				},
				"tail4": {
					"rotation": {
						"0.5": {
							"vector": [13.27463, -19.50645, -4.50432]
						},
						"0.875": {
							"vector": [13.84001, 16.19388, 3.98322]
						},
						"1.2917": {
							"vector": [13.4936, 21.93857, 5.123]
						},
						"1.6667": {
							"vector": [13.27463, -19.50645, -4.50432]
						}
					}
				},
				"tail5": {
					"rotation": {
						"0.0": {
							"vector": [17.89807, -11.91276, -3.81397]
						},
						"1.2917": {
							"vector": [18.84359, 21.40584, 7.09999]
						},
						"1.6667": {
							"vector": [17.89807, -11.91276, -3.81397]
						}
					}
				},
				"tail6": {
					"rotation": {
						"0.0": {
							"vector": [17.5, 0, 0]
						},
						"0.1667": {
							"vector": [17.63806, -2.60801, -0.85539]
						},
						"0.5": {
							"vector": [17.51565, -2.38422, -0.7522]
						},
						"0.875": {
							"vector": [18.32897, 2.35487, 0.83189]
						},
						"1.2917": {
							"vector": [17.64168, 7.15102, 2.26708]
						},
						"1.6667": {
							"vector": [17.5, 0, 0]
						}
					}
				},
				"tail9": {
					"rotation": {
						"0.0": {
							"vector": [52.57786, -1.47769, -1.34231]
						},
						"0.5": {
							"vector": [55.49731, 21.63471, 28.20867]
						},
						"0.7083": {
							"vector": [59.31794, 27.03402, 37.45372]
						},
						"1.2917": {
							"vector": [53.99479, -18.74724, -23.85865]
						},
						"1.5": {
							"vector": [59.31794, -27.03402, -37.45372],
							"easing": "linear"
						},
						"1.75": {
							"vector": [52.57786, -1.47769, -1.34231]
						}
					}
				},
				"EarR4": {
					"rotation": {
						"0.0": {
							"vector": [0, 0, 0]
						},
						"0.2917": {
							"vector": [-10, 0, 0]
						},
						"0.5417": {
							"vector": [0, 0, 0]
						},
						"0.8333": {
							"vector": [-10, 0, 0]
						},
						"1.125": {
							"vector": [0, 0, 0]
						},
						"1.4167": {
							"vector": [-10, 0, 0]
						},
						"1.75": {
							"vector": [0, 0, 0]
						}
					},
					"position": {
						"0.0": {
							"vector": [0, 0, 0]
						},
						"0.2917": {
							"vector": [0, -1, 0]
						},
						"0.5417": {
							"vector": [0, 0, 0]
						},
						"0.8333": {
							"vector": [0, -1, 0]
						},
						"1.125": {
							"vector": [0, 0, 0]
						},
						"1.4167": {
							"vector": [0, -1, 0]
						},
						"1.75": {
							"vector": [0, 0, 0]
						}
					}
				},
				"EarR3": {
					"rotation": {
						"0.0": {
							"vector": [-10, 0, 0]
						},
						"0.2917": {
							"vector": [-15, 0, 0]
						},
						"0.5417": {
							"vector": [-10, 0, 0]
						},
						"0.8333": {
							"vector": [-15, 0, 0]
						},
						"1.125": {
							"vector": [-10, 0, 0]
						},
						"1.4167": {
							"vector": [-15, 0, 0]
						},
						"1.75": {
							"vector": [-10, 0, 0]
						}
					},
					"position": {
						"0.0": {
							"vector": [0, 0, 0]
						},
						"0.2917": {
							"vector": [0, -1, 0]
						},
						"0.5417": {
							"vector": [0, 0, 0]
						},
						"0.8333": {
							"vector": [0, -1, 0]
						},
						"1.125": {
							"vector": [0, 0, 0]
						},
						"1.4167": {
							"vector": [0, -1, 0]
						},
						"1.75": {
							"vector": [0, 0, 0]
						}
					}
				},
				"tail8": {
					"rotation": {
						"0.0": {
							"vector": [-5, 0, 0]
						},
						"0.2917": {
							"vector": [-10, 0, 0]
						},
						"0.5417": {
							"vector": [-5, 0, 0]
						},
						"0.8333": {
							"vector": [-10, 0, 0]
						},
						"1.125": {
							"vector": [-5, 0, 0]
						},
						"1.4167": {
							"vector": [-10, 0, 0]
						},
						"1.75": {
							"vector": [-5, 0, 0]
						}
					},
					"position": {
						"0.0": {
							"vector": [0.29342, -0.002, 0.04359]
						},
						"0.2917": {
							"vector": [0.2679, -0.60774, -0.74759]
						},
						"0.5417": {
							"vector": [0.29342, -0.002, 0.04359]
						},
						"0.8333": {
							"vector": [0.2679, -0.60774, -0.74759]
						},
						"1.125": {
							"vector": [0.29342, -0.002, 0.04359]
						},
						"1.4167": {
							"vector": [0.2679, -0.60774, -0.74759]
						},
						"1.75": {
							"vector": [0.29342, -0.002, 0.04359]
						}
					}
				}
			}
		},
		"run": {
			"loop": true,
			"animation_length": 2,
			"bones": {
				"tail2": {
					"rotation": {
						"0.0": {
							"vector": [12.5, 0, 0]
						},
						"0.2083": {
							"vector": [22.5, 0, 0]
						},
						"0.5": {
							"vector": [-15, 0, 0]
						},
						"0.7083": {
							"vector": [22.5, 0, 0]
						},
						"0.75": {
							"vector": [22.5, 0, 0]
						},
						"1.0": {
							"vector": [-15, 0, 0]
						},
						"1.2083": {
							"vector": [22.5, 0, 0]
						},
						"1.5": {
							"vector": [-15, 0, 0]
						},
						"1.7083": {
							"vector": [22.5, 0, 0]
						},
						"2.0": {
							"vector": [12.5, 0, 0]
						}
					}
				},
				"tail3": {
					"rotation": {
						"0.0": {
							"vector": [7.5, 0, 0]
						},
						"0.1667": {
							"vector": [5, 0, 0]
						},
						"0.4167": {
							"vector": [-12.5, 0, 0]
						},
						"0.5": {
							"vector": [7.5, 0, 0]
						},
						"0.6667": {
							"vector": [5, 0, 0]
						},
						"0.7083": {
							"vector": [5, 0, 0]
						},
						"0.9167": {
							"vector": [-12.5, 0, 0]
						},
						"1.0": {
							"vector": [7.5, 0, 0]
						},
						"1.1667": {
							"vector": [5, 0, 0]
						},
						"1.4167": {
							"vector": [-12.5, 0, 0]
						},
						"1.5": {
							"vector": [7.5, 0, 0]
						},
						"1.6667": {
							"vector": [5, 0, 0]
						},
						"1.9167": {
							"vector": [-12.5, 0, 0]
						},
						"2.0": {
							"vector": [7.5, 0, 0]
						}
					}
				},
				"tail4": {
					"rotation": {
						"0.0": {
							"vector": [2.5, 0, 0]
						},
						"0.125": {
							"vector": [12.5, 0, 0]
						},
						"0.375": {
							"vector": [-7.5, 0, 0]
						},
						"0.5": {
							"vector": [2.5, 0, 0]
						},
						"0.625": {
							"vector": [12.5, 0, 0]
						},
						"0.6667": {
							"vector": [12.5, 0, 0]
						},
						"0.875": {
							"vector": [-7.5, 0, 0]
						},
						"1.0": {
							"vector": [2.5, 0, 0]
						},
						"1.125": {
							"vector": [12.5, 0, 0]
						},
						"1.375": {
							"vector": [-7.5, 0, 0]
						},
						"1.5": {
							"vector": [2.5, 0, 0]
						},
						"1.625": {
							"vector": [12.5, 0, 0]
						},
						"1.875": {
							"vector": [-7.5, 0, 0]
						},
						"2.0": {
							"vector": [2.5, 0, 0]
						}
					}
				},
				"tail5": {
					"rotation": {
						"0.0": {
							"vector": [0, 0, 0]
						},
						"0.0833": {
							"vector": [10, 0, 0]
						},
						"0.3333": {
							"vector": [-10, 0, 0]
						},
						"0.5": {
							"vector": [0, 0, 0]
						},
						"0.5833": {
							"vector": [10, 0, 0]
						},
						"0.625": {
							"vector": [10, 0, 0]
						},
						"0.8333": {
							"vector": [-10, 0, 0]
						},
						"1.0": {
							"vector": [0, 0, 0]
						},
						"1.0833": {
							"vector": [10, 0, 0]
						},
						"1.3333": {
							"vector": [-10, 0, 0]
						},
						"1.5": {
							"vector": [0, 0, 0]
						},
						"1.5833": {
							"vector": [10, 0, 0]
						},
						"1.8333": {
							"vector": [-10, 0, 0]
						},
						"2.0": {
							"vector": [0, 0, 0]
						}
					}
				},
				"tail6": {
					"rotation": {
						"0.0": {
							"vector": [2.5, 0, 0]
						},
						"0.0417": {
							"vector": [7.5, 0, 0]
						},
						"0.2917": {
							"vector": [0, 0, 0]
						},
						"0.5": {
							"vector": [2.5, 0, 0]
						},
						"0.5417": {
							"vector": [7.5, 0, 0]
						},
						"0.5833": {
							"vector": [7.5, 0, 0]
						},
						"0.7917": {
							"vector": [0, 0, 0]
						},
						"1.0": {
							"vector": [2.5, 0, 0]
						},
						"1.0417": {
							"vector": [7.5, 0, 0]
						},
						"1.2917": {
							"vector": [0, 0, 0]
						},
						"1.5": {
							"vector": [2.5, 0, 0]
						},
						"1.5417": {
							"vector": [7.5, 0, 0]
						},
						"1.7917": {
							"vector": [0, 0, 0]
						},
						"2.0": {
							"vector": [2.5, 0, 0]
						}
					}
				},
				"tail9": {
					"rotation": {
						"0.0": {
							"vector": [40, 0, 0]
						},
						"0.25": {
							"vector": [5, 0, 0]
						},
						"0.5": {
							"vector": [40, 0, 0]
						},
						"0.75": {
							"vector": [5, 0, 0]
						},
						"1.0": {
							"vector": [40, 0, 0]
						},
						"1.25": {
							"vector": [5, 0, 0]
						},
						"1.5": {
							"vector": [40, 0, 0]
						},
						"1.75": {
							"vector": [5, 0, 0]
						},
						"2.0": {
							"vector": [40, 0, 0]
						}
					},
					"position": {
						"vector": [0, 2, 0]
					}
				},
				"EarR4": {
					"rotation": {
						"0.0": {
							"vector": [-60, 0, 0]
						},
						"0.3333": {
							"vector": [-45, 0, 0]
						},
						"0.6667": {
							"vector": [-60, 0, 0]
						},
						"0.9583": {
							"vector": [-45, 0, 0]
						},
						"1.25": {
							"vector": [-60, 0, 0]
						},
						"1.625": {
							"vector": [-45, 0, 0]
						},
						"2.0": {
							"vector": [-60, 0, 0]
						}
					},
					"position": {
						"0.0": {
							"vector": [0, -3, 2]
						},
						"0.3333": {
							"vector": [0, -2, 2]
						},
						"0.6667": {
							"vector": [0, -3, 2]
						},
						"0.9583": {
							"vector": [0, -2, 2]
						},
						"1.25": {
							"vector": [0, -3, 2]
						},
						"1.625": {
							"vector": [0, -2, 2]
						},
						"2.0": {
							"vector": [0, -3, 2]
						}
					}
				},
				"EarR3": {
					"rotation": {
						"0.0": {
							"vector": [-60, 0, 0]
						},
						"0.3333": {
							"vector": [-45, 0, 0]
						},
						"0.6667": {
							"vector": [-60, 0, 0]
						},
						"0.9583": {
							"vector": [-45, 0, 0]
						},
						"1.25": {
							"vector": [-60, 0, 0]
						},
						"1.625": {
							"vector": [-45, 0, 0]
						},
						"2.0": {
							"vector": [-60, 0, 0]
						}
					},
					"position": {
						"0.0": {
							"vector": [0, -3, 2]
						},
						"0.3333": {
							"vector": [0, -2, 2]
						},
						"0.6667": {
							"vector": [0, -3, 2]
						},
						"0.9583": {
							"vector": [0, -2, 2]
						},
						"1.25": {
							"vector": [0, -3, 2]
						},
						"1.625": {
							"vector": [0, -2, 2]
						},
						"2.0": {
							"vector": [0, -3, 2]
						}
					}
				},
				"tail7": {
					"rotation": {
						"0.0": {
							"vector": [0, 0, 0]
						},
						"0.25": {
							"vector": [0, 0, 0]
						},
						"0.5": {
							"vector": [0, 0, 0]
						},
						"0.5417": {
							"vector": [0, 0, 0]
						},
						"0.75": {
							"vector": [0, 0, 0]
						},
						"1.0": {
							"vector": [0, 0, 0]
						},
						"1.0417": {
							"vector": [0, 0, 0]
						},
						"1.25": {
							"vector": [0, 0, 0]
						},
						"1.5": {
							"vector": [0, 0, 0]
						},
						"1.5417": {
							"vector": [0, 0, 0]
						},
						"1.75": {
							"vector": [0, 0, 0]
						},
						"2.0": {
							"vector": [0, 0, 0]
						}
					}
				}
			}
		},
		"crouch": {
			"loop": true,
			"animation_length": 1.16667,
			"bones": {
				"tail2": {
					"rotation": {
						"0.0": {
							"vector": [15.0547, -4.82922, -1.29717]
						},
						"0.3333": {
							"vector": [15.69284, -16.88547, -4.6653]
						},
						"0.5417": {
							"vector": [15.93711, 12.82924, 3.63514]
						},
						"0.875": {
							"vector": [15.50409, 14.47751, 3.96713]
						},
						"1.0833": {
							"vector": [15.0547, -4.82922, -1.29717]
						}
					}
				},
				"tail3": {
					"rotation": {
						"0.0": {
							"vector": [16.80857, -26.48829, -7.6734]
						},
						"0.3333": {
							"vector": [15.91527, -19.291, -5.38152]
						},
						"0.5417": {
							"vector": [15.61112, 5.61046, 1.54893]
						},
						"0.875": {
							"vector": [15.34721, 12.06754, 3.28396]
						},
						"1.0833": {
							"vector": [16.80857, -26.48829, -7.6734]
						}
					}
				},
				"tail4": {
					"rotation": {
						"0.0": {
							"vector": [12.92638, 14.63639, 3.31914]
						},
						"0.3333": {
							"vector": [12.54624, -4.88119, -1.08482]
						},
						"0.5417": {
							"vector": [13.28202, -0.82568, -0.14219]
						},
						"0.875": {
							"vector": [12.54624, -4.88119, -1.08482]
						},
						"1.0833": {
							"vector": [12.92638, 14.63639, 3.31914]
						}
					}
				},
				"tail5": {
					"rotation": {
						"0.0": {
							"vector": [17.89807, -11.91276, -3.81397]
						},
						"0.875": {
							"vector": [18.84359, 21.40584, 7.09999]
						},
						"1.0833": {
							"vector": [17.89807, -11.91276, -3.81397]
						}
					}
				},
				"tail6": {
					"rotation": {
						"0.0": {
							"vector": [17.5, 0, 0]
						},
						"0.0833": {
							"vector": [17.63806, -2.60801, -0.85539]
						},
						"0.3333": {
							"vector": [17.51565, -2.38422, -0.7522]
						},
						"0.5417": {
							"vector": [18.32897, 2.35487, 0.83189]
						},
						"0.875": {
							"vector": [17.64168, 7.15102, 2.26708]
						},
						"1.0833": {
							"vector": [17.5, 0, 0]
						}
					}
				},
				"tail9": {
					"rotation": {
						"0.0": {
							"vector": [22.57786, -1.47769, -1.34231]
						},
						"0.3333": {
							"vector": [22.60753, 3.21154, 3.83424]
						},
						"0.4583": {
							"vector": [17.74222, 4.81281, 5.7589]
						},
						"0.875": {
							"vector": [20.10753, -3.21154, -3.83424]
						},
						"1.0": {
							"vector": [15.43131, -6.40865, -7.69263],
							"easing": "linear"
						},
						"1.1667": {
							"vector": [22.57786, -1.47769, -1.34231]
						}
					},
					"position": {
						"vector": [0, 12, 8]
					}
				}
			}
		}
	},
	"geckolib_format_version": 2
}