{
	"format_version": "1.12.0",
	"minecraft:geometry": [
		{
			"description": {
				"identifier": "geometry.unknown",
				"texture_width": 64,
				"texture_height": 64,
				"visible_bounds_width": 2,
				"visible_bounds_height": 2.5,
				"visible_bounds_offset": [0, 0.75, 0]
			},
			"bones": [
				{
					"name": "bipedHead",
					"pivot": [0, 24, 0]
				},
				{
					"name": "armorHead",
					"parent": "bipedHead",
					"pivot": [0, 4.5, -0.3],
					"cubes": [
						{"origin": [-2.5, 4, -2.5], "size": [5, 5, 5], "uv": [32, 0]},
						{"origin": [-3.5, 5.5, -2.6], "size": [3, 2, 0], "uv": [48, 10]},
						{"origin": [0.5, 5.5, -2.6], "size": [3, 2, 0], "uv": [48, 10], "mirror": true},
						{"origin": [-2.75, 3.75, -2.75], "size": [5.5, 5.5, 5.5], "uv": [20, 26]}
					]
				},
				{
					"name": "bone3",
					"parent": "armorHead",
					"pivot": [2.98697, 9.08125, 0.69704],
					"cubes": [
						{"origin": [2, 7.15, -4], "size": [2, 4, 2], "pivot": [3, 7, -5], "rotation": [0, -20, 0], "uv": [0, 0]},
						{"origin": [2, 7.15, -2], "size": [2, 2, 2], "pivot": [3, 7, -5], "rotation": [0, -20, 0], "uv": [15, 26]}
					]
				},
				{
					"name": "bone12",
					"parent": "bone3",
					"pivot": [4, 9.5125, 3.575],
					"cubes": [
						{"origin": [1.5, 7, 1], "size": [5, 5, 5], "uv": [0, 26]},
						{"origin": [1.2, 6.7, 0.8], "size": [5.6, 5.65, 5.7], "uv": [0, 16]}
					]
				},
				{
					"name": "bone",
					"parent": "armorHead",
					"pivot": [0, 24, 0]
				},
				{
					"name": "bone2",
					"parent": "bone",
					"pivot": [0, 24, 0],
					"cubes": [
						{"origin": [-4, 7.15, -4], "size": [2, 4, 2], "pivot": [-3, 7, -5], "rotation": [0, 20, 0], "uv": [0, 0]},
						{"origin": [-4, 7.15, -2], "size": [2, 2, 2], "pivot": [-3, 7, -5], "rotation": [0, 20, 0], "uv": [15, 26]}
					]
				},
				{
					"name": "bone13",
					"parent": "bone2",
					"pivot": [-4, 9.5, 3.5],
					"cubes": [
						{"origin": [-6.75, 6.75, 0.75], "size": [5.5, 5.5, 5.5], "uv": [0, 16]},
						{"origin": [-6.5, 7, 1], "size": [5, 5, 5], "uv": [0, 26]}
					]
				},
				{
					"name": "bipedBody",
					"pivot": [0, 24, 0]
				},
				{
					"name": "armorBody",
					"parent": "bipedBody",
					"pivot": [0, 3, 0]
				},
				{
					"name": "bone4",
					"parent": "armorBody",
					"pivot": [0, 0, 0]
				},
				{
					"name": "bone5",
					"parent": "bone4",
					"pivot": [0, 2.5, 0],
					"cubes": [
						{"origin": [-1.5, 1, -1], "size": [3, 3, 2], "uv": [15, 16]}
					]
				},
				{
					"name": "bone6",
					"parent": "bone5",
					"pivot": [1.25, 3, 1.1],
					"cubes": [
						{"origin": [0.25, 2, 1.1], "size": [2, 2, 0], "uv": [4, 6]}
					]
				},
				{
					"name": "bone7",
					"parent": "bone5",
					"pivot": [0, 24, 0],
					"cubes": [
						{"origin": [-2.25, 2, 1.1], "size": [2, 2, 0], "uv": [0, 6]}
					]
				},
				{
					"name": "bone8",
					"parent": "bone4",
					"pivot": [-1, 1.5, 0],
					"cubes": [
						{"origin": [-1.5, 0, -0.5], "size": [1, 1, 1], "uv": [21, 26]}
					]
				},
				{
					"name": "bone9",
					"parent": "bone4",
					"pivot": [-2, 3.5, 0],
					"cubes": [
						{"origin": [-2.5, 1, -0.5], "size": [1, 3, 1], "uv": [0, 26]}
					]
				},
				{
					"name": "bone10",
					"parent": "bone4",
					"pivot": [2, 3.5, 0],
					"cubes": [
						{"origin": [1.5, 1, -0.5], "size": [1, 3, 1], "uv": [0, 16]}
					]
				},
				{
					"name": "bone11",
					"parent": "bone4",
					"pivot": [1, 1.5, 0],
					"cubes": [
						{"origin": [0.5, 0, -0.5], "size": [1, 1, 1], "uv": [24, 6]}
					]
				},
				{
					"name": "bipedRightArm",
					"pivot": [-4, 22, 0]
				},
				{
					"name": "armorRightArm",
					"parent": "bipedRightArm",
					"pivot": [-4, 22, 0]
				},
				{
					"name": "bipedLeftArm",
					"pivot": [4, 22, 0]
				},
				{
					"name": "armorLeftArm",
					"parent": "bipedLeftArm",
					"pivot": [4, 22, 0]
				},
				{
					"name": "bipedLeftLeg",
					"pivot": [2, 12, 0]
				},
				{
					"name": "armorLeftLeg",
					"parent": "bipedLeftLeg",
					"pivot": [2, 12, 0]
				},
				{
					"name": "armorLeftBoot",
					"parent": "bipedLeftLeg",
					"pivot": [2, 12, 0]
				},
				{
					"name": "bipedRightLeg",
					"pivot": [-2, 12, 0]
				},
				{
					"name": "armorRightLeg",
					"parent": "bipedRightLeg",
					"pivot": [-2, 12, 0]
				},
				{
					"name": "armorRightBoot",
					"parent": "bipedRightLeg",
					"pivot": [-2, 12, 0]
				}
			]
		}
	]
}