{
	"format_version": "1.12.0",
	"minecraft:geometry": [
		{
			"description": {
				"identifier": "geometry.unknown",
				"texture_width": 64,
				"texture_height": 64,
				"visible_bounds_width": 4,
				"visible_bounds_height": 5,
				"visible_bounds_offset": [0, 1.5, 0]
			},
			"bones": [
				{
					"name": "bipedHead",
					"pivot": [0, 24, 0]
				},
				{
					"name": "armorHead",
					"parent": "bipedHead",
					"pivot": [0, 24, 0],
					"cubes": [
						{
							"origin": [2, 31, -1],
							"size": [3, 8, 0],
							"pivot": [3, 32, -1],
							"rotation": [0, -22.5, 0],
							"uv": {
								"north": {"uv": [0, 0], "uv_size": [12, 32]},
								"east": {"uv": [0, 0], "uv_size": [0, 32]},
								"south": {"uv": [12, 0], "uv_size": [12, 32]},
								"west": {"uv": [0, 0], "uv_size": [0, 32]},
								"up": {"uv": [0, 0], "uv_size": [12, 0]},
								"down": {"uv": [0, 0], "uv_size": [12, 0]}
							}
						},
						{
							"origin": [2, 31, -3],
							"size": [0, 8, 2],
							"pivot": [3, 32, -1],
							"rotation": [0, -22.5, 0],
							"uv": {
								"north": {"uv": [0, 0], "uv_size": [0, 32]},
								"east": {"uv": [12, 32], "uv_size": [8, 32]},
								"south": {"uv": [0, 0], "uv_size": [0, 32]},
								"west": {"uv": [20, 32], "uv_size": [8, 32]},
								"up": {"uv": [0, 0], "uv_size": [0, 8]},
								"down": {"uv": [0, 8], "uv_size": [0, -8]}
							}
						},
						{
							"origin": [-2, 31, -3],
							"size": [0, 8, 2],
							"pivot": [-3, 32, -1],
							"rotation": [0, 22.5, 0],
							"uv": {
								"north": {"uv": [0, 0], "uv_size": [0, 32]},
								"east": {"uv": [28, 32], "uv_size": [8, 32]},
								"south": {"uv": [0, 0], "uv_size": [0, 32]},
								"west": {"uv": [36, 0], "uv_size": [8, 32]},
								"up": {"uv": [0, 0], "uv_size": [0, 8]},
								"down": {"uv": [0, 8], "uv_size": [0, -8]}
							}
						},
						{
							"origin": [-5, 31, -1],
							"size": [3, 8, 0],
							"pivot": [-3, 32, -1],
							"rotation": [0, 22.5, 0],
							"uv": {
								"north": {"uv": [24, 0], "uv_size": [12, 32]},
								"east": {"uv": [0, 0], "uv_size": [0, 32]},
								"south": {"uv": [0, 32], "uv_size": [12, 32]},
								"west": {"uv": [0, 0], "uv_size": [0, 32]},
								"up": {"uv": [0, 0], "uv_size": [12, 0]},
								"down": {"uv": [0, 0], "uv_size": [12, 0]}
							}
						},
						{
							"origin": [2, 32, -2],
							"size": [3, 3, 0],
							"pivot": [3, 33, -2],
							"rotation": [0, 45, 0],
							"uv": {
								"north": {"uv": [44, 12], "uv_size": [12, 12]},
								"east": {"uv": [0, 0], "uv_size": [0, 12]},
								"south": {"uv": [36, 44], "uv_size": [12, 12]},
								"west": {"uv": [0, 0], "uv_size": [0, 12]},
								"up": {"uv": [0, 0], "uv_size": [12, 0]},
								"down": {"uv": [0, 0], "uv_size": [12, 0]}
							}
						},
						{
							"origin": [-5, 32, -2],
							"size": [3, 3, 0],
							"pivot": [-3, 33, -2],
							"rotation": [0, -45, 0],
							"uv": {
								"north": {"uv": [36, 32], "uv_size": [12, 12]},
								"east": {"uv": [0, 0], "uv_size": [0, 12]},
								"south": {"uv": [44, 0], "uv_size": [12, 12]},
								"west": {"uv": [0, 0], "uv_size": [0, 12]},
								"up": {"uv": [0, 0], "uv_size": [12, 0]},
								"down": {"uv": [0, 0], "uv_size": [12, 0]}
							}
						}
					]
				},
				{
					"name": "bipedBody",
					"pivot": [0, 24, 0]
				},
				{
					"name": "armorBody",
					"parent": "bipedBody",
					"pivot": [0, 24, 0]
				},
				{
					"name": "bipedRightArm",
					"pivot": [-4, 22, 0]
				},
				{
					"name": "armorRightArm",
					"parent": "bipedRightArm",
					"pivot": [-4, 22, 0]
				},
				{
					"name": "bipedLeftArm",
					"pivot": [4, 22, 0]
				},
				{
					"name": "armorLeftArm",
					"parent": "bipedLeftArm",
					"pivot": [4, 22, 0]
				},
				{
					"name": "bipedLeftLeg",
					"pivot": [-2, 12, 0]
				},
				{
					"name": "armorLeftLeg",
					"parent": "bipedLeftLeg",
					"pivot": [-2, 12, 0]
				},
				{
					"name": "armorLeftBoot",
					"parent": "bipedLeftLeg",
					"pivot": [-2, 12, 0]
				},
				{
					"name": "bipedRightLeg",
					"pivot": [2, 12, 0]
				},
				{
					"name": "armorRightLeg",
					"parent": "bipedRightLeg",
					"pivot": [2, 12, 0]
				},
				{
					"name": "armorRightBoot",
					"parent": "bipedRightLeg",
					"pivot": [2, 12, 0]
				}
			]
		}
	]
}