{
	"format_version": "1.8.0",
	"animations": {
		"idle": {
			"loop": true,
			"animation_length": 2,
			"bones": {
				"rightwing": {
					"rotation": {
						"0.0": {
							"vector": [0, 0, 0]
						},
						"0.5": {
							"vector": [0, -10, 0],
							"easing": "easeInOutQuad"
						},
						"1.0": {
							"vector": [0, 0, 0]
						},
						"1.5": {
							"vector": [0, -10, 0],
							"easing": "easeInOutQuad"
						},
						"2.0": {
							"vector": [0, 0, 0],
							"easing": "easeInOutQuad"
						}
					}
				},
				"bone4": {
					"rotation": {
						"0.0": {
							"vector": [0, 0, 0]
						},
						"0.5": {
							"vector": [0, -22.5, 0],
							"easing": "easeInOutQuad"
						},
						"1.0": {
							"vector": [0, 0, 0]
						},
						"1.5": {
							"vector": [0, -22.5, 0],
							"easing": "easeInOutQuad"
						},
						"2.0": {
							"vector": [0, 0, 0],
							"easing": "easeInOutQuad"
						}
					}
				},
				"leftwing": {
					"rotation": {
						"0.0": {
							"vector": [0, 0, 0]
						},
						"0.5": {
							"vector": [0, 27.5, 0],
							"easing": "easeInOutQuad"
						},
						"1.0": {
							"vector": [0, 0, 0]
						},
						"1.5": {
							"vector": [0, 27.5, 0],
							"easing": "easeInOutQuad"
						},
						"2.0": {
							"vector": [0, 0, 0],
							"easing": "easeInOutQuad"
						}
					}
				},
				"tail": {
					"rotation": {
						"vector": [-37.5, 0, 0]
					}
				},
				"bone8": {
					"rotation": {
						"0.0": {
							"vector": [0, 10, 0],
							"easing": "easeInOutQuad"
						},
						"1.0": {
							"vector": [0, -12.5, 0],
							"easing": "easeInOutCubic"
						},
						"2.0": {
							"vector": [0, 10, 0],
							"easing": "easeInOutCubic"
						}
					}
				},
				"bone9": {
					"rotation": {
						"0.0": {
							"vector": [0, 15, 0],
							"easing": "easeInOutQuad"
						},
						"1.0": {
							"vector": [0, -17.5, 0],
							"easing": "easeInOutCubic"
						},
						"2.0": {
							"vector": [0, 15, 0],
							"easing": "easeInOutCubic"
						}
					}
				},
				"bone10": {
					"rotation": {
						"0.0": {
							"vector": [0, 12.5, 0],
							"easing": "easeInOutQuad"
						},
						"1.0": {
							"vector": [0, -20, 0],
							"easing": "easeInOutCubic"
						},
						"2.0": {
							"vector": [0, 12.5, 0],
							"easing": "easeInOutCubic"
						}
					}
				},
				"bone11": {
					"rotation": {
						"0.0": {
							"vector": [0, 17.5, 0],
							"easing": "easeInOutQuad"
						},
						"1.0": {
							"vector": [0, -17.5, 0],
							"easing": "easeInOutCubic"
						},
						"2.0": {
							"vector": [0, 17.5, 0],
							"easing": "easeInOutCubic"
						}
					}
				},
				"bone12": {
					"rotation": {
						"0.0": {
							"vector": [10, 15, 0],
							"easing": "easeInOutQuad"
						},
						"1.0": {
							"vector": [10, -15, 0],
							"easing": "easeInOutCubic"
						},
						"2.0": {
							"vector": [10, 15, 0],
							"easing": "easeInOutCubic"
						}
					}
				},
				"bone13": {
					"rotation": {
						"0.0": {
							"vector": [15, 15, 0],
							"easing": "easeInOutQuad"
						},
						"1.0": {
							"vector": [17.5, -15, 0],
							"easing": "easeInOutCubic"
						},
						"2.0": {
							"vector": [15, 15, 0],
							"easing": "easeInOutCubic"
						}
					}
				},
				"bone6": {
					"rotation": {
						"0.0": {
							"vector": [0, 0, 0]
						},
						"0.5": {
							"vector": [0, 2.5, 0],
							"easing": "easeInOutQuad"
						},
						"1.0": {
							"vector": [0, 0, 0]
						},
						"1.5": {
							"vector": [0, 2.5, 0],
							"easing": "easeInOutQuad"
						},
						"2.0": {
							"vector": [0, 0, 0],
							"easing": "easeInOutQuad"
						}
					}
				},
				"bone14": {
					"rotation": {
						"vector": [40, 0, 0]
					}
				},
				"bone15": {
					"rotation": {
						"vector": [0, 0, 20]
					},
					"position": {
						"vector": [0, 0.5, 0]
					}
				},
				"bone16": {
					"rotation": {
						"vector": [-19.9299, 1.70818, 4.69986]
					}
				},
				"bone17": {
					"rotation": {
						"vector": [-19.71975, -3.40487, -9.40804]
					}
				},
				"bone18": {
					"rotation": {
						"vector": [0, 0, -10]
					}
				},
				"bone23": {
					"rotation": {
						"vector": [25, 0, 0]
					},
					"position": {
						"vector": [0, 0.6, 0]
					}
				},
				"bone24": {
					"rotation": {
						"vector": [7.58417, 0.78814, -22.35306]
					},
					"position": {
						"vector": [0, 0.25, 0]
					}
				},
				"bone25": {
					"rotation": {
						"vector": [-5, 0, 7.5]
					},
					"position": {
						"vector": [0, 0, 0]
					}
				},
				"bone26": {
					"rotation": {
						"vector": [-21.80633, 5.68422, 13.9042]
					}
				},
				"bone27": {
					"rotation": {
						"vector": [0, 0, 0]
					}
				}
			}
		},
		"walk": {
			"loop": true,
			"animation_length": 2,
			"bones": {
				"rightwing": {
					"rotation": {
						"0.0": {
							"vector": [0, 0, 0]
						},
						"0.5": {
							"vector": [0, -10, 0],
							"easing": "easeInOutQuad"
						},
						"1.0": {
							"vector": [0, 0, 0]
						},
						"1.5": {
							"vector": [0, -10, 0],
							"easing": "easeInOutQuad"
						},
						"2.0": {
							"vector": [0, 0, 0],
							"easing": "easeInOutQuad"
						}
					}
				},
				"bone4": {
					"rotation": {
						"0.0": {
							"vector": [0, 0, 0]
						},
						"0.5": {
							"vector": [0, -22.5, 0],
							"easing": "easeInOutQuad"
						},
						"1.0": {
							"vector": [0, 0, 0]
						},
						"1.5": {
							"vector": [0, -22.5, 0],
							"easing": "easeInOutQuad"
						},
						"2.0": {
							"vector": [0, 0, 0],
							"easing": "easeInOutQuad"
						}
					}
				},
				"leftwing": {
					"rotation": {
						"0.0": {
							"vector": [0, 0, 0]
						},
						"0.5": {
							"vector": [0, 27.5, 0],
							"easing": "easeInOutQuad"
						},
						"1.0": {
							"vector": [0, 0, 0]
						},
						"1.5": {
							"vector": [0, 27.5, 0],
							"easing": "easeInOutQuad"
						},
						"2.0": {
							"vector": [0, 0, 0],
							"easing": "easeInOutQuad"
						}
					}
				},
				"tail": {
					"rotation": {
						"0.0": {
							"vector": [-37.5, 0, 0]
						},
						"0.25": {
							"vector": [-25, 0, 0]
						},
						"0.5": {
							"vector": [-37.5, 0, 0]
						},
						"0.75": {
							"vector": [-25, 0, 0]
						},
						"1.0": {
							"vector": [-37.5, 0, 0]
						},
						"1.25": {
							"vector": [-25, 0, 0]
						},
						"1.5": {
							"vector": [-37.5, 0, 0]
						},
						"1.75": {
							"vector": [-25, 0, 0]
						},
						"2.0": {
							"vector": [-37.5, 0, 0]
						}
					}
				},
				"bone8": {
					"rotation": {
						"0.0": {
							"vector": [0, 10, 0],
							"easing": "easeInOutQuad"
						},
						"1.0": {
							"vector": [0, -12.5, 0],
							"easing": "easeInOutCubic"
						},
						"2.0": {
							"vector": [0, 10, 0],
							"easing": "easeInOutCubic"
						}
					}
				},
				"bone9": {
					"rotation": {
						"0.0": {
							"vector": [0, 15, 0],
							"easing": "easeInOutQuad"
						},
						"1.0": {
							"vector": [0, -17.5, 0],
							"easing": "easeInOutCubic"
						},
						"2.0": {
							"vector": [0, 15, 0],
							"easing": "easeInOutCubic"
						}
					}
				},
				"bone10": {
					"rotation": {
						"0.0": {
							"vector": [0, 12.5, 0],
							"easing": "easeInOutQuad"
						},
						"1.0": {
							"vector": [0, -20, 0],
							"easing": "easeInOutCubic"
						},
						"2.0": {
							"vector": [0, 12.5, 0],
							"easing": "easeInOutCubic"
						}
					}
				},
				"bone11": {
					"rotation": {
						"0.0": {
							"vector": [0, 17.5, 0],
							"easing": "easeInOutQuad"
						},
						"1.0": {
							"vector": [0, -17.5, 0],
							"easing": "easeInOutCubic"
						},
						"2.0": {
							"vector": [0, 17.5, 0],
							"easing": "easeInOutCubic"
						}
					}
				},
				"bone12": {
					"rotation": {
						"0.0": {
							"vector": [10, 15, 0],
							"easing": "easeInOutQuad"
						},
						"1.0": {
							"vector": [10, -15, 0],
							"easing": "easeInOutCubic"
						},
						"2.0": {
							"vector": [10, 15, 0],
							"easing": "easeInOutCubic"
						}
					}
				},
				"bone13": {
					"rotation": {
						"0.0": {
							"vector": [15, 15, 0],
							"easing": "easeInOutQuad"
						},
						"1.0": {
							"vector": [17.5, -15, 0],
							"easing": "easeInOutCubic"
						},
						"2.0": {
							"vector": [15, 15, 0],
							"easing": "easeInOutCubic"
						}
					}
				},
				"bone6": {
					"rotation": {
						"0.0": {
							"vector": [0, 0, 0]
						},
						"0.5": {
							"vector": [0, 2.5, 0],
							"easing": "easeInOutQuad"
						},
						"1.0": {
							"vector": [0, 0, 0]
						},
						"1.5": {
							"vector": [0, 2.5, 0],
							"easing": "easeInOutQuad"
						},
						"2.0": {
							"vector": [0, 0, 0],
							"easing": "easeInOutQuad"
						}
					}
				},
				"bone14": {
					"rotation": {
						"vector": [40, 0, 0]
					}
				},
				"bone15": {
					"rotation": {
						"vector": [0, 0, 20]
					},
					"position": {
						"vector": [0, 0.5, 0]
					}
				},
				"bone16": {
					"rotation": {
						"vector": [-19.9299, 1.70818, 4.69986]
					}
				},
				"bone17": {
					"rotation": {
						"vector": [-19.71975, -3.40487, -9.40804]
					}
				},
				"bone18": {
					"rotation": {
						"vector": [0, 0, -10]
					}
				},
				"bone23": {
					"rotation": {
						"vector": [25, 0, 0]
					},
					"position": {
						"vector": [0, 0.6, 0]
					}
				},
				"bone24": {
					"rotation": {
						"vector": [7.58417, 0.78814, -22.35306]
					},
					"position": {
						"vector": [0, 0.25, 0]
					}
				},
				"bone25": {
					"rotation": {
						"vector": [-5, 0, 7.5]
					},
					"position": {
						"vector": [0, 0, 0]
					}
				},
				"bone26": {
					"rotation": {
						"vector": [-21.80633, 5.68422, 13.9042]
					}
				},
				"bone27": {
					"rotation": {
						"vector": [0, 0, 0]
					}
				},
				"bone22": {
					"position": {
						"vector": [0, 0, 0]
					}
				},
				"bone5": {
					"position": {
						"vector": [0, 0, 0]
					}
				},
				"boobs": {
					"position": {
						"0.0": {
							"vector": [0, 0, 0]
						},
						"0.25": {
							"vector": [0, -0.5, 0]
						},
						"0.5": {
							"vector": [0, 0, 0]
						},
						"0.75": {
							"vector": [0, -0.5, 0]
						},
						"1.0": {
							"vector": [0, 0, 0]
						},
						"1.25": {
							"vector": [0, -0.5, 0]
						},
						"1.5": {
							"vector": [0, 0, 0]
						},
						"1.75": {
							"vector": [0, -0.5, 0]
						},
						"2.0": {
							"vector": [0, 0, 0]
						}
					}
				}
			}
		},
		"run": {
			"loop": true,
			"animation_length": 2,
			"bones": {
				"rightwing": {
					"rotation": {
						"0.0": {
							"vector": [0, 0, 0]
						},
						"0.5": {
							"vector": [0, -10, 0],
							"easing": "easeInOutQuad"
						},
						"1.0": {
							"vector": [0, 0, 0]
						},
						"1.5": {
							"vector": [0, -10, 0],
							"easing": "easeInOutQuad"
						},
						"2.0": {
							"vector": [0, 0, 0],
							"easing": "easeInOutQuad"
						}
					}
				},
				"bone4": {
					"rotation": {
						"0.0": {
							"vector": [0, 0, 0]
						},
						"0.5": {
							"vector": [0, -22.5, 0],
							"easing": "easeInOutQuad"
						},
						"1.0": {
							"vector": [0, 0, 0]
						},
						"1.5": {
							"vector": [0, -22.5, 0],
							"easing": "easeInOutQuad"
						},
						"2.0": {
							"vector": [0, 0, 0],
							"easing": "easeInOutQuad"
						}
					}
				},
				"leftwing": {
					"rotation": {
						"0.0": {
							"vector": [0, 0, 0]
						},
						"0.5": {
							"vector": [0, 27.5, 0],
							"easing": "easeInOutQuad"
						},
						"1.0": {
							"vector": [0, 0, 0]
						},
						"1.5": {
							"vector": [0, 27.5, 0],
							"easing": "easeInOutQuad"
						},
						"2.0": {
							"vector": [0, 0, 0],
							"easing": "easeInOutQuad"
						}
					}
				},
				"tail": {
					"rotation": {
						"0.0": {
							"vector": [20, 0, 0]
						},
						"0.5": {
							"vector": [-15, 0, 0]
						},
						"1.0": {
							"vector": [20, 0, 0]
						},
						"1.5": {
							"vector": [-15, 0, 0]
						},
						"2.0": {
							"vector": [20, 0, 0]
						}
					}
				},
				"bone8": {
					"rotation": {
						"0.0": {
							"vector": [-7.5, 0, 0]
						},
						"0.25": {
							"vector": [10, 0, 0]
						},
						"0.5": {
							"vector": [10, 0, 0]
						},
						"0.75": {
							"vector": [-7.5, 0, 0]
						},
						"1.0": {
							"vector": [-7.5, 0, 0]
						},
						"1.25": {
							"vector": [10, 0, 0]
						},
						"1.5": {
							"vector": [10, 0, 0]
						},
						"1.75": {
							"vector": [-7.5, 0, 0]
						},
						"2.0": {
							"vector": [-7.5, 0, 0]
						}
					}
				},
				"bone9": {
					"rotation": {
						"0.0": {
							"vector": [-10, 0, 0]
						},
						"0.25": {
							"vector": [12.5, 0, 0]
						},
						"0.5": {
							"vector": [12.5, 0, 0]
						},
						"0.75": {
							"vector": [-10, 0, 0]
						},
						"1.0": {
							"vector": [-10, 0, 0]
						},
						"1.25": {
							"vector": [12.5, 0, 0]
						},
						"1.5": {
							"vector": [12.5, 0, 0]
						},
						"1.75": {
							"vector": [-10, 0, 0]
						},
						"2.0": {
							"vector": [-10, 0, 0]
						}
					}
				},
				"bone10": {
					"rotation": {
						"0.0": {
							"vector": [-12.5, 0, 0]
						},
						"0.25": {
							"vector": [7.5, 0, 0]
						},
						"0.5": {
							"vector": [7.5, 0, 0]
						},
						"0.75": {
							"vector": [-12.5, 0, 0]
						},
						"1.0": {
							"vector": [-12.5, 0, 0]
						},
						"1.25": {
							"vector": [7.5, 0, 0]
						},
						"1.5": {
							"vector": [7.5, 0, 0]
						},
						"1.75": {
							"vector": [-12.5, 0, 0]
						},
						"2.0": {
							"vector": [-12.5, 0, 0]
						}
					}
				},
				"bone11": {
					"rotation": {
						"0.0": {
							"vector": [-12.5, 0, 0]
						},
						"0.25": {
							"vector": [7.5, 0, 0]
						},
						"0.5": {
							"vector": [7.5, 0, 0]
						},
						"0.75": {
							"vector": [-12.5, 0, 0]
						},
						"1.0": {
							"vector": [-12.5, 0, 0]
						},
						"1.25": {
							"vector": [7.5, 0, 0]
						},
						"1.5": {
							"vector": [7.5, 0, 0]
						},
						"1.75": {
							"vector": [-12.5, 0, 0]
						},
						"2.0": {
							"vector": [-12.5, 0, 0]
						}
					}
				},
				"bone12": {
					"rotation": {
						"0.0": {
							"vector": [-15, 0, 0]
						},
						"0.25": {
							"vector": [5, 0, 0]
						},
						"0.5": {
							"vector": [5, 0, 0]
						},
						"0.75": {
							"vector": [-15, 0, 0]
						},
						"1.0": {
							"vector": [-15, 0, 0]
						},
						"1.25": {
							"vector": [5, 0, 0]
						},
						"1.5": {
							"vector": [5, 0, 0]
						},
						"1.75": {
							"vector": [-15, 0, 0]
						},
						"2.0": {
							"vector": [-15, 0, 0]
						}
					}
				},
				"bone13": {
					"rotation": {
						"0.0": {
							"vector": [-17.5, 0, 0]
						},
						"0.25": {
							"vector": [22.5, 0, 0]
						},
						"0.5": {
							"vector": [22.5, 0, 0]
						},
						"0.75": {
							"vector": [-17.5, 0, 0]
						},
						"1.0": {
							"vector": [-17.5, 0, 0]
						},
						"1.25": {
							"vector": [22.5, 0, 0]
						},
						"1.5": {
							"vector": [22.5, 0, 0]
						},
						"1.75": {
							"vector": [-17.5, 0, 0]
						},
						"2.0": {
							"vector": [-17.5, 0, 0]
						}
					}
				},
				"bone6": {
					"rotation": {
						"0.0": {
							"vector": [0, 0, 0]
						},
						"0.5": {
							"vector": [0, 2.5, 0],
							"easing": "easeInOutQuad"
						},
						"1.0": {
							"vector": [0, 0, 0]
						},
						"1.5": {
							"vector": [0, 2.5, 0],
							"easing": "easeInOutQuad"
						},
						"2.0": {
							"vector": [0, 0, 0],
							"easing": "easeInOutQuad"
						}
					}
				},
				"bone14": {
					"rotation": {
						"vector": [40, 0, 0]
					}
				},
				"bone15": {
					"rotation": {
						"vector": [0, 0, 20]
					},
					"position": {
						"vector": [0, 0.5, 0]
					}
				},
				"bone16": {
					"rotation": {
						"vector": [-19.9299, 1.70818, 4.69986]
					}
				},
				"bone17": {
					"rotation": {
						"vector": [-19.71975, -3.40487, -9.40804]
					}
				},
				"bone18": {
					"rotation": {
						"vector": [0, 0, -10]
					}
				},
				"bone23": {
					"rotation": {
						"vector": [25, 0, 0]
					},
					"position": {
						"vector": [0, 0.6, 0]
					}
				},
				"bone24": {
					"rotation": {
						"vector": [7.58417, 0.78814, -22.35306]
					},
					"position": {
						"vector": [0, 0.25, 0]
					}
				},
				"bone25": {
					"rotation": {
						"vector": [-5, 0, 7.5]
					},
					"position": {
						"vector": [0, 0, 0]
					}
				},
				"bone26": {
					"rotation": {
						"vector": [-21.80633, 5.68422, 13.9042]
					}
				},
				"bone27": {
					"rotation": {
						"vector": [0, 0, 0]
					}
				},
				"bone22": {
					"position": {
						"vector": [0, 0, 0]
					}
				},
				"bone5": {
					"position": {
						"vector": [0, 0, 0]
					}
				},
				"boobs": {
					"position": {
						"0.0": {
							"vector": [0, 0, 0]
						},
						"0.25": {
							"vector": [0, -0.5, 0],
							"easing": "easeInQuart"
						},
						"0.5": {
							"vector": [0, 0, 0]
						},
						"0.75": {
							"vector": [0, -0.5, 0],
							"easing": "easeInQuart"
						},
						"1.0": {
							"vector": [0, 0, 0]
						},
						"1.25": {
							"vector": [0, -0.5, 0],
							"easing": "easeInQuart"
						},
						"1.5": {
							"vector": [0, 0, 0]
						},
						"1.75": {
							"vector": [0, -0.5, 0],
							"easing": "easeInCubic"
						},
						"2.0": {
							"vector": [0, 0, 0]
						}
					}
				}
			}
		}
	},
	"geckolib_format_version": 2
}