{
	"format_version": "1.12.0",
	"minecraft:geometry": [
		{
			"description": {
				"identifier": "geometry.unknown",
				"texture_width": 128,
				"texture_height": 128,
				"visible_bounds_width": 2,
				"visible_bounds_height": 3.5,
				"visible_bounds_offset": [0, 1.25, 0]
			},
			"bones": [
				{
					"name": "bipedHead",
					"pivot": [0, 24, 0]
				},
				{
					"name": "armorHead",
					"parent": "bipedHead",
					"pivot": [0, 24, 0],
					"cubes": [
						{"origin": [-4, 24.5, -4], "size": [8, 8, 8], "uv": [30, 0]},
						{
							"origin": [-4.13, 24.5, -4.25],
							"size": [8.25, 8.25, 8.25],
							"uv": {
								"north": {"uv": [26, 77], "uv_size": [15, 15]},
								"east": {"uv": [18, 69], "uv_size": [8, 8]},
								"south": {"uv": [42, 69], "uv_size": [8, 8]},
								"west": {"uv": [34, 69], "uv_size": [8, 8]},
								"up": {"uv": [26, 69], "uv_size": [8, 8]},
								"down": {"uv": [34, 69], "uv_size": [8, -8]}
							}
						},
						{
							"origin": [-4.5, 24, -5],
							"size": [9, 4.5, 9],
							"uv": {
								"north": {"uv": [30, 54], "uv_size": [18, 8]},
								"east": {"uv": [25, 35], "uv_size": [9, 4]},
								"south": {"uv": [52, 35], "uv_size": [9, 4]},
								"west": {"uv": [43, 35], "uv_size": [9, 4]},
								"up": {"uv": [34, 26], "uv_size": [9, 9]},
								"down": {"uv": [43, 35], "uv_size": [9, -9]}
							}
						},
						{"origin": [0.25, 26, -5], "size": [2.25, 2, 2], "pivot": [0, 24, 0], "rotation": [22.5, 0, -5], "uv": [24, 0]},
						{"origin": [-2.5, 26, -5], "size": [2.25, 2, 2], "pivot": [0, 24, 0], "rotation": [22.5, 0, 5], "uv": [24, 0], "mirror": true},
						{"origin": [-0.75, 28.5, -5], "size": [1.5, 1, 1.5], "uv": [39, 29]}
					]
				},
				{
					"name": "bipedBody",
					"pivot": [0, 24, 0]
				},
				{
					"name": "armorBody",
					"parent": "bipedBody",
					"pivot": [0, 24, 0],
					"cubes": [
						{"origin": [-4.5, 13, -3], "size": [9, 11, 6], "uv": [0, 0]},
						{"origin": [-5, 11, -5], "size": [10, 8, 7], "uv": [0, 20]},
						{"origin": [-4.72, 10, -4.5], "size": [9.5, 3, 7.5], "uv": [27, 16]}
					]
				},
				{
					"name": "bipedRightArm",
					"pivot": [-4, 22, 0]
				},
				{
					"name": "armorRightArm",
					"parent": "bipedRightArm",
					"pivot": [-4, 22, 0],
					"cubes": [
						{"origin": [-8, 12, -2], "size": [4, 12, 4], "uv": [48, 50]}
					]
				},
				{
					"name": "bipedLeftArm",
					"pivot": [4, 22, 0],
					"cubes": [
						{"origin": [4, 12, -2], "size": [4, 12, 4], "uv": [48, 50], "mirror": true}
					]
				},
				{
					"name": "armorLeftArm",
					"parent": "bipedLeftArm",
					"pivot": [4, 22, 0],
					"cubes": [
						{"origin": [3, 22, -1], "size": [2, 2, 2], "uv": [41, 29]},
						{"origin": [4, 12, -2], "size": [4, 12, 4], "uv": [48, 50]}
					]
				},
				{
					"name": "bipedLeftLeg",
					"pivot": [2, 12, 0]
				},
				{
					"name": "armorLeftLeg",
					"parent": "bipedLeftLeg",
					"pivot": [2, 12, 0],
					"cubes": [
						{"origin": [0, 0, -2.5], "size": [5, 10, 5], "uv": [32, 39]},
						{"origin": [0, 0, -4.5], "size": [5, 2, 3], "uv": [52, 66]}
					]
				},
				{
					"name": "armorLeftBoot",
					"parent": "bipedLeftLeg",
					"pivot": [2, 12, 0]
				},
				{
					"name": "bipedRightLeg",
					"pivot": [-2, 12, 0]
				},
				{
					"name": "armorRightLeg",
					"parent": "bipedRightLeg",
					"pivot": [-2, 12, 0],
					"cubes": [
						{"origin": [-5, 0, -2.5], "size": [5, 10, 5], "uv": [32, 39]},
						{"origin": [-5, 0, -4.5], "size": [5, 2, 3], "uv": [51, 66]}
					]
				},
				{
					"name": "armorRightBoot",
					"parent": "bipedRightLeg",
					"pivot": [-2, 12, 0]
				}
			]
		}
	]
}