{
	"format_version": "1.8.0",
	"animations": {
		"sneak": {
			"loop": true,
			"bones": {
				"armorBody": {
					"rotation": {
						"vector": [-7.5, 0, 0]
					}
				},
				"bone3": {
					"position": {
						"vector": [0, 2, 0]
					}
				},
				"bone": {
					"position": {
						"vector": [0, 3, 0]
					}
				},
				"bone4": {
					"rotation": {
						"vector": [0, 0, -25]
					},
					"position": {
						"vector": [-2, 1.2, 0]
					}
				},
				"bone6": {
					"rotation": {
						"vector": [0, 0, -17.5]
					}
				},
				"bone7": {
					"rotation": {
						"vector": [0, 0, -20]
					},
					"position": {
						"vector": [0, -0.2, 0]
					}
				}
			}
		},
		"walk": {
			"loop": true,
			"animation_length": 0.5,
			"bones": {
				"bipedBody": {
					"position": {
						"0.0": {
							"vector": [0, 0, 0]
						},
						"0.125": {
							"vector": [0, 2, 0]
						},
						"0.25": {
							"vector": [0, 0, 0]
						},
						"0.375": {
							"vector": [0, 2, 0]
						},
						"0.5": {
							"vector": [0, 0, 0]
						}
					}
				},
				"bone14": {
					"rotation": {
						"0.0": {
							"vector": [0, -25, 0]
						},
						"0.125": {
							"vector": [3.48303, -24.77164, -8.26511]
						},
						"0.25": {
							"vector": [3.17336, -4.80462, -7.0703]
						},
						"0.375": {
							"vector": [3.21275, 10.17236, -6.23625]
						},
						"0.5": {
							"vector": [0, -25, 0]
						}
					}
				},
				"bone13": {
					"rotation": {
						"0.0": {
							"vector": [0, -30, 0]
						},
						"0.125": {
							"vector": [8.01975, -39.13248, -15.94949]
						},
						"0.25": {
							"vector": [6.96001, -26.73777, -14.01185]
						},
						"0.375": {
							"vector": [6.34825, -11.83747, -12.17553]
						},
						"0.5": {
							"vector": [0, -30, 0]
						}
					}
				},
				"bone12": {
					"rotation": {
						"0.0": {
							"vector": [0, -20, 0]
						},
						"0.125": {
							"vector": [3.61644, -19.6835, -10.62758]
						},
						"0.25": {
							"vector": [3.41934, 5.27091, -9.09356]
						},
						"0.375": {
							"vector": [4.84569, 3.99985, 8.41832]
						},
						"0.5": {
							"vector": [0, -20, 0]
						}
					}
				}
			}
		}
	},
	"geckolib_format_version": 2
}