{
	"format_version": "1.12.0",
	"minecraft:geometry": [
		{
			"description": {
				"identifier": "geometry.unknown",
				"texture_width": 128,
				"texture_height": 128,
				"visible_bounds_width": 4,
				"visible_bounds_height": 3.5,
				"visible_bounds_offset": [0, 1.25, 0]
			},
			"bones": [
				{
					"name": "bipedHead",
					"pivot": [0, 24, 0]
				},
				{
					"name": "armorHead",
					"parent": "bipedHead",
					"pivot": [0, 24, 0],
					"cubes": [
						{"origin": [3.5, 25, -2.5], "size": [3, 2, 0], "uv": [32, 14], "mirror": true},
						{"origin": [-6.5, 25, -2.5], "size": [3, 2, 0], "uv": [32, 14]}
					]
				},
				{
					"name": "bone",
					"parent": "armorHead",
					"pivot": [0, 24, 0],
					"cubes": [
						{"origin": [-5.25, 30.75, -5], "size": [1, 1, 3], "pivot": [-5.5, 31.5, -4], "rotation": [-21.17283, -18.74724, 7.09597], "uv": [-1, -1]},
						{"origin": [-6, 29, -3], "size": [1, 2, 2], "uv": [0, 0]},
						{"origin": [-4.2822, 32.09913, -5.57697], "size": [1, 1, 3], "pivot": [-4.2822, 32.59913, -4.82697], "rotation": [-27.23631, -41.64114, 18.88172], "uv": [-1, -1]},
						{"origin": [-6, 28, -1], "size": [2, 2, 2], "uv": [0, 0]},
						{"origin": [-6, 29, 1], "size": [2, 2, 2], "uv": [0, 0]}
					]
				},
				{
					"name": "bone22",
					"parent": "bone",
					"pivot": [5, 29, 0],
					"cubes": [
						{"origin": [3.5, 27.5, -0.5], "size": [3, 3, 1], "uv": [24, 12], "mirror": true}
					]
				},
				{
					"name": "bone23",
					"parent": "bone22",
					"pivot": [5, 27, 0],
					"cubes": [
						{"origin": [4, 26, -0.5], "size": [2, 2, 1], "uv": [26, 13], "mirror": true}
					]
				},
				{
					"name": "bone24",
					"parent": "bone23",
					"pivot": [6.25, 25.33333, 0],
					"cubes": [
						{"origin": [4, 24.25, -1], "size": [2, 2, 2], "uv": [24, 12], "mirror": true}
					]
				},
				{
					"name": "bone25",
					"parent": "bone24",
					"pivot": [5.5, 23.5, 0.5],
					"cubes": [
						{"origin": [4.5, 22.5, -0.5], "size": [2, 2, 2], "uv": [24, 12], "mirror": true}
					]
				},
				{
					"name": "bone26",
					"parent": "bone25",
					"pivot": [6, 21.75, 0.5],
					"cubes": [
						{"origin": [5, 20.75, -0.5], "size": [2, 2, 2], "uv": [24, 12], "mirror": true}
					]
				},
				{
					"name": "bone27",
					"parent": "bone26",
					"pivot": [7.08333, 20.25, 0],
					"cubes": [
						{"origin": [5, 19, -1], "size": [2, 2, 2], "uv": [24, 12], "mirror": true},
						{"origin": [6.75, 19.5, -0.5], "size": [1, 1, 1], "uv": [25, 13], "mirror": true},
						{"origin": [7.5, 20.25, -0.5], "size": [1, 1, 1], "uv": [25, 13], "mirror": true}
					]
				},
				{
					"name": "bone28",
					"parent": "bone27",
					"pivot": [5.5, 28, 0],
					"cubes": [
						{"origin": [4.5, 17.25, -1], "size": [2, 2, 2], "uv": [24, 12], "mirror": true}
					]
				},
				{
					"name": "bone29",
					"parent": "bone28",
					"pivot": [5, 28, 0.5],
					"cubes": [
						{"origin": [5.5, 16, 0], "size": [1, 1, 1], "uv": [25, 13], "mirror": true},
						{"origin": [6.25, 16.5, 0], "size": [1, 1, 1], "uv": [25, 13], "mirror": true},
						{"origin": [4, 15.5, -0.5], "size": [2, 2, 2], "uv": [24, 12], "mirror": true}
					]
				},
				{
					"name": "bone30",
					"parent": "bone29",
					"pivot": [5.5, 28, 0],
					"cubes": [
						{"origin": [4.5, 13.75, -1], "size": [2, 2, 2], "uv": [24, 12], "mirror": true}
					]
				},
				{
					"name": "bone5",
					"parent": "bone",
					"pivot": [-5, 29, 0],
					"cubes": [
						{"origin": [-6.5, 27.5, -0.5], "size": [3, 3, 1], "uv": [24, 12]}
					]
				},
				{
					"name": "bone14",
					"parent": "bone5",
					"pivot": [-5, 27, 0],
					"cubes": [
						{"origin": [-6, 26, -0.5], "size": [2, 2, 1], "uv": [26, 13]}
					]
				},
				{
					"name": "bone15",
					"parent": "bone14",
					"pivot": [-6.25, 25.33333, 0],
					"cubes": [
						{"origin": [-6, 24.25, -1], "size": [2, 2, 2], "uv": [24, 12]}
					]
				},
				{
					"name": "bone16",
					"parent": "bone15",
					"pivot": [-5.5, 23.5, 0.5],
					"cubes": [
						{"origin": [-6.5, 22.5, -0.5], "size": [2, 2, 2], "uv": [24, 12]}
					]
				},
				{
					"name": "bone17",
					"parent": "bone16",
					"pivot": [-6, 21.75, 0.5],
					"cubes": [
						{"origin": [-7, 20.75, -0.5], "size": [2, 2, 2], "uv": [24, 12]}
					]
				},
				{
					"name": "bone18",
					"parent": "bone17",
					"pivot": [-7.08333, 20.25, 0],
					"cubes": [
						{"origin": [-7, 19, -1], "size": [2, 2, 2], "uv": [24, 12]},
						{"origin": [-7.75, 19.5, -0.5], "size": [1, 1, 1], "uv": [25, 13]},
						{"origin": [-8.5, 20.25, -0.5], "size": [1, 1, 1], "uv": [25, 13]}
					]
				},
				{
					"name": "bone19",
					"parent": "bone18",
					"pivot": [-5.5, 28, 0],
					"cubes": [
						{"origin": [-6.5, 17.25, -1], "size": [2, 2, 2], "uv": [24, 12]}
					]
				},
				{
					"name": "bone20",
					"parent": "bone19",
					"pivot": [-5, 28, 0.5],
					"cubes": [
						{"origin": [-6.5, 16, 0], "size": [1, 1, 1], "uv": [25, 13]},
						{"origin": [-7.25, 16.5, 0], "size": [1, 1, 1], "uv": [25, 13]},
						{"origin": [-6, 15.5, -0.5], "size": [2, 2, 2], "uv": [24, 12]}
					]
				},
				{
					"name": "bone21",
					"parent": "bone20",
					"pivot": [-5, 28, 0.5],
					"cubes": [
						{"origin": [-6.5, 13.75, -1], "size": [2, 2, 2], "uv": [24, 12]}
					]
				},
				{
					"name": "bone2",
					"parent": "armorHead",
					"pivot": [0, 24, 0],
					"cubes": [
						{"origin": [4.25, 30.75, -5], "size": [1, 1, 3], "pivot": [5.5, 31.5, -4], "rotation": [-21.17283, 18.74724, -7.09597], "uv": [-1, -1], "mirror": true},
						{"origin": [3.2822, 32.09913, -5.57697], "size": [1, 1, 3], "pivot": [4.2822, 32.59913, -4.82697], "rotation": [-27.23631, 41.64114, -18.88172], "uv": [-1, -1], "mirror": true},
						{"origin": [5, 29, -3], "size": [1, 2, 2], "uv": [0, 0], "mirror": true},
						{"origin": [4, 28, -1], "size": [2, 2, 2], "uv": [0, 0], "mirror": true},
						{"origin": [4, 29, 1], "size": [2, 2, 2], "uv": [0, 0], "mirror": true}
					]
				},
				{
					"name": "bone7",
					"parent": "bone2",
					"pivot": [5, 29, 0]
				},
				{
					"name": "bipedBody",
					"pivot": [0, 24, 0]
				},
				{
					"name": "armorBody",
					"parent": "bipedBody",
					"pivot": [0, 24, 0]
				},
				{
					"name": "rightwing",
					"parent": "armorBody",
					"pivot": [-2.79894, 22, 1.00667],
					"cubes": [
						{"origin": [-6.54894, 19, 2.00667], "size": [5, 4, 1], "pivot": [-3.79894, 20, 2.00667], "rotation": [0, 42.5, 0], "uv": [8, 64]}
					]
				},
				{
					"name": "bone4",
					"parent": "rightwing",
					"pivot": [-4.99072, 23.5, 3.44224],
					"cubes": [
						{"origin": [-10.24072, 21, 8.74224], "size": [6, 4, 1], "pivot": [-8.99072, 21.5, 7.44224], "rotation": [0, 65, 0], "uv": [0, 72]},
						{"origin": [-6.24072, 19, 8.74224], "size": [2, 2, 1], "pivot": [-8.99072, 21.5, 7.44224], "rotation": [0, 65, 0], "uv": [16, 72]},
						{"origin": [-9.24072, 20, 8.74224], "size": [3, 1, 1], "pivot": [-8.99072, 21.5, 7.44224], "rotation": [0, 65, 0], "uv": [0, 68]},
						{"origin": [-8.24072, 18, 8.74224], "size": [4, 1, 1], "pivot": [-8.99072, 21.5, 7.44224], "rotation": [0, 65, 0], "uv": [0, 70]},
						{"origin": [-9.24072, 17, 8.74224], "size": [2, 1, 1], "pivot": [-8.99072, 21.5, 7.44224], "rotation": [0, 65, 0], "uv": [0, 64]},
						{"origin": [-12.24072, 22, 8.74224], "size": [2, 1, 1], "pivot": [-8.99072, 21.5, 7.44224], "rotation": [0, 65, 0], "uv": [0, 66]},
						{"origin": [-14.24072, 25, 8.74224], "size": [7, 1, 1], "pivot": [-8.99072, 21.5, 7.44224], "rotation": [0, 65, 0], "uv": [0, 77]}
					]
				},
				{
					"name": "tail",
					"parent": "armorBody",
					"pivot": [0.0431, 12.5, 1.49332],
					"cubes": [
						{"origin": [-2.5569, 12, 5.39332], "size": [2, 1, 1], "pivot": [0.9431, 11.5, 4.99332], "rotation": [0, -90, 0], "uv": [0, 80], "mirror": true}
					]
				},
				{
					"name": "bone8",
					"parent": "tail",
					"pivot": [0.0431, 12.5, 3.24332],
					"cubes": [
						{"origin": [-0.5569, 12, 5.14332], "size": [2, 1, 1], "pivot": [0.9431, 11.5, 4.74332], "rotation": [0, -90, 0], "uv": [0, 80], "mirror": true}
					]
				},
				{
					"name": "bone9",
					"parent": "bone8",
					"pivot": [0.0431, 12.5, 4.99332],
					"cubes": [
						{"origin": [1.4431, 12, 4.89332], "size": [2, 1, 1], "pivot": [0.9431, 11.5, 4.49332], "rotation": [0, -90, 0], "uv": [0, 80], "mirror": true}
					]
				},
				{
					"name": "bone10",
					"parent": "bone9",
					"pivot": [0.0431, 12.5, 6.74332],
					"cubes": [
						{"origin": [3.4431, 12, 4.64332], "size": [2, 1, 1], "pivot": [0.9431, 11.5, 4.24332], "rotation": [0, -90, 0], "uv": [0, 80], "mirror": true}
					]
				},
				{
					"name": "bone11",
					"parent": "bone10",
					"pivot": [0.0431, 12.5, 8.49332],
					"cubes": [
						{"origin": [5.4431, 12, 4.39332], "size": [2, 1, 1], "pivot": [0.9431, 11.5, 3.99332], "rotation": [0, -90, 0], "uv": [0, 80], "mirror": true}
					]
				},
				{
					"name": "bone12",
					"parent": "bone11",
					"pivot": [0.0431, 12.5, 10.24332],
					"cubes": [
						{"origin": [7.4431, 12, 4.14332], "size": [2, 1, 1], "pivot": [0.9431, 11.5, 3.74332], "rotation": [0, -90, 0], "uv": [0, 80], "mirror": true}
					]
				},
				{
					"name": "bone13",
					"parent": "bone12",
					"pivot": [0.0431, 12.5, 11.99332],
					"cubes": [
						{"origin": [9.4431, 12, 3.89332], "size": [2, 1, 1], "pivot": [0.9431, 11.5, 3.49332], "rotation": [0, -90, 0], "uv": [0, 80], "mirror": true}
					]
				},
				{
					"name": "bone3",
					"parent": "bone13",
					"pivot": [0.0431, 12.5, 13.89332],
					"cubes": [
						{"origin": [13.6931, 12, 3.64332], "size": [1, 1, 1], "pivot": [0.9431, 11.5, 3.24332], "rotation": [0, -90, 0], "uv": [16, 86], "mirror": true},
						{"origin": [12.9431, 12, 3.14332], "size": [1, 1, 2], "pivot": [0.9431, 11.5, 3.24332], "rotation": [0, -90, 0], "uv": [15, 85], "mirror": true},
						{"origin": [10.9431, 12, 5.14332], "size": [1, 1, 1], "pivot": [0.9431, 11.5, 3.24332], "rotation": [0, -90, 0], "uv": [16, 86], "mirror": true},
						{"origin": [10.9431, 12, 2.14332], "size": [1, 1, 1], "pivot": [0.9431, 11.5, 3.24332], "rotation": [0, -90, 0], "uv": [16, 86], "mirror": true},
						{"origin": [11.4431, 12, 2.64332], "size": [2, 1, 3], "pivot": [0.9431, 11.5, 3.24332], "rotation": [0, -90, 0], "uv": [14, 84], "mirror": true}
					]
				},
				{
					"name": "leftwing",
					"parent": "armorBody",
					"pivot": [2.79894, 22, 1.00667],
					"cubes": [
						{"origin": [1.54894, 19, 2.00667], "size": [5, 4, 1], "pivot": [3.79894, 20, 2.00667], "rotation": [0, -42.5, 0], "uv": [8, 64], "mirror": true}
					]
				},
				{
					"name": "bone6",
					"parent": "leftwing",
					"pivot": [4.99072, 23.5, 3.44224],
					"cubes": [
						{"origin": [4.24072, 21, 8.74224], "size": [6, 4, 1], "pivot": [8.99072, 21.5, 7.44224], "rotation": [0, -65, 0], "uv": [0, 72], "mirror": true},
						{"origin": [4.24072, 19, 8.74224], "size": [2, 2, 1], "pivot": [8.99072, 21.5, 7.44224], "rotation": [0, -65, 0], "uv": [16, 72], "mirror": true},
						{"origin": [6.24072, 20, 8.74224], "size": [3, 1, 1], "pivot": [8.99072, 21.5, 7.44224], "rotation": [0, -65, 0], "uv": [0, 68], "mirror": true},
						{"origin": [4.24072, 18, 8.74224], "size": [4, 1, 1], "pivot": [8.99072, 21.5, 7.44224], "rotation": [0, -65, 0], "uv": [0, 70], "mirror": true},
						{"origin": [7.24072, 17, 8.74224], "size": [2, 1, 1], "pivot": [8.99072, 21.5, 7.44224], "rotation": [0, -65, 0], "uv": [0, 64], "mirror": true},
						{"origin": [10.24072, 22, 8.74224], "size": [2, 1, 1], "pivot": [8.99072, 21.5, 7.44224], "rotation": [0, -65, 0], "uv": [0, 66], "mirror": true},
						{"origin": [7.24072, 25, 8.74224], "size": [7, 1, 1], "pivot": [8.99072, 21.5, 7.44224], "rotation": [0, -65, 0], "uv": [0, 77], "mirror": true}
					]
				},
				{
					"name": "boobs",
					"parent": "armorBody",
					"pivot": [0, 24, 0],
					"cubes": [
						{"origin": [-4, 19.5, -4], "size": [8, 4, 4], "pivot": [0, 20, -3], "rotation": [-37.5, 0, 0], "uv": [56, 17]}
					]
				},
				{
					"name": "bipedRightArm",
					"pivot": [-4, 22, 0]
				},
				{
					"name": "armorRightArm",
					"parent": "bipedRightArm",
					"pivot": [-4, 22, 0]
				},
				{
					"name": "bipedLeftArm",
					"pivot": [4, 22, 0]
				},
				{
					"name": "armorLeftArm",
					"parent": "bipedLeftArm",
					"pivot": [4, 22, 0]
				},
				{
					"name": "bipedLeftLeg",
					"pivot": [-2, 12, 0]
				},
				{
					"name": "armorLeftLeg",
					"parent": "bipedLeftLeg",
					"pivot": [-2, 12, 0]
				},
				{
					"name": "armorLeftBoot",
					"parent": "bipedLeftLeg",
					"pivot": [-2, 12, 0]
				},
				{
					"name": "bipedRightLeg",
					"pivot": [2, 12, 0]
				},
				{
					"name": "armorRightLeg",
					"parent": "bipedRightLeg",
					"pivot": [2, 12, 0]
				},
				{
					"name": "armorRightBoot",
					"parent": "bipedRightLeg",
					"pivot": [2, 12, 0]
				}
			]
		}
	]
}