{
	"format_version": "1.8.0",
	"animations": {
		"idle": {
			"loop": true,
			"animation_length": 12,
			"bones": {
				"bone8": {
					"rotation": {
						"0.0": {
							"vector": [0, 0, 0]
						},
						"0.1667": {
							"vector": [0, 0, -22.5],
							"easing": "easeInOutQuart"
						},
						"0.4583": {
							"vector": [0, 0, 12.5],
							"easing": "easeInQuart"
						},
						"0.7083": {
							"vector": [0, 0, 0],
							"easing": "easeInQuart"
						}
					}
				},
				"bone6": {
					"rotation": {
						"0.0": {
							"vector": [0, 0, 0]
						},
						"0.4583": {
							"vector": [0, 0, 5],
							"easing": "easeInQuart"
						},
						"0.7083": {
							"vector": [0, 0, 0],
							"easing": "easeInQuart"
						}
					}
				},
				"bone7": {
					"rotation": {
						"0.0": {
							"vector": [0, 0, 0]
						},
						"0.1667": {
							"vector": [0, 0, -20],
							"easing": "easeInOutQuart"
						},
						"0.4583": {
							"vector": [0, 0, 7.5],
							"easing": "easeInQuart"
						},
						"0.7083": {
							"vector": [0, 0, 0],
							"easing": "easeInQuart"
						}
					}
				},
				"bone2": {
					"rotation": {
						"vector": [0, 0, 0]
					}
				},
				"bone4": {
					"rotation": {
						"vector": [0, 0, 0]
					}
				},
				"bone5": {
					"rotation": {
						"vector": [0, 0, 0]
					}
				}
			}
		}
	},
	"geckolib_format_version": 2
}