{"format_version":"1.12.0","minecraft:geometry":[{"description":{"identifier":"geometry.unknown","texture_width":128,"texture_height":128,"visible_bounds_width":3,"visible_bounds_height":3.5,"visible_bounds_offset":[0,1.25,0]},"bones":[{"name":"bipedHead","pivot":[0,24,0]},{"name":"armorHead","parent":"bipedHead","pivot":[0,24,0]},{"name":"brim2","parent":"armorHead","pivot":[0,29.25,0],"rotation":[-10,0,0],"cubes":[{"origin":[-8,29.25,-8],"size":[16,1,16],"uv":[0,17]},{"origin":[-8,29.25,-8],"size":[16,1,16],"inflate":0.25,"uv":[0,0]}]},{"name":"hatseg2","parent":"brim2","pivot":[0,30.25,-4],"rotation":[-2.5,0,0],"cubes":[{"origin":[-4.5,30.25,-5],"size":[9,3,10],"inflate":0,"uv":[0,34]}]},{"name":"bell1","parent":"hatseg2","pivot":[0,33.75,-4.5],"rotation":[10,0,0],"cubes":[{"origin":[-1.5,31.25,-7],"size":[3,3,3],"inflate":-0.35,"uv":[28,34]}]},{"name":"bell2","parent":"hatseg2","pivot":[0,33.75,-4.5],"rotation":[10,0,0],"cubes":[{"origin":[-1.5,31.25,-7],"size":[3,3,3],"inflate":-0.25,"uv":[0,26]}]},{"name":"hatseg3","parent":"hatseg2","pivot":[0,32.75,-3],"rotation":[-30,0,0],"cubes":[{"origin":[-3,32.25,-3],"size":[6,6,6],"inflate":0.25,"uv":[48,0]}]},{"name":"hatseg4","parent":"hatseg3","pivot":[0,38.25,-2],"rotation":[-30,0,0],"cubes":[{"origin":[-2,38.25,-2],"size":[4,5,4],"uv":[0,17]}]},{"name":"hatseg5","parent":"hatseg4","pivot":[0,43.25,-1],"rotation":[-30,0,0],"cubes":[{"origin":[-1,43.25,-1],"size":[2,4,2],"inflate":0.25,"uv":[0,34]}]},{"name":"earL","parent":"armorHead","pivot":[3,30.5,-1]},{"name":"leftearOB1","parent":"earL","pivot":[3,30.5,-1],"rotation":[0,30,25],"cubes":[{"origin":[3,29.5,-0.51],"size":[3,7,0],"inflate":0.25,"uv":{"north":{"uv":[15,0],"uv_size":[-3,7]},"east":{"uv":[0,0],"uv_size":[0,0]},"south":{"uv":[0,0],"uv_size":[0,0]},"west":{"uv":[0,0],"uv_size":[0,0]},"up":{"uv":[0,0],"uv_size":[0,0]},"down":{"uv":[0,0],"uv_size":[0,0]}}}]},{"name":"leftearOB2","parent":"earL","pivot":[3,30.5,-1],"rotation":[0,30,25],"cubes":[{"origin":[3,29.5,-1],"size":[3,7,0],"inflate":0.25,"uv":{"north":{"uv":[0,0],"uv_size":[0,0]},"east":{"uv":[0,0],"uv_size":[0,0]},"south":{"uv":[12,0],"uv_size":[3,7]},"west":{"uv":[0,0],"uv_size":[0,0]},"up":{"uv":[0,0],"uv_size":[0,0]},"down":{"uv":[0,0],"uv_size":[0,0]}}}]},{"name":"leftearOS1","parent":"earL","pivot":[3,30.5,-1],"rotation":[0,30,25],"cubes":[{"origin":[2.51,29.5,-4],"size":[0,7,3],"inflate":0.25,"uv":{"north":{"uv":[0,0],"uv_size":[0,0]},"east":{"uv":[0,0],"uv_size":[0,0]},"south":{"uv":[0,0],"uv_size":[0,0]},"west":{"uv":[11,0],"uv_size":[-3,7]},"up":{"uv":[0,0],"uv_size":[0,0]},"down":{"uv":[0,0],"uv_size":[0,0]}}}]},{"name":"leftearOS2","parent":"earL","pivot":[3,30.5,-1],"rotation":[0,30,25],"cubes":[{"origin":[3,29.5,-4],"size":[0,7,3],"inflate":0.25,"uv":{"north":{"uv":[0,0],"uv_size":[0,0]},"east":{"uv":[8,0],"uv_size":[3,7]},"south":{"uv":[0,0],"uv_size":[0,0]},"west":{"uv":[0,0],"uv_size":[0,0]},"up":{"uv":[0,0],"uv_size":[0,0]},"down":{"uv":[0,0],"uv_size":[0,0]}}}]},{"name":"leftearIB","parent":"earL","pivot":[3,30.5,-1],"rotation":[0,30,25],"cubes":[{"origin":[3,31.5,-1],"size":[3,5,0],"inflate":0,"uv":{"north":{"uv":[15,8],"uv_size":[-3,5]},"east":{"uv":[0,0],"uv_size":[0,0]},"south":{"uv":[0,0],"uv_size":[0,0]},"west":{"uv":[0,0],"uv_size":[0,0]},"up":{"uv":[0,0],"uv_size":[0,0]},"down":{"uv":[0,0],"uv_size":[0,0]}}}]},{"name":"leftearIS","parent":"earL","pivot":[3,30.5,-1],"rotation":[0,30,25],"cubes":[{"origin":[3,31.5,-4],"size":[0,5,3],"inflate":0,"uv":{"north":{"uv":[0,0],"uv_size":[0,0]},"east":{"uv":[0,0],"uv_size":[0,0]},"south":{"uv":[0,0],"uv_size":[0,0]},"west":{"uv":[11,8],"uv_size":[-3,5]},"up":{"uv":[0,0],"uv_size":[0,0]},"down":{"uv":[0,0],"uv_size":[0,0]}}}]},{"name":"earR","parent":"armorHead","pivot":[-3,30.5,-1]},{"name":"rightearOB1","parent":"earR","pivot":[-3,30.5,-1],"rotation":[0,-30,-25],"cubes":[{"origin":[-6,29.5,-0.51],"size":[3,7,0],"inflate":0.25,"uv":{"north":{"uv":[12,0],"uv_size":[3,7]},"east":{"uv":[0,0],"uv_size":[0,0]},"south":{"uv":[0,0],"uv_size":[0,0]},"west":{"uv":[0,0],"uv_size":[0,0]},"up":{"uv":[0,0],"uv_size":[0,0]},"down":{"uv":[0,0],"uv_size":[0,0]}}}]},{"name":"rightearOB2","parent":"earR","pivot":[-3,30.5,-1],"rotation":[0,-30,-25],"cubes":[{"origin":[-6,29.5,-1],"size":[3,7,0],"inflate":0.25,"uv":{"north":{"uv":[0,0],"uv_size":[0,0]},"east":{"uv":[0,0],"uv_size":[0,0]},"south":{"uv":[15,0],"uv_size":[-3,7]},"west":{"uv":[0,0],"uv_size":[0,0]},"up":{"uv":[0,0],"uv_size":[0,0]},"down":{"uv":[0,0],"uv_size":[0,0]}}}]},{"name":"rightearOS1","parent":"earR","pivot":[-3,30.5,-1],"rotation":[0,-30,-25],"cubes":[{"origin":[-2.51,29.5,-4],"size":[0,7,3],"inflate":0.25,"uv":{"north":{"uv":[0,0],"uv_size":[0,0]},"east":{"uv":[8,0],"uv_size":[3,7]},"south":{"uv":[0,0],"uv_size":[0,0]},"west":{"uv":[0,0],"uv_size":[0,0]},"up":{"uv":[0,0],"uv_size":[0,0]},"down":{"uv":[0,0],"uv_size":[0,0]}}}]},{"name":"rightearOS2","parent":"earR","pivot":[-3,30.5,-1],"rotation":[0,-30,-25],"cubes":[{"origin":[-3,29.5,-4],"size":[0,7,3],"inflate":0.25,"uv":{"north":{"uv":[0,0],"uv_size":[0,0]},"east":{"uv":[0,0],"uv_size":[0,0]},"south":{"uv":[0,0],"uv_size":[0,0]},"west":{"uv":[11,0],"uv_size":[-3,7]},"up":{"uv":[0,0],"uv_size":[0,0]},"down":{"uv":[0,0],"uv_size":[0,0]}}}]},{"name":"rightearIB","parent":"earR","pivot":[-3,30.5,-1],"rotation":[0,-30,-25],"cubes":[{"origin":[-6,31.5,-1],"size":[3,5,0],"uv":{"north":{"uv":[12,8],"uv_size":[3,5]},"east":{"uv":[0,0],"uv_size":[0,0]},"south":{"uv":[0,0],"uv_size":[0,0]},"west":{"uv":[0,0],"uv_size":[0,0]},"up":{"uv":[0,0],"uv_size":[0,0]},"down":{"uv":[0,0],"uv_size":[0,0]}}}]},{"name":"rightearIS","parent":"earR","pivot":[-3,30.5,-1],"rotation":[0,-30,-25],"cubes":[{"origin":[-3,31.5,-4],"size":[0,5,3],"uv":{"north":{"uv":[0,0],"uv_size":[0,0]},"east":{"uv":[8,8],"uv_size":[3,5]},"south":{"uv":[0,0],"uv_size":[0,0]},"west":{"uv":[0,0],"uv_size":[0,0]},"up":{"uv":[0,0],"uv_size":[0,0]},"down":{"uv":[0,0],"uv_size":[0,0]}}}]},{"name":"bipedBody","pivot":[0,24,0]},{"name":"armorBody","parent":"bipedBody","pivot":[0,24,0]},{"name":"bipedRightArm","pivot":[-4,22,0]},{"name":"armorRightArm","parent":"bipedRightArm","pivot":[-4,22,0]},{"name":"bipedLeftArm","pivot":[4,22,0]},{"name":"armorLeftArm","parent":"bipedLeftArm","pivot":[4,22,0]},{"name":"bipedLeftLeg","pivot":[2,12,0]},{"name":"armorLeftLeg","parent":"bipedLeftLeg","pivot":[2,12,0]},{"name":"armorLeftBoot","parent":"bipedLeftLeg","pivot":[2,12,0]},{"name":"bipedRightLeg","pivot":[-2,12,0]},{"name":"armorRightLeg","parent":"bipedRightLeg","pivot":[-2,12,0]},{"name":"armorRightBoot","parent":"bipedRightLeg","pivot":[-2,12,0]}]}]}