{
	"format_version": "1.12.0",
	"minecraft:geometry": [
		{
			"description": {
				"identifier": "geometry.unknown",
				"texture_width": 64,
				"texture_height": 64,
				"visible_bounds_width": 3,
				"visible_bounds_height": 3.5,
				"visible_bounds_offset": [0, 1.25, 0]
			},
			"bones": [
				{
					"name": "bipedHead",
					"pivot": [0, 14, 0]
				},
				{
					"name": "armorHead",
					"parent": "bipedHead",
					"pivot": [0, 14, 0],
					"cubes": [
						{
							"origin": [-4.5, 14.9, -3.5],
							"size": [9, 8, 7],
							"uv": {
								"north": {"uv": [23, 21], "uv_size": [9, 8]},
								"east": {"uv": [16, 21], "uv_size": [7, 8]},
								"south": {"uv": [7, 21], "uv_size": [9, 8]},
								"west": {"uv": [0, 21], "uv_size": [7, 8]},
								"up": {"uv": [7, 14], "uv_size": [9, 7]},
								"down": {"uv": [16, 21], "uv_size": [9, -7]}
							}
						},
						{"origin": [-1, 14, -1], "size": [2, 2, 2], "uv": [32, 37]}
					]
				},
				{
					"name": "hair",
					"parent": "armorHead",
					"pivot": [0, 14, 0],
					"cubes": [
						{
							"origin": [-5, 19.5, -7],
							"size": [3, 4.5, 2],
							"pivot": [0, 14, 0],
							"rotation": [-5, 10, 5],
							"uv": {
								"north": {"uv": [58, 14], "uv_size": [3, 4]},
								"east": {"uv": [51, 14], "uv_size": [2, 4]},
								"south": {"uv": [53, 14], "uv_size": [3, 4]},
								"west": {"uv": [56, 14], "uv_size": [2, 4]},
								"up": {"uv": [53, 12], "uv_size": [3, 2]},
								"down": {"uv": [56, 14], "uv_size": [3, -2]}
							}
						},
						{
							"origin": [2, 19.5, -7],
							"size": [3, 4.5, 2],
							"pivot": [0, 14, 0],
							"rotation": [-5, -10, -5],
							"uv": {
								"north": {"uv": [51, 52], "uv_size": [3, 4]},
								"east": {"uv": [44, 52], "uv_size": [2, 4]},
								"south": {"uv": [51, 52], "uv_size": [3, 4]},
								"west": {"uv": [49, 52], "uv_size": [2, 4]},
								"up": {"uv": [46, 50], "uv_size": [3, 2]},
								"down": {"uv": [49, 52], "uv_size": [3, -2]}
							}
						},
						{
							"origin": [-1.5, 20, -7],
							"size": [3, 4.5, 2],
							"pivot": [0, 14, 0],
							"rotation": [-5, 0, 0],
							"uv": {
								"north": {"uv": [55, 8], "uv_size": [3, 4]},
								"east": {"uv": [48, 8], "uv_size": [2, 4]},
								"south": {"uv": [50, 8], "uv_size": [3, 4]},
								"west": {"uv": [53, 8], "uv_size": [2, 4]},
								"up": {"uv": [50, 6], "uv_size": [3, 2]},
								"down": {"uv": [53, 8], "uv_size": [3, -2]}
							}
						},
						{"origin": [-5, 21.5, -4], "size": [10, 4, 9], "uv": [0, 0]},
						{"origin": [-1, 20, -11], "size": [1, 3, 0], "pivot": [0, 14, 0], "rotation": [-35, 15, 2.5], "uv": [4, 14]},
						{"origin": [-1, 25, 3], "size": [1, 2, 0], "pivot": [0, 14, 0], "rotation": [30, 15, 2.5], "uv": [0, 0]},
						{
							"origin": [7, 13, -3],
							"size": [1, 10, 4],
							"pivot": [0, 14, 0],
							"rotation": [-7.5, 15, -15],
							"uv": {
								"north": {"uv": [42, 4], "uv_size": [1, 10]},
								"east": {"uv": [38, 4], "uv_size": [4, 10]},
								"south": {"uv": [47, 4], "uv_size": [1, 10]},
								"west": {"uv": [43, 4], "uv_size": [4, 10]},
								"up": {"uv": [42, 0], "uv_size": [1, 4]},
								"down": {"uv": [43, 4], "uv_size": [1, -4]}
							}
						},
						{
							"origin": [-7.5, 13, -2],
							"size": [1, 10, 4],
							"pivot": [0, 14, 0],
							"rotation": [0, 15, 10],
							"uv": {
								"north": {"uv": [21, 36], "uv_size": [-1, 10]},
								"east": {"uv": [25, 36], "uv_size": [-4, 10]},
								"south": {"uv": [26, 36], "uv_size": [-1, 10]},
								"west": {"uv": [20, 36], "uv_size": [-4, 10]},
								"up": {"uv": [21, 32], "uv_size": [-1, 4]},
								"down": {"uv": [22, 36], "uv_size": [-1, -4]}
							}
						},
						{
							"origin": [0, 13, 7],
							"size": [4, 10, 1],
							"pivot": [0, 14, 0],
							"rotation": [5, 32.5, -15],
							"uv": {
								"north": {"uv": [52, 40], "uv_size": [4, 10]},
								"east": {"uv": [51, 40], "uv_size": [1, 10]},
								"south": {"uv": [47, 40], "uv_size": [4, 10]},
								"west": {"uv": [46, 40], "uv_size": [1, 10]},
								"up": {"uv": [47, 39], "uv_size": [4, 1]},
								"down": {"uv": [51, 40], "uv_size": [4, -1]}
							}
						},
						{"origin": [-8, 13, -3], "size": [1, 10, 4], "pivot": [0, 14, 0], "rotation": [-7.5, -15, 15], "uv": [38, 0], "mirror": true},
						{
							"origin": [-4, 13, 7],
							"size": [4, 10, 1],
							"pivot": [0, 14, 0],
							"rotation": [5, -32.5, 15],
							"uv": {
								"north": {"uv": [20, 47], "uv_size": [4, 10]},
								"east": {"uv": [19, 47], "uv_size": [1, 10]},
								"south": {"uv": [15, 47], "uv_size": [4, 10]},
								"west": {"uv": [14, 47], "uv_size": [1, 10]},
								"up": {"uv": [15, 46], "uv_size": [4, 1]},
								"down": {"uv": [19, 47], "uv_size": [4, -1]}
							}
						},
						{"origin": [6.5, 13, -2], "size": [1, 10, 4], "pivot": [0, 14, 0], "rotation": [0, -15, -10], "uv": [16, 32]},
						{
							"origin": [-2.5, 13, 7],
							"size": [5, 10.5, 2],
							"pivot": [0, 14, 0],
							"rotation": [17.5, 0, 0],
							"uv": {
								"north": {"uv": [9, 38], "uv_size": [5, 10]},
								"east": {"uv": [0, 38], "uv_size": [2, 10]},
								"south": {"uv": [2, 38], "uv_size": [5, 10]},
								"west": {"uv": [7, 38], "uv_size": [2, 10]},
								"up": {"uv": [2, 36], "uv_size": [5, 2]},
								"down": {"uv": [7, 38], "uv_size": [5, -2]}
							}
						}
					]
				},
				{
					"name": "ear",
					"parent": "armorHead",
					"pivot": [0, 14, 0],
					"cubes": [
						{
							"origin": [-4, 24, -1],
							"size": [4, 4, 2],
							"pivot": [0, 14, 0],
							"rotation": [0, 0, -7.5],
							"uv": {
								"north": {"uv": [52, 23], "uv_size": [4, 4]},
								"east": {"uv": [44, 23], "uv_size": [2, 4]},
								"south": {"uv": [46, 23], "uv_size": [4, 4]},
								"west": {"uv": [50, 23], "uv_size": [2, 4]},
								"up": {"uv": [46, 21], "uv_size": [4, 2]},
								"down": {"uv": [50, 23], "uv_size": [4, -2]}
							}
						},
						{
							"origin": [0, 24, -1],
							"size": [4, 4, 2],
							"pivot": [0, 14, 0],
							"rotation": [0, 0, 7.5],
							"uv": {
								"north": {"uv": [56, 23], "uv_size": [-4, 4]},
								"east": {"uv": [52, 23], "uv_size": [-2, 4]},
								"south": {"uv": [50, 23], "uv_size": [-4, 4]},
								"west": {"uv": [46, 23], "uv_size": [-2, 4]},
								"up": {"uv": [50, 21], "uv_size": [-4, 2]},
								"down": {"uv": [54, 23], "uv_size": [-4, -2]}
							}
						},
						{
							"origin": [0.5, 27.5, -0.4],
							"size": [3, 2, 2],
							"pivot": [0, 14, 0],
							"rotation": [2.5, 0, 7.5],
							"uv": {
								"north": {"uv": [59, 33], "uv_size": [3, 2]},
								"east": {"uv": [52, 33], "uv_size": [2, 2]},
								"south": {"uv": [54, 33], "uv_size": [3, 2]},
								"west": {"uv": [57, 33], "uv_size": [2, 2]},
								"up": {"uv": [54, 31], "uv_size": [3, 2]},
								"down": {"uv": [57, 33], "uv_size": [3, -2]}
							}
						},
						{"origin": [1, 29.5, -0.3], "size": [2, 1, 2], "pivot": [0, 14, 0], "rotation": [2.5, 0, 7.5], "uv": [16, 29]},
						{
							"origin": [-3, 29.5, -0.3],
							"size": [2, 1, 2],
							"pivot": [0, 14, 0],
							"rotation": [2.5, 0, -7.5],
							"uv": {
								"north": {"uv": [20, 31], "uv_size": [-2, 1]},
								"east": {"uv": [22, 31], "uv_size": [-2, 1]},
								"south": {"uv": [24, 31], "uv_size": [-2, 1]},
								"west": {"uv": [18, 31], "uv_size": [-2, 1]},
								"up": {"uv": [20, 29], "uv_size": [-2, 2]},
								"down": {"uv": [22, 31], "uv_size": [-2, -2]}
							}
						},
						{
							"origin": [-3.5, 27.5, -0.4],
							"size": [3, 2, 2],
							"pivot": [0, 14, 0],
							"rotation": [2.5, 0, -7.5],
							"uv": {
								"north": {"uv": [62, 33], "uv_size": [-3, 2]},
								"east": {"uv": [59, 33], "uv_size": [-2, 2]},
								"south": {"uv": [57, 33], "uv_size": [-3, 2]},
								"west": {"uv": [54, 33], "uv_size": [-2, 2]},
								"up": {"uv": [57, 31], "uv_size": [-3, 2]},
								"down": {"uv": [60, 33], "uv_size": [-3, -2]}
							}
						}
					]
				},
				{
					"name": "bipedBody",
					"pivot": [0, 14, 0]
				},
				{
					"name": "armorBody",
					"parent": "bipedBody",
					"pivot": [0, 14, 0],
					"cubes": [
						{"origin": [-3, 6, -2], "size": [6, 8, 4], "uv": [28, 25]},
						{"origin": [-3.6, 9, -2.4], "size": [7.1, 1, 4.9], "uv": [25, 14]},
						{
							"origin": [-3.25, 6, -2.25],
							"size": [6.75, 3, 4.75],
							"uv": {
								"north": {"uv": [14, 33], "uv_size": [6, 3]},
								"east": {"uv": [10, 33], "uv_size": [4, 3]},
								"south": {"uv": [4, 33], "uv_size": [6, 3]},
								"west": {"uv": [0, 33], "uv_size": [4, 3]},
								"up": {"uv": [4, 29], "uv_size": [6, 4]},
								"down": {"uv": [10, 33], "uv_size": [6, -4]}
							}
						}
					]
				},
				{
					"name": "tail",
					"parent": "armorBody",
					"pivot": [0, 14, 0],
					"cubes": [
						{"origin": [-1, 3, -3.2], "size": [2, 2, 5], "pivot": [0, 14, 0], "rotation": [35, 0, 0], "uv": [43, 32]},
						{
							"origin": [-1, 10, 5],
							"size": [2, 2, 5],
							"pivot": [0, 14, 0],
							"rotation": [-50, 0, 0],
							"uv": {
								"north": {"uv": [49, 40], "uv_size": [2, 2]},
								"east": {"uv": [50, 43], "uv_size": [5, 2]},
								"south": {"uv": [53, 44], "uv_size": [2, 2]},
								"west": {"uv": [50, 40], "uv_size": [5, 2]},
								"up": {"uv": [48, 42], "uv_size": [2, 5]},
								"down": {"uv": [50, 47], "uv_size": [2, -5]}
							}
						}
					]
				},
				{
					"name": "bipedRightArm",
					"pivot": [-4, 13.5, 0]
				},
				{
					"name": "armorRightArm",
					"parent": "bipedRightArm",
					"pivot": [-4, 13.5, 0],
					"cubes": [
						{"origin": [-5, 9, -1], "size": [2, 5, 2], "pivot": [-4, 13, 0], "rotation": [0, 0, 20], "uv": [24, 51]},
						{
							"origin": [-4.5, 8, -0.25],
							"size": [1, 5, 1],
							"pivot": [-4, 13, 0],
							"rotation": [0, 0, 20],
							"uv": {
								"north": {"uv": [28, 30], "uv_size": [-1, 5]},
								"east": {"uv": [25, 30], "uv_size": [-1, 5]},
								"south": {"uv": [26, 30], "uv_size": [-1, 5]},
								"west": {"uv": [27, 30], "uv_size": [-1, 5]},
								"up": {"uv": [25, 30], "uv_size": [1, -1]},
								"down": {"uv": [26, 29], "uv_size": [1, 1]}
							}
						},
						{"origin": [-5.75, 4.5, -1.5], "size": [3.5, 3.5, 3.5], "pivot": [-4, 13, 0], "rotation": [0, 0, 20], "uv": [0, 48]}
					]
				},
				{
					"name": "bipedLeftArm",
					"pivot": [4, 13.5, 0]
				},
				{
					"name": "armorLeftArm",
					"parent": "bipedLeftArm",
					"pivot": [4, 13.5, 0],
					"cubes": [
						{"origin": [3, 9, -1], "size": [2, 5, 2], "pivot": [4, 13, 0], "rotation": [0, 0, -20], "uv": [24, 51], "mirror": true},
						{
							"origin": [3.5, 8, -0.25],
							"size": [1, 5, 1],
							"pivot": [4, 13, 0],
							"rotation": [0, 0, -20],
							"uv": {
								"north": {"uv": [27, 30], "uv_size": [1, 5]},
								"east": {"uv": [26, 30], "uv_size": [1, 5]},
								"south": {"uv": [25, 30], "uv_size": [1, 5]},
								"west": {"uv": [24, 30], "uv_size": [1, 5]},
								"up": {"uv": [26, 30], "uv_size": [-1, -1]},
								"down": {"uv": [27, 29], "uv_size": [-1, 1]}
							}
						},
						{"origin": [2.25, 4.5, -1.5], "size": [3.5, 3.5, 3.5], "pivot": [4, 13, 0], "rotation": [0, 0, -20], "uv": [0, 48], "mirror": true}
					]
				},
				{
					"name": "bipedLeftLeg",
					"pivot": [-2, 6, 0]
				},
				{
					"name": "armorLeftLeg",
					"parent": "bipedLeftLeg",
					"pivot": [-2, 6, 0],
					"cubes": [
						{"origin": [-3.25, 0, -2.25], "size": [2.5, 1, 2.5], "uv": [8, 55]},
						{"origin": [-3.25, 0, -1.25], "size": [2.5, 3, 2.5], "uv": [0, 54]},
						{"origin": [-3, 0, -1], "size": [2, 6, 2], "uv": [0, 0]}
					]
				},
				{
					"name": "armorLeftBoot",
					"parent": "bipedLeftLeg",
					"pivot": [-2, 6, 0]
				},
				{
					"name": "bipedRightLeg",
					"pivot": [2, 6, 0]
				},
				{
					"name": "armorRightLeg",
					"parent": "bipedRightLeg",
					"pivot": [2, 6, 0],
					"cubes": [
						{"origin": [0.75, 0, -1.25], "size": [2.5, 3, 2.5], "uv": [54, 48]},
						{"origin": [0.75, 0, -2.25], "size": [2.5, 1, 2.5], "uv": [52, 54]},
						{"origin": [1, 0, -1], "size": [2, 6, 2], "uv": [29, 0]}
					]
				},
				{
					"name": "armorRightBoot",
					"parent": "bipedRightLeg",
					"pivot": [2, 6, 0]
				}
			]
		}
	]
}