{
	"format_version": "1.12.0",
	"minecraft:geometry": [
		{
			"description": {
				"identifier": "geometry.unknown",
				"texture_width": 64,
				"texture_height": 64,
				"visible_bounds_width": 3,
				"visible_bounds_height": 3.5,
				"visible_bounds_offset": [0, 1.25, 0]
			},
			"bones": [
				{
					"name": "bipedHead",
					"pivot": [0, 24, 0]
				},
				{
					"name": "armorHead",
					"parent": "bipedHead",
					"pivot": [0, 24, 0]
				},
				{
					"name": "bone4",
					"parent": "armorHead",
					"pivot": [-5, 30, 0],
					"cubes": [
						{"origin": [-5.2, 28, -1], "size": [2, 2, 2], "pivot": [-5, 30, 0], "rotation": [0, 0, -47.5], "uv": [0, 0]}
					]
				},
				{
					"name": "bone7",
					"parent": "bone4",
					"pivot": [-4.90453, 28.624, 0],
					"cubes": [
						{"origin": [-6.95, 28.75, -1], "size": [2, 1, 2], "pivot": [-5, 30, 0], "rotation": [0, 0, -47.5], "uv": [24, 0]},
						{"origin": [-6.95, 28.25, -1], "size": [2, 1, 2], "pivot": [-5, 30, 0], "rotation": [0, 0, -47.5], "uv": [24, 3]}
					]
				},
				{
					"name": "bone8",
					"parent": "bone7",
					"pivot": [-5.58012, 27.88672, 0],
					"cubes": [
						{"origin": [-7.95, 28.5, -0.75], "size": [2, 1, 1.5], "pivot": [-5, 30, 0], "rotation": [0, 0, -47.5], "uv": [21, 17]}
					]
				},
				{
					"name": "bone5",
					"parent": "armorHead",
					"pivot": [5, 30, 0],
					"cubes": [
						{"origin": [3.2, 28, -1], "size": [2, 2, 2], "pivot": [5, 30, 0], "rotation": [0, 0, 47.5], "uv": [0, 0], "mirror": true}
					]
				},
				{
					"name": "bone3",
					"parent": "bone5",
					"pivot": [4.90453, 28.624, 0],
					"cubes": [
						{"origin": [4.95, 28.75, -1], "size": [2, 1, 2], "pivot": [5, 30, 0], "rotation": [0, 0, 47.5], "uv": [24, 0], "mirror": true},
						{"origin": [4.95, 28.25, -1], "size": [2, 1, 2], "pivot": [5, 30, 0], "rotation": [0, 0, 47.5], "uv": [24, 3], "mirror": true}
					]
				},
				{
					"name": "bone6",
					"parent": "bone3",
					"pivot": [5.58012, 27.88672, 0],
					"cubes": [
						{"origin": [5.95, 28.5, -0.75], "size": [2, 1, 1.5], "pivot": [5, 30, 0], "rotation": [0, 0, 47.5], "uv": [21, 17], "mirror": true}
					]
				},
				{
					"name": "bone",
					"parent": "armorHead",
					"pivot": [7.43434, 35.94564, -1],
					"cubes": [
						{"origin": [1, 31.75, -1.5], "size": [2, 1, 1], "pivot": [2, 32.5, -1], "rotation": [0, 0, -50], "uv": [47, 19]},
						{"origin": [2.36639, 32.77988, -1.5], "size": [3, 1, 1], "pivot": [3.31639, 33.67988, -1], "rotation": [0, 0, -25], "uv": [40, 22]},
						{"origin": [3.161, 34.30882, -1.7], "size": [3, 1, 1], "pivot": [4.661, 34.80882, -1], "rotation": [0, 7.5, -60], "uv": [39, 37]},
						{"origin": [0.73876, 33.4794, -1.2], "size": [3, 1, 1], "pivot": [2.23876, 33.9794, -1], "rotation": [0, -10, -90], "uv": [39, 31]},
						{"origin": [5.09652, 33.69503, -1.5], "size": [3, 1, 1], "pivot": [5.79652, 34.39503, -1], "rotation": [0, 0, -10], "uv": [40, 20]},
						{"origin": [6.37352, 34.85794, -1.5], "size": [3, 1, 1], "pivot": [7.77352, 35.65794, -1], "rotation": [0, 0, -75], "uv": [39, 39]},
						{"origin": [6.43434, 35.44564, -1.3], "size": [2, 1, 1], "pivot": [7.43434, 35.94564, -1], "rotation": [0, -10, -125], "uv": [47, 15]}
					]
				},
				{
					"name": "bone13",
					"parent": "bone",
					"pivot": [8.18452, 35.90103, -1],
					"cubes": [
						{"origin": [7.87352, 33.85794, -1], "size": [1, 1, 0], "pivot": [7.77352, 35.65794, -1], "rotation": [0, 0, -75], "uv": [6, 5]}
					]
				},
				{
					"name": "bone12",
					"parent": "bone",
					"pivot": [5.25146, 33.81378, -1],
					"cubes": [
						{"origin": [4.95146, 32.31378, -1], "size": [1, 1, 0], "pivot": [5.25146, 32.81378, -1], "rotation": [0, 0, -112.5], "uv": [6, 4]}
					]
				},
				{
					"name": "bone14",
					"parent": "bone",
					"pivot": [3.52395, 34.37124, -1],
					"cubes": [
						{"origin": [6.85146, 33.31378, -1], "size": [1, 1, 0], "pivot": [5.25146, 32.81378, -1], "rotation": [0, 0, -112.5], "uv": [6, 1]}
					]
				},
				{
					"name": "bone15",
					"parent": "bone",
					"pivot": [1.2935, 34.52976, -1],
					"cubes": [
						{"origin": [0.7935, 34.02976, -1], "size": [1, 1, 0], "pivot": [1.2935, 34.52976, -1], "rotation": [0, 0, -92.5], "uv": [6, 0]}
					]
				},
				{
					"name": "bone2",
					"parent": "armorHead",
					"pivot": [-7.43434, 35.94564, -1],
					"cubes": [
						{"origin": [-3, 31.75, -1.5], "size": [2, 1, 1], "pivot": [-2, 32.5, -1], "rotation": [0, 0, 50], "uv": [46, 38]},
						{"origin": [-5.36639, 32.77988, -1.5], "size": [3, 1, 1], "pivot": [-3.31639, 33.67988, -1], "rotation": [0, 0, 25], "uv": [32, 38]},
						{"origin": [-6.161, 34.30882, -1.7], "size": [3, 1, 1], "pivot": [-4.661, 34.80882, -1], "rotation": [0, -7.5, 60], "uv": [32, 36]},
						{"origin": [-3.73876, 33.4794, -1.2], "size": [3, 1, 1], "pivot": [-2.23876, 33.9794, -1], "rotation": [0, 10, 90], "uv": [36, 18]},
						{"origin": [-8.09652, 33.69503, -1.5], "size": [3, 1, 1], "pivot": [-5.79652, 34.39503, -1], "rotation": [0, 0, 10], "uv": [36, 16]},
						{"origin": [-9.37352, 34.85794, -1.5], "size": [3, 1, 1], "pivot": [-7.77352, 35.65794, -1], "rotation": [0, 0, 75], "uv": [24, 6]},
						{"origin": [-8.43434, 35.44564, -1.3], "size": [2, 1, 1], "pivot": [-7.43434, 35.94564, -1], "rotation": [0, 10, 125], "uv": [46, 36]}
					]
				},
				{
					"name": "bone9",
					"parent": "bone2",
					"pivot": [-7.25221, 33.458, -1],
					"cubes": [
						{"origin": [-8.25221, 32.958, -1], "size": [2, 1, 0], "uv": [20, 48]}
					]
				},
				{
					"name": "bone10",
					"parent": "bone9",
					"pivot": [-7.10221, 33.458, -1],
					"cubes": [
						{"origin": [-7.60221, 31.958, -1.5], "size": [1, 1, 1], "uv": [28, 48]}
					]
				},
				{
					"name": "bone11",
					"parent": "bone10",
					"pivot": [-7.25221, 31.958, -1],
					"cubes": [
						{"origin": [-8.25221, 29.958, -1], "size": [2, 2, 0], "uv": [24, 48]}
					]
				},
				{
					"name": "bone19",
					"parent": "bone2",
					"pivot": [-8.18452, 35.90103, -1],
					"cubes": [
						{"origin": [-8.87352, 33.85794, -1], "size": [1, 1, 0], "pivot": [-7.77352, 35.65794, -1], "rotation": [0, 0, 75], "uv": [0, 5]}
					]
				},
				{
					"name": "bone18",
					"parent": "bone2",
					"pivot": [-5.17493, 32.99856, -1],
					"cubes": [
						{"origin": [-5.95146, 32.31378, -1], "size": [1, 1, 0], "pivot": [-5.25146, 32.81378, -1], "rotation": [0, 0, 112.5], "uv": [0, 4]}
					]
				},
				{
					"name": "bone17",
					"parent": "bone2",
					"pivot": [-3.52395, 34.37124, -1],
					"cubes": [
						{"origin": [-7.85146, 33.31378, -1], "size": [1, 1, 0], "pivot": [-5.25146, 32.81378, -1], "rotation": [0, 0, 112.5], "uv": [0, 1]}
					]
				},
				{
					"name": "bone16",
					"parent": "bone2",
					"pivot": [-1.2935, 34.52976, -1],
					"cubes": [
						{"origin": [-1.7935, 34.02976, -1], "size": [1, 1, 0], "pivot": [-1.2935, 34.52976, -1], "rotation": [0, 0, 92.5], "uv": [0, 0]}
					]
				},
				{
					"name": "bipedBody",
					"pivot": [0, 24, 0]
				},
				{
					"name": "armorBody",
					"parent": "bipedBody",
					"pivot": [0, 24, 0]
				},
				{
					"name": "bone20",
					"parent": "armorBody",
					"pivot": [-0.10249, 14.19337, 1.40216],
					"cubes": [
						{"origin": [-0.9, 14.3, 1.5], "size": [1, 1, 2], "pivot": [-0.1, 14.5, 2.5], "rotation": [26.69458, 6.86379, -13.36965], "uv": [46, 22]},
						{"origin": [-1.3, 14.4, 1.5], "size": [1, 1, 2], "pivot": [-0.1, 14.5, 2.5], "rotation": [29.22719, -0.81014, -38.61866], "uv": [40, 45]},
						{"origin": [-0.3, 14.3, 1.5], "size": [1, 1, 2], "pivot": [-0.1, 14.5, 2.5], "rotation": [26.69458, -6.86379, 13.36965], "uv": [44, 44]},
						{"origin": [0.1, 14.4, 1.5], "size": [1, 1, 2], "pivot": [-0.1, 14.5, 2.5], "rotation": [29.22719, 0.81014, 38.61866], "uv": [44, 41]},
						{"origin": [-1.35361, 15.22877, 2.55984], "size": [1, 1, 2], "pivot": [-0.1, 15.0553, 4.16215], "rotation": [33.13502, 2.30999, -38.56747], "uv": [36, 44]},
						{"origin": [-0.83743, 15.08881, 2.54409], "size": [1, 1, 2], "pivot": [-0.1, 15.0553, 4.16215], "rotation": [31.60659, 7.99365, -12.73415], "uv": [44, 33]},
						{"origin": [-0.36257, 15.08881, 2.54409], "size": [1, 1, 2], "pivot": [-0.1, 15.0553, 4.16215], "rotation": [31.60659, -7.99365, 12.73415], "uv": [44, 28]},
						{"origin": [0.15361, 15.22877, 2.55984], "size": [1, 1, 2], "pivot": [-0.1, 15.0553, 4.16215], "rotation": [33.13502, -2.30999, 38.56747], "uv": [44, 25]},
						{"origin": [-0.80202, 14.8851, 4.52002], "size": [1, 1, 1], "pivot": [-0.1, 15.0553, 4.16215], "rotation": [45.0549, 11.54623, -37.11981], "uv": [16, 48]},
						{"origin": [-1.14089, 14.96827, 4.48066], "size": [1, 1, 1], "pivot": [-0.1, 15.0553, 4.16215], "rotation": [50.5055, 22.65265, 3.41303], "uv": [48, 13]},
						{"origin": [0.2146, 13.72951, 3.79338], "size": [1, 1, 1], "pivot": [-0.1, 15.0553, 4.16215], "rotation": [150.14293, -30.37236, -40.11418], "uv": [12, 48]},
						{"origin": [-0.3373, 14.2815, 3.24717], "size": [1, 1, 1], "pivot": [-0.1, 15.0553, 4.16215], "rotation": [170.97252, -11.09164, -48.32311], "uv": [48, 11]},
						{"origin": [-0.02519, 14.96827, 4.3743], "size": [1, 1, 1], "pivot": [-0.1, 15.0553, 4.16215], "rotation": [54.33137, -28.76469, -12.20601], "uv": [48, 9]},
						{"origin": [-0.39798, 14.8851, 4.52002], "size": [1, 1, 1], "pivot": [-0.1, 15.0553, 4.16215], "rotation": [45.0549, -11.54623, 37.11981], "uv": [8, 48]},
						{"origin": [-1.16932, 14.3554, 3.87286], "size": [1, 1, 1], "pivot": [-0.1, 14.60969, 4.28348], "rotation": [-136.96925, -10.03078, 37.49878], "uv": [48, 7]},
						{"origin": [-0.87684, 14.94174, 3.79446], "size": [1, 1, 1], "pivot": [-0.1, 15.0553, 4.16215], "rotation": [-120.86747, -12.95254, 7.63074], "uv": [48, 5]},
						{"origin": [-0.32316, 14.94174, 3.79446], "size": [1, 1, 1], "pivot": [-0.1, 15.0553, 4.16215], "rotation": [-120.86747, 12.95254, -7.63074], "uv": [4, 48]},
						{"origin": [-0.1391, 14.95645, 3.75431], "size": [1, 1, 1], "pivot": [-0.1, 15.0553, 4.16215], "rotation": [-124.43645, 18.86798, -34.35044], "uv": [48, 3]},
						{"origin": [-0.65102, 15.09373, 4.53735], "size": [1, 1, 1], "pivot": [-0.1, 15.0553, 4.16215], "rotation": [-124.43645, -18.86798, 34.35044], "uv": [48, 0]},
						{"origin": [-0.92569, 13.51381, 2.49862], "size": [1, 1, 2], "pivot": [-0.1, 13.80969, 3.88348], "rotation": [-118.32159, -13.27207, 7.05308], "uv": [44, 0]},
						{"origin": [-0.27431, 13.51381, 2.49862], "size": [1, 1, 2], "pivot": [-0.1, 13.80969, 3.88348], "rotation": [-118.32159, 13.27207, -7.05308], "uv": [32, 43]},
						{"origin": [-0.54898, 15.09373, 4.53735], "size": [1, 1, 1], "pivot": [-0.1, 15.0553, 4.16215], "rotation": [-124.43645, 18.86798, -34.35044], "uv": [0, 48]},
						{"origin": [-0.27431, 13.51381, 3.49862], "size": [1, 1, 1], "pivot": [-0.1, 13.80969, 3.88348], "rotation": [-135.99297, 10.54529, -10.72858], "uv": [45, 47]},
						{"origin": [-0.92569, 13.51381, 3.49862], "size": [1, 1, 1], "pivot": [-0.1, 13.80969, 3.88348], "rotation": [-135.99297, -10.54529, 10.72858], "uv": [35, 47]},
						{"origin": [-1.16932, 12.9554, 2.97286], "size": [1, 1, 1], "pivot": [-0.1, 13.20969, 3.38348], "rotation": [-156.6531, 5.47871, 38.29555], "uv": [47, 31]},
						{"origin": [-0.92569, 12.91381, 2.99862], "size": [1, 1, 1], "pivot": [-0.1, 13.20969, 3.38348], "rotation": [-160.62994, -5.07855, 14.13272], "uv": [32, 46]},
						{"origin": [-0.27431, 12.91381, 2.99862], "size": [1, 1, 1], "pivot": [-0.1, 13.20969, 3.38348], "rotation": [-160.62994, 5.07855, -14.13272], "uv": [0, 34]},
						{"origin": [-0.03068, 12.9554, 2.97286], "size": [1, 1, 1], "pivot": [-0.1, 13.20969, 3.38348], "rotation": [-156.6531, -5.47871, -38.29555], "uv": [0, 32]},
						{"origin": [-0.27431, 12.91381, 2.99862], "size": [1, 1, 1], "pivot": [-0.1, 13.20969, 3.38348], "rotation": [-160.62994, 5.07855, -14.13272], "uv": [0, 18]},
						{"origin": [-0.92569, 12.91381, 2.99862], "size": [1, 1, 1], "pivot": [-0.1, 13.20969, 3.38348], "rotation": [-160.62994, -5.07855, 14.13272], "uv": [0, 16]},
						{"origin": [-1.16932, 12.6554, 2.17286], "size": [1, 1, 2], "pivot": [-0.1, 12.90969, 2.58348], "rotation": [-174.7289, 18.63956, 34.46367], "uv": [43, 16]},
						{"origin": [-0.92569, 12.61381, 2.19862], "size": [1, 1, 2], "pivot": [-0.1, 12.90969, 2.58348], "rotation": [178.0681, 0.51754, 14.99127], "uv": [40, 42]},
						{"origin": [-0.27431, 12.61381, 2.19862], "size": [1, 1, 2], "pivot": [-0.1, 12.90969, 2.58348], "rotation": [178.0681, -0.51754, -14.99127], "uv": [36, 41]},
						{"origin": [-0.03068, 12.6554, 2.17286], "size": [1, 1, 2], "pivot": [-0.1, 12.90969, 2.58348], "rotation": [-174.7289, -18.63956, -34.46367], "uv": [40, 34]},
						{"origin": [0.16954, 13.04366, 1.39637], "size": [1, 1, 2], "pivot": [0.96954, 13.64366, 2.39637], "rotation": [-176.03906, -7.25895, -25.89503], "uv": [32, 40]},
						{"origin": [-1.26954, 13.04366, 1.39637], "size": [1, 1, 2], "pivot": [-0.96954, 13.64366, 2.39637], "rotation": [178.96094, 7.25895, 25.89503], "uv": [40, 27]},
						{"origin": [-0.27431, 12.61381, 2.19862], "size": [1, 1, 2], "pivot": [-0.1, 12.90969, 2.58348], "rotation": [178.0681, -0.51754, -14.99127], "uv": [40, 24]},
						{"origin": [-0.92569, 12.61381, 2.19862], "size": [1, 1, 2], "pivot": [-0.1, 12.90969, 2.58348], "rotation": [178.0681, 0.51754, 14.99127], "uv": [30, 1]}
					]
				},
				{
					"name": "bipedRightArm",
					"pivot": [-4, 22, 0]
				},
				{
					"name": "armorRightArm",
					"parent": "bipedRightArm",
					"pivot": [-4, 22, 0]
				},
				{
					"name": "bipedLeftArm",
					"pivot": [4, 22, 0]
				},
				{
					"name": "armorLeftArm",
					"parent": "bipedLeftArm",
					"pivot": [4, 22, 0]
				},
				{
					"name": "bipedLeftLeg",
					"pivot": [2, 12, 0]
				},
				{
					"name": "armorLeftLeg",
					"parent": "bipedLeftLeg",
					"pivot": [2, 12, 0]
				},
				{
					"name": "armorLeftBoot",
					"parent": "bipedLeftLeg",
					"pivot": [2, 12, 0]
				},
				{
					"name": "bipedRightLeg",
					"pivot": [-2, 12, 0]
				},
				{
					"name": "armorRightLeg",
					"parent": "bipedRightLeg",
					"pivot": [-2, 12, 0]
				},
				{
					"name": "armorRightBoot",
					"parent": "bipedRightLeg",
					"pivot": [-2, 12, 0]
				}
			]
		}
	]
}