{
	"format_version": "1.12.0",
	"minecraft:geometry": [
		{
			"description": {
				"identifier": "geometry.unknown",
				"texture_width": 128,
				"texture_height": 128,
				"visible_bounds_width": 2,
				"visible_bounds_height": 2.5,
				"visible_bounds_offset": [0, 0.75, 0]
			},
			"bones": [
				{
					"name": "bipedHead",
					"pivot": [0, 24, 0],
					"cubes": [
						{
							"origin": [-6, 16, -3.5],
							"size": [7, 7, 7],
							"uv": {
								"north": {"uv": [16, 80], "uv_size": [16, 16]},
								"east": {"uv": [32, 80], "uv_size": [16, 16]},
								"south": {"uv": [48, 80], "uv_size": [16, 16]},
								"west": {"uv": [0, 80], "uv_size": [16, 16]},
								"up": {"uv": [32, 64], "uv_size": [-16, 16]},
								"down": {"uv": [16, 112], "uv_size": [16, -16]}
							}
						},
						{"origin": [-3, 11, -1.5], "size": [3, 7, 3], "uv": [44, 46]},
						{"origin": [0, 11, 2], "size": [2, 6, 2], "pivot": [-1, 11, 0], "rotation": [27.5, 0, 0], "uv": [17, 70]}
					]
				},
				{
					"name": "armorHead",
					"parent": "bipedHead",
					"pivot": [-1, 11, 0]
				},
				{
					"name": "bipedBody",
					"pivot": [0, 12, 0]
				},
				{
					"name": "armorBody",
					"parent": "bipedBody",
					"pivot": [0, 12, 0],
					"cubes": [
						{"origin": [-2, 1, -2], "size": [4, 5, 4], "uv": [28, 46]},
						{"origin": [-4, 6, -4.5], "size": [8, 4, 9], "uv": [0, 32]},
						{"origin": [-4.5, 9, -5], "size": [9, 2, 10], "uv": [28, 10]},
						{"origin": [-4.5, 9, -5], "size": [9, 2, 10], "uv": [0, 20]},
						{"origin": [-4, 11, -4.5], "size": [8, 1, 9], "uv": [25, 36]},
						{"origin": [-6, 15, -4.5], "size": [8, 1, 9], "pivot": [0, 12, 0], "rotation": [0, 0, 77.5], "uv": [19, 0]},
						{"origin": [4, 9, -5.5], "size": [4, 9, 11], "uv": [0, 0]},
						{"origin": [3, 16, 2.5], "size": [2, 1, 3], "pivot": [0, 12, 0], "rotation": [5, 0, 0], "uv": [0, 0]},
						{"origin": [3.5, 18, -6], "size": [5, 2, 12], "uv": [26, 22]}
					]
				},
				{
					"name": "bipedRightArm",
					"pivot": [-4, 22, 0]
				},
				{
					"name": "armorRightArm",
					"parent": "bipedRightArm",
					"pivot": [-4, 22, 0]
				},
				{
					"name": "bipedLeftArm",
					"pivot": [4, 22, 0]
				},
				{
					"name": "armorLeftArm",
					"parent": "bipedLeftArm",
					"pivot": [4, 22, 0]
				},
				{
					"name": "bipedLeftLeg",
					"pivot": [2, 12, 0]
				},
				{
					"name": "armorLeftLeg",
					"parent": "bipedLeftLeg",
					"pivot": [2, 12, 0]
				},
				{
					"name": "armorLeftBoot",
					"parent": "bipedLeftLeg",
					"pivot": [2, 12, 0]
				},
				{
					"name": "bipedRightLeg",
					"pivot": [-2, 12, 0]
				},
				{
					"name": "armorRightLeg",
					"parent": "bipedRightLeg",
					"pivot": [-2, 12, 0],
					"cubes": [
						{"origin": [-3.5, 0, -4], "size": [7, 1, 8], "uv": [44, 0]}
					]
				},
				{
					"name": "armorRightBoot",
					"parent": "bipedRightLeg",
					"pivot": [-2, 12, 0]
				}
			]
		}
	]
}