{
	"format_version": "1.8.0",
	"animations": {
		"idle": {
			"loop": true,
			"animation_length": 1,
			"bones": {
				"bone3": {
					"rotation": {
						"0.0": {
							"vector": [-2.5, 0, 0]
						},
						"0.4583": {
							"vector": [0, 0, 0],
							"easing": "easeInOutSine"
						},
						"1.0": {
							"vector": [-2.5, 0, 0]
						}
					}
				},
				"armorBody": {
					"rotation": {
						"0.0": {
							"vector": [0, 22.5, 0]
						},
						"0.5": {
							"vector": [0, -25, 0],
							"easing": "easeInOutQuad"
						},
						"1.0": {
							"vector": [0, 22.5, 0],
							"easing": "easeInOutQuad"
						}
					}
				},
				"bone6": {
					"rotation": {
						"0.0": {
							"vector": [2.49762, 0.10901, 0.00238]
						},
						"0.4583": {
							"vector": [0, 0, 0],
							"easing": "easeInOutSine"
						},
						"1.0": {
							"vector": [2.49762, 0.10901, 0.00238],
							"easing": "easeInOutQuad"
						}
					}
				}
			}
		},
		"sneak": {
			"loop": true,
			"animation_length": 1,
			"bones": {
				"bone3": {
					"rotation": {
						"0.0": {
							"vector": [-2.5, 0, 0]
						},
						"0.4583": {
							"vector": [0, 0, 0],
							"easing": "easeInOutSine"
						},
						"1.0": {
							"vector": [-2.5, 0, 0]
						}
					}
				},
				"armorBody": {
					"rotation": {
						"0.0": {
							"vector": [0, 22.5, 0]
						},
						"0.5": {
							"vector": [0, -25, 0],
							"easing": "easeInOutQuad"
						},
						"1.0": {
							"vector": [0, 22.5, 0],
							"easing": "easeInOutQuad"
						}
					},
					"position": {
						"vector": [0, -1.25, 4]
					}
				},
				"bone6": {
					"rotation": {
						"0.0": {
							"vector": [2.49762, 0.10901, 0.00238]
						},
						"0.4583": {
							"vector": [0, 0, 0],
							"easing": "easeInOutSine"
						},
						"1.0": {
							"vector": [2.49762, 0.10901, 0.00238],
							"easing": "easeInOutQuad"
						}
					}
				}
			}
		},
		"walk": {
			"loop": true,
			"animation_length": 1,
			"bones": {
				"bone3": {
					"rotation": {
						"0.0": {
							"vector": [-2.5, 0, 0]
						},
						"0.25": {
							"vector": [-7.5, 0, 0],
							"easing": "easeInSine"
						},
						"0.5": {
							"vector": [-2.5, 0, 0]
						},
						"0.75": {
							"vector": [-7.5, 0, 0],
							"easing": "easeInSine"
						},
						"1.0": {
							"vector": [-2.5, 0, 0],
							"easing": "easeOutSine"
						}
					}
				},
				"armorBody": {
					"rotation": {
						"0.0": {
							"vector": [0, 22.5, 0]
						},
						"0.25": {
							"vector": [-17.5, -1.25, 0],
							"easing": "linear"
						},
						"0.5": {
							"vector": [0, -25, 0],
							"easing": "easeOutQuad"
						},
						"0.75": {
							"vector": [-17.5, -1.25, 0],
							"easing": "linear"
						},
						"1.0": {
							"vector": [0, 22.5, 0],
							"easing": "easeOutQuad"
						}
					}
				},
				"bone6": {
					"rotation": {
						"0.0": {
							"vector": [-2.5, 0, 0]
						},
						"0.25": {
							"vector": [0, 0, 0]
						},
						"0.5": {
							"vector": [-2.5, 0, 0],
							"easing": "easeInSine"
						},
						"0.75": {
							"vector": [0, 0, 0]
						},
						"1.0": {
							"vector": [-2.5, 0, 0],
							"easing": "easeInSine"
						}
					}
				}
			}
		}
	},
	"geckolib_format_version": 2
}