{
	"format_version": "1.8.0",
	"animations": {
		"idle": {
			"loop": true,
			"bones": {
				"mouth_top": {
					"rotation": {
						"vector": ["(math.sin(((query.anim_time-0.5)/3)*360)*-1.5)", 0, 0]
					},
					"position": {
						"vector": [0, "-1+(math.sin(((query.anim_time-0.0)/3)*360)*0.125)", 0]
					},
					"scale": {
						"vector": [1, 1, 1]
					}
				},
				"mouth_btm": {
					"rotation": {
						"vector": ["(math.sin(((query.anim_time-0.75)/3)*360)*1.5)", 0, 0]
					},
					"position": {
						"vector": [0, "0.125+(math.sin(((query.anim_time-0.15)/3)*360)*-0.125)", 0]
					},
					"scale": {
						"vector": [1, 1, 1]
					}
				},
				"mouth_sides": {
					"position": {
						"vector": [0, -0.5, 0]
					},
					"scale": {
						"vector": [1, "0.9+(math.sin(((query.anim_time-0.333)/3)*360)*0.05)", 1]
					}
				},
				"tongue": {
					"rotation": {
						"vector": ["5+(math.sin(((query.anim_time-0.95)/3)*360)*1)", 0, 0]
					},
					"position": {
						"vector": [0, "0.25+(math.sin(((query.anim_time-0.75)/3)*360)*-0.25)", 0]
					},
					"scale": {
						"vector": [
							"1+(math.sin(((query.anim_time-0.25)/3)*360)*0.08)",
							"1+(math.sin(((query.anim_time-0.75)/3)*360)*0.1)",
							"1+(math.sin(((query.anim_time-0.333)/3)*360)*0.08)"
						]
					}
				},
				"leftArmPupil": {
					"position": {
						"vector": [
							0,
							"math.clamp(math.lerp(-0.5, 0.5,math.clamp(math.cos(query.anim_time/2.7*360)*100,0,1)+  math.clamp(math.cos(query.anim_time/19*360)*100,-0.5,0.5)*  math.clamp(math.cos(query.anim_time/5*360)*100,0,1)),-0.5,0.5)",
							"math.clamp(math.lerp(-0.5, 0.5,math.clamp(math.cos(((query.anim_time-0.724)/3)*360)*100,0,1)+  math.clamp(math.cos(((query.anim_time-0.34)/15)*360)*100,-0.5,0.5)*  math.clamp(math.cos(((query.anim_time-0.34)/7.4)*360)*100,0,1)),-0.5,0.5)"
						]
					}
				},
				"eyelids": {
					"position": {
						"vector": [
							0,
							"math.round(math.lerp(0, -2,math.clamp(math.cos((query.anim_time/1)*360)*1,0,1) * math.clamp(math.cos((query.anim_time/4)*360)*1,0,1) * math.clamp(math.cos(((query.anim_time/16)-0.5)*360)*1,0,1)))",
							0
						]
					}
				},
				"leftLegPupil": {
					"position": {
						"vector": [
							0,
							"math.clamp(math.lerp(-0.5, 0.5,math.clamp(math.cos(((query.anim_time-0.936)/2.7)*360)*100,0,1)+  math.clamp(math.cos(((query.anim_time-0.186)/19)*360)*100,-0.5,0.5)*  math.clamp(math.cos(((query.anim_time-0.572)/5)*360)*100,0,1)),-0.5,0.5)",
							"math.clamp(math.lerp(-0.5, 0.5,math.clamp(math.cos(((query.anim_time-0.724-0.333)/3)*360)*100,0,1)+  math.clamp(math.cos(((query.anim_time-0.34-0.486)/15)*360)*100,-0.5,0.5)*  math.clamp(math.cos(((query.anim_time-0.34-0.835)/7.4)*360)*100,0,1)),-0.5,0.5)"
						]
					}
				},
				"frontCloak": {
					"rotation": {
						"vector": ["-1+(math.sin(((query.anim_time-0.25)/6)*360)*2)", 0, 0]
					}
				},
				"backCloak": {
					"rotation": {
						"vector": ["2+(math.sin(((query.anim_time)/6)*360)*2)", 0, 0]
					}
				},
				"rightArmPupil": {
					"position": {
						"vector": [
							0,
							"math.clamp(math.lerp(-0.5, 0.5,math.clamp(math.cos(((query.anim_time-0.936)/2.7)*360)*100,0,1)+  math.clamp(math.cos(((query.anim_time-0.186)/19)*360)*100,-0.5,0.5)*  math.clamp(math.cos(((query.anim_time-0.572)/5)*360)*100,0,1)),-0.5,0.5)",
							"math.clamp(math.lerp(-0.5, 0.5,math.clamp(math.cos(((query.anim_time-0.724-0.333)/3)*360)*100,0,1)+  math.clamp(math.cos(((query.anim_time-0.34-0.486)/15)*360)*100,-0.5,0.5)*  math.clamp(math.cos(((query.anim_time-0.34-0.835)/7.4)*360)*100,0,1)),-0.5,0.5)"
						]
					}
				},
				"rightLegPupil": {
					"position": {
						"vector": [
							0,
							"math.clamp(math.lerp(-0.5, 0.5,math.clamp(math.cos(query.anim_time/2.7*360)*100,0,1)+  math.clamp(math.cos(query.anim_time/19*360)*100,-0.5,0.5)*  math.clamp(math.cos(query.anim_time/5*360)*100,0,1)),-0.5,0.5)",
							"math.clamp(math.lerp(-0.5, 0.5,math.clamp(math.cos(((query.anim_time-0.724)/3)*360)*100,0,1)+  math.clamp(math.cos(((query.anim_time-0.34)/15)*360)*100,-0.5,0.5)*  math.clamp(math.cos(((query.anim_time-0.34)/7.4)*360)*100,0,1)),-0.5,0.5)"
						]
					}
				},
				"leftLegPupil2": {
					"position": {
						"vector": [
							"math.clamp(math.lerp(-0.5, 0.5,math.clamp(math.cos(((query.anim_time-0.324)/3.2)*360)*100,0,1)+  math.clamp(math.cos(((query.anim_time-0.134)/15.5)*360)*100,-0.5,0.5)*  math.clamp(math.cos(((query.anim_time-0.74)/7.3)*360)*100,0,1)),-0.5,0.5)",
							"math.clamp(math.lerp(-0.5, 0.5,math.clamp(math.cos(query.anim_time/2.73*360)*100,0,1)+  math.clamp(math.cos(query.anim_time/19.3*360)*100,-0.5,0.5)*  math.clamp(math.cos(query.anim_time/5.8*360)*100,0,1)),-0.5,0.5)",
							0
						]
					}
				},
				"rightLegPupil2": {
					"position": {
						"vector": [
							"math.clamp(math.lerp(-0.5, 0.5,math.clamp(math.cos(((query.anim_time-0.324)/6.2)*360)*100,0,1)+  math.clamp(math.cos(((query.anim_time-0.134)/15.5)*360)*100,-0.5,0.5)*  math.clamp(math.cos(((query.anim_time-0.74)/3.3)*360)*100,0,1)),-0.5,0.5)",
							"math.clamp(math.lerp(-0.5, 0.5,math.clamp(math.cos(query.anim_time/5.73*360)*100,0,1)+  math.clamp(math.cos(query.anim_time/19.3*360)*100,-0.5,0.5)*  math.clamp(math.cos(query.anim_time/2.8*360)*100,0,1)),-0.5,0.5)",
							0
						]
					}
				},
				"hairBack": {
					"rotation": {
						"vector": ["2+(math.sin(((query.anim_time-0.4)/5)*360)*2)", 0, 0]
					}
				}
			}
		},
		"walking": {
			"loop": true,
			"bones": {
				"mouth_top": {
					"rotation": {
						"vector": ["(math.sin(((query.anim_time/0.75)-0.25)*360)*-3)", 0, 0]
					},
					"position": {
						"vector": [0, "-1+(math.sin(((query.anim_time/0.75)-0.0)*360)*0.25)", 0]
					},
					"scale": {
						"vector": [1, 1, 1]
					}
				},
				"mouth_btm": {
					"rotation": {
						"vector": ["(math.sin(((query.anim_time/0.75)-0.333)*360)*3)", 0, 0]
					},
					"position": {
						"vector": [0, "0.125+(math.sin(((query.anim_time/0.75)-0.15)*360)*-0.33)", 0]
					},
					"scale": {
						"vector": [1, 1, 1]
					}
				},
				"mouth_sides": {
					"position": {
						"vector": [0, -0.5, 0]
					},
					"scale": {
						"vector": [1, "0.9+(math.sin(((query.anim_time/0.75)-0.166)*360)*0.1)", 1]
					}
				},
				"tongue": {
					"rotation": {
						"vector": ["5+(math.sin(((query.anim_time-0.95)/3)*360)*1)", 0, 0]
					},
					"position": {
						"vector": [0, "0.25+(math.sin(((query.anim_time-0.75)/3)*360)*-0.25)", 0]
					},
					"scale": {
						"vector": [
							"1+(math.sin(((query.anim_time-0.25)/3)*360)*0.08)",
							"1+(math.sin(((query.anim_time-0.75)/3)*360)*0.1)",
							"1+(math.sin(((query.anim_time-0.333)/3)*360)*0.08)"
						]
					}
				},
				"leftArmPupil": {
					"position": {
						"vector": [
							0,
							"math.clamp(math.lerp(-0.5, 0.5,math.clamp(math.cos(query.anim_time/2.7*360)*100,0,1)+  math.clamp(math.cos(query.anim_time/19*360)*100,-0.5,0.5)*  math.clamp(math.cos(query.anim_time/5*360)*100,0,1)),-0.5,0.5)",
							"math.clamp(math.lerp(-0.5, 0.5,math.clamp(math.cos(((query.anim_time-0.724)/3)*360)*100,0,1)+  math.clamp(math.cos(((query.anim_time-0.34)/15)*360)*100,-0.5,0.5)*  math.clamp(math.cos(((query.anim_time-0.34)/7.4)*360)*100,0,1)),-0.5,0.5)"
						]
					}
				},
				"eyelids": {
					"position": {
						"vector": [
							0,
							"math.round(math.lerp(0, -2,math.clamp(math.cos((query.anim_time/1)*360)*1,0,1) * math.clamp(math.cos((query.anim_time/4)*360)*1,0,1) * math.clamp(math.cos(((query.anim_time/16)-0.5)*360)*1,0,1)))",
							0
						]
					}
				},
				"leftLegPupil": {
					"position": {
						"vector": [
							0,
							"math.clamp(math.lerp(-0.5, 0.5,math.clamp(math.cos(((query.anim_time-0.936)/2.7)*360)*100,0,1)+  math.clamp(math.cos(((query.anim_time-0.186)/19)*360)*100,-0.5,0.5)*  math.clamp(math.cos(((query.anim_time-0.572)/5)*360)*100,0,1)),-0.5,0.5)",
							"math.clamp(math.lerp(-0.5, 0.5,math.clamp(math.cos(((query.anim_time-0.724-0.333)/3)*360)*100,0,1)+  math.clamp(math.cos(((query.anim_time-0.34-0.486)/15)*360)*100,-0.5,0.5)*  math.clamp(math.cos(((query.anim_time-0.34-0.835)/7.4)*360)*100,0,1)),-0.5,0.5)"
						]
					}
				},
				"frontCloak": {
					"rotation": {
						"vector": ["10+(math.sin(((query.anim_time/0.333)-0.25)*360)*5)", 0, 0]
					},
					"position": {
						"vector": [0, 1, 0]
					}
				},
				"backCloak": {
					"rotation": {
						"vector": ["50+(math.sin(((query.anim_time)/0.333)*360)*5)", 0, 0]
					}
				},
				"rightArmPupil": {
					"position": {
						"vector": [
							0,
							"math.clamp(math.lerp(-0.5, 0.5,math.clamp(math.cos(((query.anim_time-0.936)/2.7)*360)*100,0,1)+  math.clamp(math.cos(((query.anim_time-0.186)/19)*360)*100,-0.5,0.5)*  math.clamp(math.cos(((query.anim_time-0.572)/5)*360)*100,0,1)),-0.5,0.5)",
							"math.clamp(math.lerp(-0.5, 0.5,math.clamp(math.cos(((query.anim_time-0.724-0.333)/3)*360)*100,0,1)+  math.clamp(math.cos(((query.anim_time-0.34-0.486)/15)*360)*100,-0.5,0.5)*  math.clamp(math.cos(((query.anim_time-0.34-0.835)/7.4)*360)*100,0,1)),-0.5,0.5)"
						]
					}
				},
				"rightLegPupil": {
					"position": {
						"vector": [
							0,
							"math.clamp(math.lerp(-0.5, 0.5,math.clamp(math.cos(query.anim_time/2.7*360)*100,0,1)+  math.clamp(math.cos(query.anim_time/19*360)*100,-0.5,0.5)*  math.clamp(math.cos(query.anim_time/5*360)*100,0,1)),-0.5,0.5)",
							"math.clamp(math.lerp(-0.5, 0.5,math.clamp(math.cos(((query.anim_time-0.724)/3)*360)*100,0,1)+  math.clamp(math.cos(((query.anim_time-0.34)/15)*360)*100,-0.5,0.5)*  math.clamp(math.cos(((query.anim_time-0.34)/7.4)*360)*100,0,1)),-0.5,0.5)"
						]
					}
				},
				"leftLegPupil2": {
					"position": {
						"vector": [
							"math.clamp(math.lerp(-0.5, 0.5,math.clamp(math.cos(((query.anim_time-0.324)/3.2)*360)*100,0,1)+  math.clamp(math.cos(((query.anim_time-0.134)/15.5)*360)*100,-0.5,0.5)*  math.clamp(math.cos(((query.anim_time-0.74)/7.3)*360)*100,0,1)),-0.5,0.5)",
							"math.clamp(math.lerp(-0.5, 0.5,math.clamp(math.cos(query.anim_time/2.73*360)*100,0,1)+  math.clamp(math.cos(query.anim_time/19.3*360)*100,-0.5,0.5)*  math.clamp(math.cos(query.anim_time/5.8*360)*100,0,1)),-0.5,0.5)",
							0
						]
					}
				},
				"rightLegPupil2": {
					"position": {
						"vector": [
							"math.clamp(math.lerp(-0.5, 0.5,math.clamp(math.cos(((query.anim_time-0.324)/6.2)*360)*100,0,1)+  math.clamp(math.cos(((query.anim_time-0.134)/15.5)*360)*100,-0.5,0.5)*  math.clamp(math.cos(((query.anim_time-0.74)/3.3)*360)*100,0,1)),-0.5,0.5)",
							"math.clamp(math.lerp(-0.5, 0.5,math.clamp(math.cos(query.anim_time/5.73*360)*100,0,1)+  math.clamp(math.cos(query.anim_time/19.3*360)*100,-0.5,0.5)*  math.clamp(math.cos(query.anim_time/2.8*360)*100,0,1)),-0.5,0.5)",
							0
						]
					}
				},
				"hairBack": {
					"rotation": {
						"vector": ["12.5+(math.sin(((query.anim_time-0.4)/0.25)*360)*5)", 0, 0]
					}
				}
			}
		},
		"sprinting": {
			"loop": true,
			"bones": {
				"mouth_top": {
					"rotation": {
						"vector": ["(math.sin(((query.anim_time/0.5)-0.25)*360)*-3)", 0, 0]
					},
					"position": {
						"vector": [0, "-1+(math.sin(((query.anim_time/0.5)-0.0)*360)*0.5)", 0]
					},
					"scale": {
						"vector": [1, 1, 1]
					}
				},
				"mouth_btm": {
					"rotation": {
						"vector": ["(math.sin(((query.anim_time/0.5)-0.333)*360)*3)", 0, 0]
					},
					"position": {
						"vector": [0, "0.125+(math.sin(((query.anim_time/0.5)-0.15)*360)*-0.75)", 0]
					},
					"scale": {
						"vector": [1, 1, 1]
					}
				},
				"mouth_sides": {
					"position": {
						"vector": [0, -0.5, 0]
					},
					"scale": {
						"vector": [1, "0.9+(math.sin(((query.anim_time/0.5)-0.166)*360)*0.1)", 1]
					}
				},
				"tongue": {
					"rotation": {
						"vector": ["5+(math.sin(((query.anim_time-0.95)/3)*360)*1)", 0, 0]
					},
					"position": {
						"vector": [0, "0.25+(math.sin(((query.anim_time-0.75)/3)*360)*-0.25)", 0]
					},
					"scale": {
						"vector": [
							"1+(math.sin(((query.anim_time-0.25)/3)*360)*0.08)",
							"1+(math.sin(((query.anim_time-0.75)/3)*360)*0.1)",
							"1+(math.sin(((query.anim_time-0.333)/3)*360)*0.08)"
						]
					}
				},
				"leftArmPupil": {
					"position": {
						"vector": [
							0,
							"math.clamp(math.lerp(-0.5, 0.5,math.clamp(math.cos(query.anim_time/2.7*360)*100,0,1)+  math.clamp(math.cos(query.anim_time/19*360)*100,-0.5,0.5)*  math.clamp(math.cos(query.anim_time/5*360)*100,0,1)),-0.5,0.5)",
							"math.clamp(math.lerp(-0.5, 0.5,math.clamp(math.cos(((query.anim_time-0.724)/3)*360)*100,0,1)+  math.clamp(math.cos(((query.anim_time-0.34)/15)*360)*100,-0.5,0.5)*  math.clamp(math.cos(((query.anim_time-0.34)/7.4)*360)*100,0,1)),-0.5,0.5)"
						]
					}
				},
				"eyelids": {
					"position": {
						"vector": [
							0,
							"math.round(math.lerp(0, -2,math.clamp(math.cos((query.anim_time/1)*360)*1,0,1) * math.clamp(math.cos((query.anim_time/4)*360)*1,0,1) * math.clamp(math.cos(((query.anim_time/16)-0.5)*360)*1,0,1)))",
							0
						]
					}
				},
				"leftLegPupil": {
					"position": {
						"vector": [
							0,
							"math.clamp(math.lerp(-0.5, 0.5,math.clamp(math.cos(((query.anim_time-0.936)/2.7)*360)*100,0,1)+  math.clamp(math.cos(((query.anim_time-0.186)/19)*360)*100,-0.5,0.5)*  math.clamp(math.cos(((query.anim_time-0.572)/5)*360)*100,0,1)),-0.5,0.5)",
							"math.clamp(math.lerp(-0.5, 0.5,math.clamp(math.cos(((query.anim_time-0.724-0.333)/3)*360)*100,0,1)+  math.clamp(math.cos(((query.anim_time-0.34-0.486)/15)*360)*100,-0.5,0.5)*  math.clamp(math.cos(((query.anim_time-0.34-0.835)/7.4)*360)*100,0,1)),-0.5,0.5)"
						]
					}
				},
				"frontCloak": {
					"rotation": {
						"vector": ["20+(math.sin(((query.anim_time/0.25)-0.25)*360)*5)", 0, 0]
					},
					"position": {
						"vector": [0, 1.25, 0]
					}
				},
				"backCloak": {
					"rotation": {
						"vector": ["60+(math.sin(((query.anim_time)/0.25)*360)*5)", 0, 0]
					}
				},
				"rightArmPupil": {
					"position": {
						"vector": [
							0,
							"math.clamp(math.lerp(-0.5, 0.5,math.clamp(math.cos(((query.anim_time-0.936)/2.7)*360)*100,0,1)+  math.clamp(math.cos(((query.anim_time-0.186)/19)*360)*100,-0.5,0.5)*  math.clamp(math.cos(((query.anim_time-0.572)/5)*360)*100,0,1)),-0.5,0.5)",
							"math.clamp(math.lerp(-0.5, 0.5,math.clamp(math.cos(((query.anim_time-0.724-0.333)/3)*360)*100,0,1)+  math.clamp(math.cos(((query.anim_time-0.34-0.486)/15)*360)*100,-0.5,0.5)*  math.clamp(math.cos(((query.anim_time-0.34-0.835)/7.4)*360)*100,0,1)),-0.5,0.5)"
						]
					}
				},
				"rightLegPupil": {
					"position": {
						"vector": [
							0,
							"math.clamp(math.lerp(-0.5, 0.5,math.clamp(math.cos(query.anim_time/2.7*360)*100,0,1)+  math.clamp(math.cos(query.anim_time/19*360)*100,-0.5,0.5)*  math.clamp(math.cos(query.anim_time/5*360)*100,0,1)),-0.5,0.5)",
							"math.clamp(math.lerp(-0.5, 0.5,math.clamp(math.cos(((query.anim_time-0.724)/3)*360)*100,0,1)+  math.clamp(math.cos(((query.anim_time-0.34)/15)*360)*100,-0.5,0.5)*  math.clamp(math.cos(((query.anim_time-0.34)/7.4)*360)*100,0,1)),-0.5,0.5)"
						]
					}
				},
				"leftLegPupil2": {
					"position": {
						"vector": [
							"math.clamp(math.lerp(-0.5, 0.5,math.clamp(math.cos(((query.anim_time-0.324)/3.2)*360)*100,0,1)+  math.clamp(math.cos(((query.anim_time-0.134)/15.5)*360)*100,-0.5,0.5)*  math.clamp(math.cos(((query.anim_time-0.74)/7.3)*360)*100,0,1)),-0.5,0.5)",
							"math.clamp(math.lerp(-0.5, 0.5,math.clamp(math.cos(query.anim_time/2.73*360)*100,0,1)+  math.clamp(math.cos(query.anim_time/19.3*360)*100,-0.5,0.5)*  math.clamp(math.cos(query.anim_time/5.8*360)*100,0,1)),-0.5,0.5)",
							0
						]
					}
				},
				"rightLegPupil2": {
					"position": {
						"vector": [
							"math.clamp(math.lerp(-0.5, 0.5,math.clamp(math.cos(((query.anim_time-0.324)/6.2)*360)*100,0,1)+  math.clamp(math.cos(((query.anim_time-0.134)/15.5)*360)*100,-0.5,0.5)*  math.clamp(math.cos(((query.anim_time-0.74)/3.3)*360)*100,0,1)),-0.5,0.5)",
							"math.clamp(math.lerp(-0.5, 0.5,math.clamp(math.cos(query.anim_time/5.73*360)*100,0,1)+  math.clamp(math.cos(query.anim_time/19.3*360)*100,-0.5,0.5)*  math.clamp(math.cos(query.anim_time/2.8*360)*100,0,1)),-0.5,0.5)",
							0
						]
					}
				},
				"hairBack": {
					"rotation": {
						"vector": ["12.5+(math.sin(((query.anim_time-0.4)/0.25)*360)*5)", 0, 0]
					}
				}
			}
		}
	},
	"geckolib_format_version": 2
}