{
	"format_version": "1.12.0",
	"minecraft:geometry": [
		{
			"description": {
				"identifier": "geometry.unknown",
				"texture_width": 64,
				"texture_height": 64,
				"visible_bounds_width": 4,
				"visible_bounds_height": 5,
				"visible_bounds_offset": [0, 1.5, 0]
			},
			"bones": [
				{
					"name": "bipedHead",
					"pivot": [0, 24, 0]
				},
				{
					"name": "armorHead",
					"parent": "bipedHead",
					"pivot": [0, 24, 0]
				},
				{
					"name": "bone",
					"parent": "armorHead",
					"pivot": [8, 44, -8],
					"cubes": [
						{
							"origin": [-0.5, 31.7, -2.15],
							"size": [3, 3, 1],
							"pivot": [0, 32, -1.5],
							"rotation": [0, 0, -45],
							"uv": {
								"north": {"uv": [24, 24], "uv_size": [12, 12]},
								"east": {"uv": [44, 36], "uv_size": [4, 12]},
								"south": {"uv": [0, 32], "uv_size": [12, 12]},
								"west": {"uv": [40, 44], "uv_size": [4, 12]},
								"up": {"uv": [44, 28], "uv_size": [12, 4]},
								"down": {"uv": [48, 40], "uv_size": [12, -4]}
							}
						},
						{
							"origin": [-2, 32, -1.2],
							"size": [4, 1, 1],
							"uv": {
								"north": {"uv": [28, 36], "uv_size": [16, 4]},
								"east": {"uv": [20, 32], "uv_size": [4, 4]},
								"south": {"uv": [36, 32], "uv_size": [16, 4]},
								"west": {"uv": [48, 44], "uv_size": [4, 4]},
								"up": {"uv": [28, 40], "uv_size": [16, 4]},
								"down": {"uv": [44, 4], "uv_size": [16, -4]}
							}
						}
					]
				},
				{
					"name": "group",
					"parent": "bone",
					"pivot": [8, 20, -8],
					"cubes": [
						{
							"origin": [1, 32, -1.5],
							"size": [3, 4, 3],
							"pivot": [1, 32, 0],
							"rotation": [0, 0, 22.5],
							"uv": {
								"north": {"uv": [0, 0], "uv_size": [12, 16]},
								"east": {"uv": [12, 0], "uv_size": [12, 16]},
								"south": {"uv": [0, 16], "uv_size": [12, 16]},
								"west": {"uv": [12, 16], "uv_size": [12, 16]},
								"up": {"uv": [24, 0], "uv_size": [12, 12]},
								"down": {"uv": [24, 24], "uv_size": [12, -12]}
							}
						},
						{
							"origin": [2.74163, 33.75105, -1],
							"size": [2, 4, 2],
							"pivot": [3, 35.5, 0],
							"rotation": [0, 0, -22.5],
							"uv": {
								"north": {"uv": [12, 32], "uv_size": [8, 16]},
								"east": {"uv": [36, 0], "uv_size": [8, 16]},
								"south": {"uv": [36, 16], "uv_size": [8, 16]},
								"west": {"uv": [20, 36], "uv_size": [8, 16]},
								"up": {"uv": [0, 44], "uv_size": [8, 8]},
								"down": {"uv": [44, 12], "uv_size": [8, -8]}
							}
						},
						{
							"origin": [2.30395, 37.03703, -0.5],
							"size": [1, 3, 1],
							"uv": {
								"north": {"uv": [8, 44], "uv_size": [4, 12]},
								"east": {"uv": [28, 44], "uv_size": [4, 12]},
								"south": {"uv": [32, 44], "uv_size": [4, 12]},
								"west": {"uv": [36, 44], "uv_size": [4, 12]},
								"up": {"uv": [0, 52], "uv_size": [4, 4]},
								"down": {"uv": [4, 56], "uv_size": [4, -4]}
							}
						},
						{
							"origin": [2.85, 31.75, -2.75],
							"size": [1, 1, 1],
							"pivot": [3.5, 32, -2],
							"rotation": [-22.5, 0, 0],
							"uv": {
								"north": {"uv": [52, 4], "uv_size": [4, 4]},
								"east": {"uv": [52, 8], "uv_size": [4, 4]},
								"south": {"uv": [52, 12], "uv_size": [4, 4]},
								"west": {"uv": [52, 16], "uv_size": [4, 4]},
								"up": {"uv": [20, 52], "uv_size": [4, 4]},
								"down": {"uv": [52, 24], "uv_size": [4, -4]}
							}
						},
						{
							"origin": [0.5, 32, -3],
							"size": [2, 2, 1],
							"pivot": [1.5, 32, -2],
							"rotation": [0, -22.5, 0],
							"uv": {
								"north": {"uv": [44, 12], "uv_size": [8, 8]},
								"east": {"uv": [12, 48], "uv_size": [4, 8]},
								"south": {"uv": [44, 20], "uv_size": [8, 8]},
								"west": {"uv": [16, 48], "uv_size": [4, 8]},
								"up": {"uv": [48, 40], "uv_size": [8, 4]},
								"down": {"uv": [44, 52], "uv_size": [8, -4]}
							}
						}
					]
				},
				{
					"name": "group2",
					"parent": "bone",
					"pivot": [8, 20, -8],
					"cubes": [
						{
							"origin": [-4, 32, -1.5],
							"size": [3, 4, 3],
							"pivot": [-1, 32, 0],
							"rotation": [0, 0, -22.5],
							"uv": {
								"north": {"uv": [12, 0], "uv_size": [-12, 16]},
								"east": {"uv": [24, 16], "uv_size": [-12, 16]},
								"south": {"uv": [12, 16], "uv_size": [-12, 16]},
								"west": {"uv": [24, 0], "uv_size": [-12, 16]},
								"up": {"uv": [36, 0], "uv_size": [-12, 12]},
								"down": {"uv": [36, 24], "uv_size": [-12, -12]}
							}
						},
						{
							"origin": [-4.74163, 33.75105, -1],
							"size": [2, 4, 2],
							"pivot": [-3, 35.5, 0],
							"rotation": [0, 0, 22.5],
							"uv": {
								"north": {"uv": [20, 32], "uv_size": [-8, 16]},
								"east": {"uv": [28, 36], "uv_size": [-8, 16]},
								"south": {"uv": [44, 16], "uv_size": [-8, 16]},
								"west": {"uv": [44, 0], "uv_size": [-8, 16]},
								"up": {"uv": [8, 44], "uv_size": [-8, 8]},
								"down": {"uv": [52, 12], "uv_size": [-8, -8]}
							}
						},
						{
							"origin": [-3.30395, 37.03703, -0.5],
							"size": [1, 3, 1],
							"uv": {
								"north": {"uv": [12, 44], "uv_size": [-4, 12]},
								"east": {"uv": [40, 44], "uv_size": [-4, 12]},
								"south": {"uv": [36, 44], "uv_size": [-4, 12]},
								"west": {"uv": [32, 44], "uv_size": [-4, 12]},
								"up": {"uv": [4, 52], "uv_size": [-4, 4]},
								"down": {"uv": [8, 56], "uv_size": [-4, -4]}
							}
						},
						{
							"origin": [-3.85, 31.75, -2.75],
							"size": [1, 1, 1],
							"pivot": [-3.5, 32, -2],
							"rotation": [-22.5, 0, 0],
							"uv": {
								"north": {"uv": [56, 4], "uv_size": [-4, 4]},
								"east": {"uv": [56, 16], "uv_size": [-4, 4]},
								"south": {"uv": [56, 12], "uv_size": [-4, 4]},
								"west": {"uv": [56, 8], "uv_size": [-4, 4]},
								"up": {"uv": [24, 52], "uv_size": [-4, 4]},
								"down": {"uv": [56, 24], "uv_size": [-4, -4]}
							}
						},
						{
							"origin": [-2.5, 31.8, -3],
							"size": [2, 2, 1],
							"pivot": [-1.5, 32, -2],
							"rotation": [0, 0, -22.5],
							"uv": {
								"north": {"uv": [52, 12], "uv_size": [-8, 8]},
								"east": {"uv": [20, 48], "uv_size": [-4, 8]},
								"south": {"uv": [52, 20], "uv_size": [-8, 8]},
								"west": {"uv": [16, 48], "uv_size": [-4, 8]},
								"up": {"uv": [56, 40], "uv_size": [-8, 4]},
								"down": {"uv": [52, 52], "uv_size": [-8, -4]}
							}
						}
					]
				},
				{
					"name": "bipedBody",
					"pivot": [0, 24, 0]
				},
				{
					"name": "armorBody",
					"parent": "bipedBody",
					"pivot": [0, 24, 0]
				},
				{
					"name": "bipedRightArm",
					"pivot": [-4, 22, 0]
				},
				{
					"name": "armorRightArm",
					"parent": "bipedRightArm",
					"pivot": [-4, 22, 0]
				},
				{
					"name": "bipedLeftArm",
					"pivot": [4, 22, 0]
				},
				{
					"name": "armorLeftArm",
					"parent": "bipedLeftArm",
					"pivot": [4, 22, 0]
				},
				{
					"name": "bipedLeftLeg",
					"pivot": [-2, 12, 0]
				},
				{
					"name": "armorLeftLeg",
					"parent": "bipedLeftLeg",
					"pivot": [-2, 12, 0]
				},
				{
					"name": "armorLeftBoot",
					"parent": "bipedLeftLeg",
					"pivot": [-2, 12, 0]
				},
				{
					"name": "bipedRightLeg",
					"pivot": [2, 12, 0]
				},
				{
					"name": "armorRightLeg",
					"parent": "bipedRightLeg",
					"pivot": [2, 12, 0]
				},
				{
					"name": "armorRightBoot",
					"parent": "bipedRightLeg",
					"pivot": [2, 12, 0]
				}
			]
		}
	]
}