{
	"format_version": "1.12.0",
	"minecraft:geometry": [
		{
			"description": {
				"identifier": "geometry.unknown",
				"texture_width": 64,
				"texture_height": 64,
				"visible_bounds_width": 3,
				"visible_bounds_height": 4.5,
				"visible_bounds_offset": [0, 1.75, 0]
			},
			"bones": [
				{
					"name": "bipedHead",
					"pivot": [0, 24, 0]
				},
				{
					"name": "armorHead",
					"parent": "bipedHead",
					"pivot": [0, 24, 0]
				},
				{
					"name": "group",
					"parent": "armorHead",
					"pivot": [-4, 0, 4],
					"cubes": [
						{
							"origin": [2.1, 30, -0.1],
							"size": [3, 7, 0],
							"inflate": 0.01,
							"pivot": [4, 32, -0.1],
							"rotation": [0, 22.5, 0],
							"uv": {
								"north": {"uv": [0, 0], "uv_size": [12, 28]},
								"east": {"uv": [0, 0], "uv_size": [0, 28]},
								"south": {"uv": [12, 0], "uv_size": [12, 28]},
								"west": {"uv": [0, 0], "uv_size": [0, 28]},
								"up": {"uv": [0, 0], "uv_size": [12, 0]},
								"down": {"uv": [0, 0], "uv_size": [12, 0]}
							}
						},
						{
							"origin": [1.65, 32, -2.35],
							"size": [0, 5, 3],
							"inflate": 0.01,
							"pivot": [2, 32, -0.85],
							"rotation": [0, 22.5, 0],
							"uv": {
								"north": {"uv": [0, 0], "uv_size": [0, 20]},
								"east": {"uv": [24, 0], "uv_size": [12, 20]},
								"south": {"uv": [0, 0], "uv_size": [0, 20]},
								"west": {"uv": [24, 20], "uv_size": [12, 20]},
								"up": {"uv": [0, 0], "uv_size": [0, 12]},
								"down": {"uv": [0, 12], "uv_size": [0, -12]}
							}
						}
					]
				},
				{
					"name": "group2",
					"parent": "armorHead",
					"pivot": [-4, 0, 4],
					"cubes": [
						{
							"origin": [-5.1, 30, -0.1],
							"size": [3, 7, 0],
							"inflate": 0.01,
							"pivot": [-4, 32, -0.1],
							"rotation": [0, -22.5, 0],
							"uv": {
								"north": {"uv": [12, 0], "uv_size": [-12, 28]},
								"east": {"uv": [0, 0], "uv_size": [0, 28]},
								"south": {"uv": [24, 0], "uv_size": [-12, 28]},
								"west": {"uv": [0, 0], "uv_size": [0, 28]},
								"up": {"uv": [12, 0], "uv_size": [-12, 0]},
								"down": {"uv": [12, 0], "uv_size": [-12, 0]}
							}
						},
						{
							"origin": [-1.65, 32, -2.35],
							"size": [0, 5, 3],
							"inflate": 0.01,
							"pivot": [-2, 32, -0.85],
							"rotation": [0, -22.5, 0],
							"uv": {
								"north": {"uv": [0, 0], "uv_size": [0, 20]},
								"east": {"uv": [36, 20], "uv_size": [-12, 20]},
								"south": {"uv": [0, 0], "uv_size": [0, 20]},
								"west": {"uv": [36, 0], "uv_size": [-12, 20]},
								"up": {"uv": [0, 0], "uv_size": [0, 12]},
								"down": {"uv": [0, 12], "uv_size": [0, -12]}
							}
						}
					]
				},
				{
					"name": "bipedBody",
					"pivot": [0, 24, 0]
				},
				{
					"name": "armorBody",
					"parent": "bipedBody",
					"pivot": [0, 24, 0]
				},
				{
					"name": "bipedRightArm",
					"pivot": [-4, 22, 0]
				},
				{
					"name": "armorRightArm",
					"parent": "bipedRightArm",
					"pivot": [-4, 22, 0]
				},
				{
					"name": "bipedLeftArm",
					"pivot": [4, 22, 0]
				},
				{
					"name": "armorLeftArm",
					"parent": "bipedLeftArm",
					"pivot": [4, 22, 0]
				},
				{
					"name": "bipedLeftLeg",
					"pivot": [-2, 12, 0]
				},
				{
					"name": "armorLeftLeg",
					"parent": "bipedLeftLeg",
					"pivot": [-2, 12, 0]
				},
				{
					"name": "armorLeftBoot",
					"parent": "bipedLeftLeg",
					"pivot": [-2, 12, 0]
				},
				{
					"name": "bipedRightLeg",
					"pivot": [2, 12, 0]
				},
				{
					"name": "armorRightLeg",
					"parent": "bipedRightLeg",
					"pivot": [2, 12, 0]
				},
				{
					"name": "armorRightBoot",
					"parent": "bipedRightLeg",
					"pivot": [2, 12, 0]
				}
			]
		}
	]
}