{
	"format_version": "1.12.0",
	"minecraft:geometry": [
		{
			"description": {
				"identifier": "geometry.unknown",
				"texture_width": 128,
				"texture_height": 128,
				"visible_bounds_width": 4,
				"visible_bounds_height": 3.5,
				"visible_bounds_offset": [0, 1.25, 0]
			},
			"bones": [
				{
					"name": "bipedHead",
					"pivot": [0, 24, 0]
				},
				{
					"name": "armorHead",
					"parent": "bipedHead",
					"pivot": [0, 24, 0]
				},
				{
					"name": "bipedBody",
					"pivot": [0, 24, 0]
				},
				{
					"name": "armorBody",
					"parent": "bipedBody",
					"pivot": [0, 24, 0]
				},
				{
					"name": "Tail",
					"parent": "armorBody",
					"pivot": [0, 14, 2],
					"cubes": [
						{
							"origin": [-1, 12, 1],
							"size": [2, 2, 4],
							"uv": {
								"north": {"uv": [20, 28], "uv_size": [2, 2]},
								"east": {"uv": [16, 36], "uv_size": [4, 2]},
								"south": {"uv": [49, 68], "uv_size": [2, 2]},
								"west": {"uv": [63, 38], "uv_size": [4, 2]},
								"up": {"uv": [68, 0], "uv_size": [2, 4]},
								"down": {"uv": [68, 8], "uv_size": [2, -4]}
							}
						}
					]
				},
				{
					"name": "inner_tail",
					"parent": "Tail",
					"pivot": [0, 15, 3],
					"cubes": [
						{
							"origin": [-2, 11, 3],
							"size": [4, 4, 6],
							"uv": {
								"north": {"uv": [63, 34], "uv_size": [4, 4]},
								"east": {"uv": [56, 0], "uv_size": [6, 4]},
								"south": {"uv": [64, 3], "uv_size": [4, 4]},
								"west": {"uv": [57, 36], "uv_size": [6, 4]},
								"up": {"uv": [20, 54], "uv_size": [4, 6]},
								"down": {"uv": [57, 54], "uv_size": [4, -6]}
							}
						}
					]
				},
				{
					"name": "middle_tail",
					"parent": "inner_tail",
					"pivot": [0, 12.75, 8],
					"cubes": [
						{
							"origin": [-2.5, 10.5, 6],
							"size": [5, 5, 6],
							"uv": {
								"north": {"uv": [10, 52], "uv_size": [5, 5]},
								"east": {"uv": [40, 51], "uv_size": [6, 5]},
								"south": {"uv": [52, 51], "uv_size": [5, 5]},
								"west": {"uv": [46, 51], "uv_size": [6, 5]},
								"up": {"uv": [0, 52], "uv_size": [5, 6]},
								"down": {"uv": [5, 58], "uv_size": [5, -6]}
							}
						}
					]
				},
				{
					"name": "outer_tail",
					"parent": "middle_tail",
					"pivot": [-0.25, 12.75, 12],
					"cubes": [
						{
							"origin": [-4.70168, 8.82105, 6.627],
							"size": [5, 8, 5],
							"inflate": -0.1,
							"pivot": [0.3461, 15.89232, 11.14595],
							"rotation": [70.16297, -22.16292, -41.90126],
							"uv": {
								"north": {"uv": [22, 22], "uv_size": [5, 8]},
								"east": {"uv": [27, 22], "uv_size": [5, 8]},
								"south": {"uv": [0, 28], "uv_size": [5, 8]},
								"west": {"uv": [5, 28], "uv_size": [5, 8]},
								"up": {"uv": [49, 56], "uv_size": [5, 5]},
								"down": {"uv": [54, 61], "uv_size": [5, -5]}
							}
						},
						{
							"origin": [-5.70168, 2.82105, 6.627],
							"size": [5, 8, 5],
							"inflate": -0.1,
							"pivot": [-0.6539, 9.89232, 11.14595],
							"rotation": [70.16297, -22.16292, 138.09874],
							"uv": {
								"north": {"uv": [10, 28], "uv_size": [5, 8]},
								"east": {"uv": [15, 28], "uv_size": [5, 8]},
								"south": {"uv": [30, 14], "uv_size": [5, 8]},
								"west": {"uv": [20, 30], "uv_size": [5, 8]},
								"up": {"uv": [10, 57], "uv_size": [5, 5]},
								"down": {"uv": [57, 36], "uv_size": [5, -5]}
							}
						},
						{
							"origin": [-2.5, 10.5, 12],
							"size": [5, 5, 2],
							"uv": {
								"north": {"uv": [24, 53], "uv_size": [5, 5]},
								"east": {"uv": [19, 66], "uv_size": [2, 5]},
								"south": {"uv": [29, 53], "uv_size": [5, 5]},
								"west": {"uv": [31, 66], "uv_size": [2, 5]},
								"up": {"uv": [67, 51], "uv_size": [5, 2]},
								"down": {"uv": [67, 67], "uv_size": [5, -2]}
							}
						}
					]
				},
				{
					"name": "Boobs",
					"parent": "armorBody",
					"pivot": [0, 24, 0]
				},
				{
					"name": "bipedRightArm",
					"pivot": [-4, 22, 0]
				},
				{
					"name": "armorRightArm",
					"parent": "bipedRightArm",
					"pivot": [-4, 22, 0]
				},
				{
					"name": "bipedLeftArm",
					"pivot": [4, 22, 0]
				},
				{
					"name": "armorLeftArm",
					"parent": "bipedLeftArm",
					"pivot": [4, 22, 0]
				},
				{
					"name": "bipedLeftLeg",
					"pivot": [-2, 12, 0]
				},
				{
					"name": "armorLeftLeg",
					"parent": "bipedLeftLeg",
					"pivot": [-2, 12, 0]
				},
				{
					"name": "armorLeftBoot",
					"parent": "bipedLeftLeg",
					"pivot": [-2, 12, 0]
				},
				{
					"name": "bipedRightLeg",
					"pivot": [2, 12, 0]
				},
				{
					"name": "armorRightLeg",
					"parent": "bipedRightLeg",
					"pivot": [2, 12, 0]
				},
				{
					"name": "armorRightBoot",
					"parent": "bipedRightLeg",
					"pivot": [2, 12, 0]
				}
			]
		}
	]
}