{
	"format_version": "1.12.0",
	"minecraft:geometry": [
		{
			"description": {
				"identifier": "geometry.unknown",
				"texture_width": 64,
				"texture_height": 64,
				"visible_bounds_width": 4,
				"visible_bounds_height": 5,
				"visible_bounds_offset": [0, 1.5, 0]
			},
			"bones": [
				{
					"name": "bipedHead",
					"pivot": [0, 24, 0]
				},
				{
					"name": "armorHead",
					"parent": "bipedHead",
					"pivot": [0, 24, 0],
					"cubes": [
						{
							"origin": [-5, 28, -5],
							"size": [10, 6, 6],
							"uv": {
								"north": {"uv": [54, 12], "uv_size": [10, 6]},
								"east": {"uv": [52, 0], "uv_size": [6, 6]},
								"west": {"uv": [58, 0], "uv_size": [6, 6]},
								"up": {"uv": [54, 6], "uv_size": [10, 6]}
							}
						},
						{
							"origin": [-2, 25, -7],
							"size": [4, 3, 8],
							"pivot": [0, 28, 1],
							"rotation": [22.5, 0, 0],
							"uv": {
								"north": {"uv": [52, 21], "uv_size": [4, 3]},
								"east": {"uv": [48, 18], "uv_size": [8, 3]},
								"west": {"uv": [56, 18], "uv_size": [8, 3]},
								"up": {"uv": [56, 21], "uv_size": [4, 8]},
								"down": {"uv": [60, 29], "uv_size": [4, -8]}
							}
						},
						{
							"origin": [-6, 32.5, -0.5],
							"size": [12, 5, 1],
							"pivot": [0, 33, 0],
							"rotation": [-22.5, 0, 0],
							"uv": {
								"north": {"uv": [22, 1], "uv_size": [12, 5]},
								"east": {"uv": [34, 1], "uv_size": [1, 5]},
								"south": {"uv": [22, 1], "uv_size": [12, 5]},
								"west": {"uv": [34, 1], "uv_size": [1, 5]},
								"up": {"uv": [22, 6], "uv_size": [12, 1]},
								"down": {"uv": [22, 7], "uv_size": [12, -1]}
							}
						},
						{
							"origin": [5, 36.5, 0.5],
							"size": [-10, -3, -1],
							"pivot": [0, 33, 0],
							"rotation": [-22.5, 0, 0],
							"uv": {
								"east": {"uv": [35, 2], "uv_size": [1, 3]},
								"west": {"uv": [36, 2], "uv_size": [1, 3]},
								"up": {"uv": [35, 6], "uv_size": [10, 1]},
								"down": {"uv": [35, 6], "uv_size": [10, -1]}
							}
						},
						{
							"origin": [-3.5, 23.5, 0.75],
							"size": [1, 8, 5],
							"pivot": [0, 24, 5],
							"rotation": [-22.5, 0, 0],
							"uv": {
								"north": {"uv": [35, 20], "uv_size": [-8, 1]},
								"east": {"uv": [27, 14], "uv_size": [8, 5]},
								"south": {"uv": [35, 20], "uv_size": [-8, -1]},
								"west": {"uv": [35, 14], "uv_size": [8, 5]},
								"up": {"uv": [45, 19], "uv_size": [-1, -5]},
								"down": {"uv": [44, 19], "uv_size": [-1, -5]}
							}
						},
						{
							"origin": [-2.5, 30.5, 4.75],
							"size": [-1, -6, -3],
							"pivot": [0, 24, 5],
							"rotation": [-22.5, 0, 0],
							"uv": {
								"north": {"uv": [54, 16], "uv_size": [-6, 1]},
								"south": {"uv": [54, 18], "uv_size": [-6, -1]},
								"up": {"uv": [54, 16], "uv_size": [-1, -3]},
								"down": {"uv": [53, 16], "uv_size": [-1, -3]}
							}
						},
						{
							"origin": [2.5, 23.5, 0.75],
							"size": [1, 8, 5],
							"pivot": [0, 24, 5],
							"rotation": [-22.5, 0, 0],
							"uv": {
								"north": {"uv": [35, 20], "uv_size": [-8, 1]},
								"east": {"uv": [27, 14], "uv_size": [8, 5]},
								"south": {"uv": [35, 20], "uv_size": [-8, -1]},
								"west": {"uv": [35, 14], "uv_size": [8, 5]},
								"up": {"uv": [45, 19], "uv_size": [-1, -5]},
								"down": {"uv": [44, 19], "uv_size": [-1, -5]}
							}
						},
						{
							"origin": [3.5, 30.5, 4.75],
							"size": [-1, -6, -3],
							"pivot": [0, 24, 5],
							"rotation": [-22.5, 0, 0],
							"uv": {
								"north": {"uv": [54, 16], "uv_size": [-6, 1]},
								"south": {"uv": [54, 18], "uv_size": [-6, -1]},
								"up": {"uv": [54, 16], "uv_size": [-1, -3]},
								"down": {"uv": [53, 16], "uv_size": [-1, -3]}
							}
						},
						{
							"origin": [-4.6, 23.4, -4.6],
							"size": [9.2, 9.2, 9.2],
							"uv": {
								"north": {"uv": [9, 16], "uv_size": [9, 9]},
								"east": {"uv": [0, 16], "uv_size": [9, 9]},
								"south": {"uv": [18, 7], "uv_size": [9, 9]},
								"west": {"uv": [18, 16], "uv_size": [9, 9]},
								"up": {"uv": [0, 7], "uv_size": [9, 9]},
								"down": {"uv": [9, 16], "uv_size": [9, -9]}
							}
						},
						{
							"origin": [-4.86, 23.14, -4.86],
							"size": [9.72, 9.72, 9.72],
							"uv": {
								"north": {"uv": [9, 34], "uv_size": [9, 9]},
								"east": {"uv": [0, 34], "uv_size": [9, 9]},
								"south": {"uv": [27, 34], "uv_size": [9, 9]},
								"west": {"uv": [18, 34], "uv_size": [9, 9]},
								"up": {"uv": [0, 25], "uv_size": [9, 9]},
								"down": {"uv": [9, 34], "uv_size": [9, -9]}
							}
						},
						{
							"origin": [0, 28, -22],
							"size": [0, 7, 22],
							"uv": {
								"east": {"uv": [22, 0], "uv_size": [-22, 7]},
								"west": {"uv": [0, 0], "uv_size": [22, 7]}
							}
						},
						{
							"origin": [-0.5, 29, -21],
							"size": [1, 5, 16],
							"uv": {
								"north": {"uv": [43, 9], "uv_size": [1, 5]},
								"east": {"uv": [43, 9], "uv_size": [-16, 5]},
								"west": {"uv": [27, 9], "uv_size": [16, 5]},
								"up": {"uv": [43, 7], "uv_size": [-16, 1]},
								"down": {"uv": [27, 8], "uv_size": [16, 1]}
							}
						}
					]
				},
				{
					"name": "bipedBody",
					"pivot": [0, 24, 0]
				},
				{
					"name": "armorBody",
					"parent": "bipedBody",
					"pivot": [0, 24, 0]
				},
				{
					"name": "bipedRightArm",
					"pivot": [-4, 22, 0]
				},
				{
					"name": "armorRightArm",
					"parent": "bipedRightArm",
					"pivot": [-4, 22, 0]
				},
				{
					"name": "bipedLeftArm",
					"pivot": [4, 22, 0]
				},
				{
					"name": "armorLeftArm",
					"parent": "bipedLeftArm",
					"pivot": [4, 22, 0]
				},
				{
					"name": "bipedLeftLeg",
					"pivot": [-2, 12, 0]
				},
				{
					"name": "armorLeftLeg",
					"parent": "bipedLeftLeg",
					"pivot": [-2, 12, 0]
				},
				{
					"name": "armorLeftBoot",
					"parent": "bipedLeftLeg",
					"pivot": [-2, 12, 0]
				},
				{
					"name": "bipedRightLeg",
					"pivot": [2, 12, 0]
				},
				{
					"name": "armorRightLeg",
					"parent": "bipedRightLeg",
					"pivot": [2, 12, 0]
				},
				{
					"name": "armorRightBoot",
					"parent": "bipedRightLeg",
					"pivot": [2, 12, 0]
				}
			]
		}
	]
}