{
	"format_version": "1.12.0",
	"minecraft:geometry": [
		{
			"description": {
				"identifier": "geometry.unknown",
				"texture_width": 64,
				"texture_height": 64,
				"visible_bounds_width": 3,
				"visible_bounds_height": 4.5,
				"visible_bounds_offset": [0, 1.75, 0]
			},
			"bones": [
				{
					"name": "bipedHead",
					"pivot": [0, 24, 0]
				},
				{
					"name": "armorHead",
					"parent": "bipedHead",
					"pivot": [0, 24, 0],
					"cubes": [
						{
							"origin": [1, 30, -4.5],
							"size": [3, 3, 0],
							"inflate": 0.01,
							"pivot": [2.5, 32, -4],
							"rotation": [-22.5, 0, 0],
							"uv": {
								"north": {"uv": [28, 0], "uv_size": [6, 6]},
								"east": {"uv": [0, 0], "uv_size": [0, 6]},
								"south": {"uv": [28, 6], "uv_size": [6, 6]},
								"west": {"uv": [0, 0], "uv_size": [0, 6]},
								"up": {"uv": [0, 0], "uv_size": [6, 0]},
								"down": {"uv": [0, 0], "uv_size": [6, 0]}
							}
						},
						{
							"origin": [-7, 23, 3.5],
							"size": [7, 10, 0],
							"inflate": 0.01,
							"pivot": [-4, 33, 4],
							"rotation": [0, 0, 22.5],
							"uv": {
								"north": {"uv": [0, 0], "uv_size": [14, 20]},
								"east": {"uv": [0, 0], "uv_size": [0, 20]},
								"south": {"uv": [14, 0], "uv_size": [14, 20]},
								"west": {"uv": [0, 0], "uv_size": [0, 20]},
								"up": {"uv": [0, 0], "uv_size": [14, 0]},
								"down": {"uv": [0, 0], "uv_size": [14, 0]}
							}
						}
					]
				},
				{
					"name": "ears",
					"parent": "armorHead",
					"pivot": [-10, 12, 8],
					"cubes": [
						{
							"origin": [-4, 31, 0],
							"size": [4, 5, 0],
							"inflate": 0.01,
							"pivot": [-2, 32, 0],
							"rotation": [0, 0, -22.5],
							"uv": {
								"north": {"uv": [0, 20], "uv_size": [8, 10]},
								"east": {"uv": [0, 0], "uv_size": [0, 10]},
								"south": {"uv": [8, 20], "uv_size": [8, 10]},
								"west": {"uv": [0, 0], "uv_size": [0, 10]},
								"up": {"uv": [0, 0], "uv_size": [8, 0]},
								"down": {"uv": [0, 0], "uv_size": [8, 0]}
							}
						},
						{
							"origin": [0, 31, 0],
							"size": [4, 5, 0],
							"inflate": 0.01,
							"pivot": [2, 32, 0],
							"rotation": [0, 0, 22.5],
							"uv": {
								"north": {"uv": [16, 20], "uv_size": [8, 10]},
								"east": {"uv": [0, 0], "uv_size": [0, 10]},
								"south": {"uv": [24, 20], "uv_size": [8, 10]},
								"west": {"uv": [0, 0], "uv_size": [0, 10]},
								"up": {"uv": [0, 0], "uv_size": [8, 0]},
								"down": {"uv": [0, 0], "uv_size": [8, 0]}
							}
						}
					]
				},
				{
					"name": "bipedBody",
					"pivot": [0, 24, 0]
				},
				{
					"name": "armorBody",
					"parent": "bipedBody",
					"pivot": [0, 24, 0]
				},
				{
					"name": "bipedRightArm",
					"pivot": [-4, 22, 0]
				},
				{
					"name": "armorRightArm",
					"parent": "bipedRightArm",
					"pivot": [-4, 22, 0]
				},
				{
					"name": "bipedLeftArm",
					"pivot": [4, 22, 0]
				},
				{
					"name": "armorLeftArm",
					"parent": "bipedLeftArm",
					"pivot": [4, 22, 0]
				},
				{
					"name": "bipedLeftLeg",
					"pivot": [-2, 12, 0]
				},
				{
					"name": "armorLeftLeg",
					"parent": "bipedLeftLeg",
					"pivot": [-2, 12, 0]
				},
				{
					"name": "armorLeftBoot",
					"parent": "bipedLeftLeg",
					"pivot": [-2, 12, 0]
				},
				{
					"name": "bipedRightLeg",
					"pivot": [2, 12, 0]
				},
				{
					"name": "armorRightLeg",
					"parent": "bipedRightLeg",
					"pivot": [2, 12, 0]
				},
				{
					"name": "armorRightBoot",
					"parent": "bipedRightLeg",
					"pivot": [2, 12, 0]
				}
			]
		}
	]
}