{
	"format_version": "1.12.0",
	"minecraft:geometry": [
		{
			"description": {
				"identifier": "geometry.unknown",
				"texture_width": 64,
				"texture_height": 64,
				"visible_bounds_width": 2,
				"visible_bounds_height": 3.5,
				"visible_bounds_offset": [0, 1.25, 0]
			},
			"bones": [
				{
					"name": "bipedHead",
					"pivot": [0, 24, 0]
				},
				{
					"name": "armorHead",
					"parent": "bipedHead",
					"pivot": [0, 24, 0],
					"cubes": [
						{
							"origin": [0.75, 30, -5],
							"size": [2, 3, 2],
							"pivot": [0.75, 30, -3],
							"rotation": [0, -22.5, 0],
							"uv": {
								"north": {"uv": [0, 0], "uv_size": [8, 12]},
								"east": {"uv": [8, 0], "uv_size": [8, 12]},
								"south": {"uv": [0, 12], "uv_size": [8, 12]},
								"west": {"uv": [8, 12], "uv_size": [8, 12]},
								"up": {"uv": [8, 24], "uv_size": [8, 8]},
								"down": {"uv": [24, 20], "uv_size": [8, -8]}
							}
						},
						{
							"origin": [-2.75, 30, -5],
							"size": [2, 3, 2],
							"pivot": [-0.75, 30, -3],
							"rotation": [0, 22.5, 0],
							"uv": {
								"north": {"uv": [16, 0], "uv_size": [8, 12]},
								"east": {"uv": [16, 12], "uv_size": [8, 12]},
								"south": {"uv": [0, 24], "uv_size": [8, 12]},
								"west": {"uv": [24, 0], "uv_size": [8, 12]},
								"up": {"uv": [16, 24], "uv_size": [8, 8]},
								"down": {"uv": [24, 28], "uv_size": [8, -8]}
							}
						}
					]
				},
				{
					"name": "bipedBody",
					"pivot": [0, 24, 0]
				},
				{
					"name": "armorBody",
					"parent": "bipedBody",
					"pivot": [0, 24, 0]
				},
				{
					"name": "bipedRightArm",
					"pivot": [-4, 22, 0]
				},
				{
					"name": "armorRightArm",
					"parent": "bipedRightArm",
					"pivot": [-4, 22, 0]
				},
				{
					"name": "bipedLeftArm",
					"pivot": [4, 22, 0]
				},
				{
					"name": "armorLeftArm",
					"parent": "bipedLeftArm",
					"pivot": [4, 22, 0]
				},
				{
					"name": "bipedLeftLeg",
					"pivot": [-2, 12, 0]
				},
				{
					"name": "armorLeftLeg",
					"parent": "bipedLeftLeg",
					"pivot": [-2, 12, 0]
				},
				{
					"name": "armorLeftBoot",
					"parent": "bipedLeftLeg",
					"pivot": [-2, 12, 0]
				},
				{
					"name": "bipedRightLeg",
					"pivot": [2, 12, 0]
				},
				{
					"name": "armorRightLeg",
					"parent": "bipedRightLeg",
					"pivot": [2, 12, 0]
				},
				{
					"name": "armorRightBoot",
					"parent": "bipedRightLeg",
					"pivot": [2, 12, 0]
				}
			]
		}
	]
}