{
	"format_version": "1.12.0",
	"minecraft:geometry": [
		{
			"description": {
				"identifier": "geometry.unknown",
				"texture_width": 64,
				"texture_height": 64,
				"visible_bounds_width": 3,
				"visible_bounds_height": 3.5,
				"visible_bounds_offset": [0, 1.25, 0]
			},
			"bones": [
				{
					"name": "bipedHead",
					"pivot": [0, 24, 0]
				},
				{
					"name": "armorHead",
					"parent": "bipedHead",
					"pivot": [0, 24, 0]
				},
				{
					"name": "bone21",
					"parent": "armorHead",
					"pivot": [-4.32187, 33.5, 0.25],
					"cubes": [
						{"origin": [-3.13634, 29.31315, -0.0431], "size": [1, 4, 1], "pivot": [-2.63634, 31.31315, 0.4569], "rotation": [0, -40, -32.5], "uv": [40, 43]},
						{"origin": [-4.31972, 30.49495, -0.68589], "size": [1, 2, 1], "pivot": [-3.81972, 31.74495, -0.18589], "rotation": [0, -82.5, -32.5], "uv": [0, 32]},
						{"origin": [-4.37462, 28.75, -0.78839], "size": [1, 4, 1], "pivot": [-4.32187, 33.5, 0.25], "rotation": [0, -12.5, -32.5], "uv": [36, 43]},
						{"origin": [-4.01481, 28.75, -1.20805], "size": [1, 4, 1], "pivot": [-4.32187, 33.5, 0.25], "rotation": [0, 15, -32.5], "uv": [32, 43]},
						{"origin": [-4.37462, 28.75, 0.28839], "size": [1, 4, 1], "pivot": [-4.32187, 33.5, 0.25], "rotation": [0, -67.5, -32.5], "uv": [40, 38]},
						{"origin": [-4.01481, 28.75, 0.70805], "size": [1, 4, 1], "pivot": [-4.32187, 33.5, 0.25], "rotation": [180, -85, 147.5], "uv": [40, 31]}
					]
				},
				{
					"name": "bone22",
					"parent": "bone21",
					"pivot": [-4.32187, 33.5, 0.25],
					"cubes": [
						{"origin": [-4.5, 32.5, -0.25], "size": [1, 2, 1], "pivot": [-4.32187, 33.5, 0.25], "rotation": [0, -40, -32.5], "uv": [44, 22]},
						{"origin": [-4.37462, 32.5, -0.78839], "size": [1, 2, 1], "pivot": [-4.32187, 33.5, 0.25], "rotation": [0, -12.5, -32.5], "uv": [44, 19]},
						{"origin": [-4.37462, 32.5, 0.28839], "size": [1, 2, 1], "pivot": [-4.32187, 33.5, 0.25], "rotation": [0, -67.5, -32.5], "uv": [44, 16]}
					]
				},
				{
					"name": "bone23",
					"parent": "bone22",
					"pivot": [-4.32187, 33.5, 0.25],
					"cubes": [
						{"origin": [-4.5, 34.25, -0.25], "size": [1, 1, 1], "pivot": [-4.32187, 33.5, 0.25], "rotation": [0, -40, -32.5], "uv": [43, 30]}
					]
				},
				{
					"name": "bone24",
					"parent": "armorHead",
					"pivot": [4.32187, 33.5, 0.25],
					"cubes": [
						{"origin": [3.5, 28.75, -0.25], "size": [1, 4, 1], "pivot": [4.32187, 33.5, 0.25], "rotation": [0, 40, 32.5], "uv": [40, 26]},
						{"origin": [3.31972, 30.49495, -0.68589], "size": [1, 2, 1], "pivot": [3.81972, 31.74495, -0.18589], "rotation": [0, 70, 32.5], "uv": [32, 0]},
						{"origin": [3.37462, 28.75, -0.78839], "size": [1, 4, 1], "pivot": [4.32187, 33.5, 0.25], "rotation": [0, 12.5, 32.5], "uv": [40, 21]},
						{"origin": [3.01481, 28.75, -1.20805], "size": [1, 4, 1], "pivot": [4.32187, 33.5, 0.25], "rotation": [0, -15, 32.5], "uv": [40, 16]},
						{"origin": [3.37462, 28.75, 0.28839], "size": [1, 4, 1], "pivot": [4.32187, 33.5, 0.25], "rotation": [0, 67.5, 32.5], "uv": [36, 38]},
						{"origin": [3.01481, 28.75, 0.70805], "size": [1, 4, 1], "pivot": [4.32187, 33.5, 0.25], "rotation": [180, 85, -147.5], "uv": [32, 38]}
					]
				},
				{
					"name": "bone25",
					"parent": "bone24",
					"pivot": [4.32187, 33.5, 0.25],
					"cubes": [
						{"origin": [3.5, 32.5, -0.25], "size": [1, 2, 1], "pivot": [4.32187, 33.5, 0.25], "rotation": [0, 40, 32.5], "uv": [44, 0]},
						{"origin": [3.37462, 32.5, -0.78839], "size": [1, 2, 1], "pivot": [4.32187, 33.5, 0.25], "rotation": [0, 12.5, 32.5], "uv": [43, 35]},
						{"origin": [3.37462, 32.5, 0.28839], "size": [1, 2, 1], "pivot": [4.32187, 33.5, 0.25], "rotation": [0, 67.5, 32.5], "uv": [36, 16]}
					]
				},
				{
					"name": "bone26",
					"parent": "bone25",
					"pivot": [4.32187, 33.5, 0.25],
					"cubes": [
						{"origin": [3.5, 34.25, -0.25], "size": [1, 1, 1], "pivot": [4.32187, 33.5, 0.25], "rotation": [0, 40, 32.5], "uv": [0, 18]}
					]
				},
				{
					"name": "bone31",
					"parent": "bone26",
					"pivot": [4.63864, 34.77471, 0.22303],
					"cubes": [
						{"origin": [4.69282, 32.74018, 2.16759], "size": [0, 2, 2], "pivot": [6.19282, 33.79018, 1.66759], "rotation": [-32.5, -87.5, 32.5], "uv": [48, 20]}
					]
				},
				{
					"name": "bone32",
					"parent": "bone31",
					"pivot": [4.63777, 32.77526, 0.17616],
					"cubes": [
						{"origin": [4.69282, 30.74018, 2.16759], "size": [0, 2, 2], "pivot": [6.19282, 33.79018, 1.66759], "rotation": [-32.5, -87.5, 32.5], "uv": [48, 18]}
					]
				},
				{
					"name": "bipedBody",
					"pivot": [0, 24, 0]
				},
				{
					"name": "armorBody",
					"parent": "bipedBody",
					"pivot": [0, 24, 0]
				},
				{
					"name": "bone13",
					"parent": "armorBody",
					"pivot": [0, 13, 1],
					"cubes": [
						{"origin": [-1, 12, 1], "size": [2, 2, 2], "uv": [34, 34]}
					]
				},
				{
					"name": "bone14",
					"parent": "bone13",
					"pivot": [0, 13, 2.75],
					"cubes": [
						{"origin": [-1, 12, 2.75], "size": [2, 2, 2], "uv": [28, 32]}
					]
				},
				{
					"name": "bone15",
					"parent": "bone14",
					"pivot": [0, 13, 4.5],
					"cubes": [
						{"origin": [-1, 12, 4.5], "size": [2, 2, 2], "uv": [12, 32]}
					]
				},
				{
					"name": "bone16",
					"parent": "bone15",
					"pivot": [0, 13, 6.25],
					"cubes": [
						{"origin": [-1, 12, 6.25], "size": [2, 2, 2], "uv": [24, 4]}
					]
				},
				{
					"name": "bone17",
					"parent": "bone16",
					"pivot": [0.01, 13.01485, 8.23834],
					"cubes": [
						{"origin": [-1, 12, 8], "size": [2, 2, 2], "uv": [0, 0]}
					]
				},
				{
					"name": "bone18",
					"parent": "bone17",
					"pivot": [0.025, 13.025, 9.75],
					"cubes": [
						{"origin": [-1.1, 11.9, 9.75], "size": [2.25, 2.25, 2], "uv": [0, 4]},
						{"origin": [-1, 11.9, 8.8], "size": [0, 2.25, 1], "pivot": [-1, 13, 9], "rotation": [0, -7, 0], "uv": [6, 3]},
						{"origin": [1, 11.9, 8.8], "size": [0, 2.25, 1], "pivot": [1, 13, 9], "rotation": [0, 7, 0], "uv": [0, 3]},
						{"origin": [-1.1, 11.9, 7.2], "size": [2.25, 0, 1], "pivot": [13, -1, 9], "rotation": [-7, 0, 0], "uv": [33, 32]},
						{"origin": [-1.1, 14.14323, 8.8076], "size": [2.25, 0, 1], "pivot": [0.025, 14.14323, 9.8], "rotation": [9.5, 0, 0], "uv": [31, 3]}
					]
				},
				{
					"name": "bone19",
					"parent": "bone18",
					"pivot": [0.025, 13.025, 11.25],
					"cubes": [
						{"origin": [-1.1, 11.9, 11.25], "size": [2.25, 2.25, 2], "uv": [24, 0]}
					]
				},
				{
					"name": "bone27",
					"parent": "bone19",
					"pivot": [0.15, 11.15, 11.75],
					"cubes": [
						{"origin": [0.15, 11.65, 11.25], "size": [0, 1, 1], "uv": [0, 0]}
					]
				},
				{
					"name": "bone28",
					"parent": "bone27",
					"pivot": [0.15, 11.8, 11.85],
					"cubes": [
						{"origin": [-0.35, 10.65, 11.35], "size": [1, 1, 1], "uv": [44, 42]}
					]
				},
				{
					"name": "bone29",
					"parent": "bone28",
					"pivot": [0.15, 10.65, 11.75],
					"cubes": [
						{"origin": [0.15, 8.65, 10.75], "size": [0, 2, 2], "uv": [0, 14]}
					]
				},
				{
					"name": "bone30",
					"parent": "bone29",
					"pivot": [0.15, 9.4, 11.85],
					"cubes": [
						{"origin": [-0.35, 7.4, 11.35], "size": [1, 2, 1], "uv": [0, 48]}
					]
				},
				{
					"name": "bone20",
					"parent": "bone19",
					"pivot": [0.025, 13.025, 13],
					"cubes": [
						{"origin": [-1.1, 11.9, 13], "size": [2.25, 2.25, 2], "uv": [20, 16]}
					]
				},
				{
					"name": "bipedRightArm",
					"pivot": [-4, 22, 0]
				},
				{
					"name": "armorRightArm",
					"parent": "bipedRightArm",
					"pivot": [-4, 22, 0]
				},
				{
					"name": "bipedLeftArm",
					"pivot": [4, 22, 0]
				},
				{
					"name": "armorLeftArm",
					"parent": "bipedLeftArm",
					"pivot": [4, 22, 0]
				},
				{
					"name": "bipedLeftLeg",
					"pivot": [2, 12, 0]
				},
				{
					"name": "armorLeftLeg",
					"parent": "bipedLeftLeg",
					"pivot": [2, 12, 0]
				},
				{
					"name": "armorLeftBoot",
					"parent": "bipedLeftLeg",
					"pivot": [2, 12, 0]
				},
				{
					"name": "bipedRightLeg",
					"pivot": [-2, 12, 0]
				},
				{
					"name": "armorRightLeg",
					"parent": "bipedRightLeg",
					"pivot": [-2, 12, 0]
				},
				{
					"name": "armorRightBoot",
					"parent": "bipedRightLeg",
					"pivot": [-2, 12, 0]
				}
			]
		}
	]
}