{
	"format_version": "1.8.0",
	"animations": {
		"idle": {
			"loop": true,
			"animation_length": 4,
			"bones": {
				"bone2": {
					"rotation": {
						"0.0": {
							"vector": [0, 0, 0]
						},
						"2.0": {
							"vector": [0, 0, 10]
						},
						"4.0": {
							"vector": [0, 0, 0]
						}
					},
					"position": {
						"0.0": {
							"vector": [0, 0, 0]
						},
						"4.0": {
							"vector": [0, 0, 0]
						}
					}
				},
				"bone3": {
					"rotation": {
						"0.0": {
							"vector": [0, 0, 0]
						},
						"2.0": {
							"vector": [0, 0, -12.5]
						},
						"4.0": {
							"vector": [0, 0, 0]
						}
					},
					"position": {
						"0.0": {
							"vector": [0, 0, 0]
						},
						"4.0": {
							"vector": [0, 0, 0]
						}
					}
				},
				"bone4": {
					"rotation": {
						"0.0": {
							"vector": [0, 0, 0]
						},
						"2.0": {
							"vector": [0, 0, 15]
						},
						"4.0": {
							"vector": [0, 0, 0]
						}
					}
				},
				"bone5": {
					"rotation": {
						"0.0": {
							"vector": [0, 0, 0]
						},
						"2.0": {
							"vector": [0, 0, -10]
						},
						"4.0": {
							"vector": [0, 0, 0]
						}
					}
				}
			}
		},
		"walk": {
			"loop": true,
			"animation_length": 0.5,
			"bones": {
				"bone2": {
					"rotation": {
						"0.0": {
							"vector": [0, -15, 0]
						},
						"0.25": {
							"vector": [0, -22.5, 0]
						},
						"0.5": {
							"vector": [0, -15, 0]
						}
					}
				},
				"bone3": {
					"rotation": {
						"0.0": {
							"vector": [0, 15, 0]
						},
						"0.25": {
							"vector": [0, 30, 0]
						},
						"0.5": {
							"vector": [0, 15, 0]
						}
					}
				},
				"bone": {
					"rotation": {
						"0.0": {
							"vector": [7.5, 0, 0]
						},
						"0.25": {
							"vector": [14.93656, -0.9762, 7.43656]
						},
						"0.5": {
							"vector": [7.5, 0, 0]
						}
					},
					"position": {
						"0.0": {
							"vector": [0, 0.3, 0]
						},
						"0.25": {
							"vector": [0.3, 0.3, 0]
						},
						"0.5": {
							"vector": [0, 0.3, 0]
						}
					}
				},
				"bone4": {
					"rotation": {
						"0.0": {
							"vector": [17.5, 0, 0]
						},
						"0.25": {
							"vector": [27.10967, -3.73171, 11.93845]
						},
						"0.5": {
							"vector": [17.5, 0, 0]
						}
					},
					"position": {
						"0.0": {
							"vector": [0, 0.3, 0]
						},
						"0.5": {
							"vector": [0, 0.3, 0]
						}
					}
				},
				"bone5": {
					"rotation": {
						"0.0": {
							"vector": [17.5, 0, 0]
						},
						"0.25": {
							"vector": [27.14233, 4.59902, -8.88927]
						},
						"0.5": {
							"vector": [17.5, 0, 0]
						}
					},
					"position": {
						"0.0": {
							"vector": [0, 0.5, 0.2]
						},
						"0.25": {
							"vector": [0, 0.8, 0.2]
						},
						"0.5": {
							"vector": [0, 0.5, 0.2]
						}
					}
				},
				"bone6": {
					"rotation": {
						"0.0": {
							"vector": [20, 0, 0]
						},
						"0.25": {
							"vector": [29.62165, 4.98093, -8.6822]
						},
						"0.5": {
							"vector": [20, 0, 0]
						}
					},
					"position": {
						"0.0": {
							"vector": [0, 0.3, 0]
						},
						"0.25": {
							"vector": [0, 0.3, 0.3]
						},
						"0.5": {
							"vector": [0, 0.3, 0]
						}
					}
				}
			}
		}
	},
	"geckolib_format_version": 2
}