{
	"format_version": "1.8.0",
	"animations": {
		"idle": {
			"loop": true,
			"animation_length": 2,
			"bones": {
				"bone": {
					"rotation": {
						"0.0": {
							"vector": [0, 0, 37.5]
						},
						"2.0": {
							"vector": [0, 0, 37.5]
						}
					},
					"position": {
						"0.0": {
							"vector": [1.05, -1.5, 0]
						},
						"2.0": {
							"vector": [1.05, -1.5, 0]
						}
					}
				},
				"bone3": {
					"rotation": {
						"0.0": {
							"vector": [0, 0, -10]
						},
						"1.0": {
							"vector": [0, 0, 12.5]
						},
						"2.0": {
							"vector": [0, 0, -10]
						}
					}
				},
				"bone4": {
					"rotation": {
						"0.0": {
							"vector": [0, 0, -12.5]
						},
						"1.0": {
							"vector": [0, 0, 7.5]
						},
						"2.0": {
							"vector": [0, 0, -12.5]
						}
					},
					"position": {
						"0.0": {
							"vector": [0.2, 0, 0]
						},
						"1.0": {
							"vector": [-0.05, 0, 0]
						},
						"2.0": {
							"vector": [0.2, 0, 0]
						}
					}
				},
				"bone5": {
					"rotation": {
						"0.0": {
							"vector": [0, 0, -37.5]
						},
						"2.0": {
							"vector": [0, 0, -37.5]
						}
					},
					"position": {
						"0.0": {
							"vector": [-1.25, -1.5, 0]
						},
						"2.0": {
							"vector": [-1.25, -1.5, 0]
						}
					}
				},
				"bone7": {
					"rotation": {
						"0.0": {
							"vector": [0, 0, 10]
						},
						"1.0": {
							"vector": [0, 0, -7.5]
						},
						"2.0": {
							"vector": [0, 0, 10]
						}
					}
				},
				"bone8": {
					"rotation": {
						"0.0": {
							"vector": [0, 0, 15]
						},
						"1.0": {
							"vector": [0, 0, -7.5]
						},
						"2.0": {
							"vector": [0, 0, 15]
						}
					},
					"position": {
						"0.0": {
							"vector": [-0.1, 0, 0]
						},
						"1.0": {
							"vector": [0, 0, 0]
						},
						"2.0": {
							"vector": [-0.1, 0, 0]
						}
					}
				},
				"bone9": {
					"rotation": {
						"0.0": {
							"vector": [24.39942, 19.84302, 10.82777]
						},
						"1.0": {
							"vector": [25.11374, -23.71822, -8.6028],
							"easing": "easeInSine"
						},
						"2.0": {
							"vector": [24.39942, 19.84302, 10.82777],
							"easing": "easeInSine"
						}
					}
				},
				"bone10": {
					"rotation": {
						"0.0": {
							"vector": [10.08453, 7.38542, 1.30962]
						},
						"1.0": {
							"vector": [10.00933, -2.462, -0.43439],
							"easing": "easeInSine"
						},
						"2.0": {
							"vector": [10.08453, 7.38542, 1.30962],
							"easing": "easeInSine"
						}
					}
				},
				"bone11": {
					"rotation": {
						"0.0": {
							"vector": [7.56397, 7.43547, 0.98448]
						},
						"0.25": {
							"vector": [7.56397, -7.43547, -0.98448],
							"easing": "linear"
						},
						"1.0": {
							"vector": [7.56397, -7.43547, -0.98448],
							"easing": "linear"
						},
						"1.25": {
							"vector": [7.56397, 7.43547, 0.98448],
							"easing": "linear"
						},
						"2.0": {
							"vector": [7.56397, 7.43547, 0.98448],
							"easing": "linear"
						}
					}
				},
				"bone12": {
					"rotation": {
						"0.0": {
							"vector": [10.15108, -9.84655, -1.75378]
						},
						"0.25": {
							"vector": [10.03742, 4.92385, 0.87038],
							"easing": "linear"
						},
						"1.0": {
							"vector": [10.03742, 4.92385, 0.87038],
							"easing": "linear"
						},
						"1.25": {
							"vector": [10.15108, -9.84655, -1.75378],
							"easing": "linear"
						},
						"2.0": {
							"vector": [10.15108, -9.84655, -1.75378],
							"easing": "linear"
						}
					}
				},
				"bone13": {
					"rotation": {
						"0.0": {
							"vector": [12.79362, -12.19908, -2.74715]
						},
						"0.25": {
							"vector": [12.54624, 4.88119, 1.08482],
							"easing": "linear"
						},
						"1.0": {
							"vector": [12.54624, 4.88119, 1.08482],
							"easing": "linear"
						},
						"1.25": {
							"vector": [12.79362, -12.19908, -2.74715],
							"easing": "linear"
						},
						"2.0": {
							"vector": [12.79362, -12.19908, -2.74715],
							"easing": "linear"
						}
					}
				},
				"bone14": {
					"rotation": {
						"0.0": {
							"vector": [10.34527, -14.76689, -2.66399]
						},
						"0.25": {
							"vector": [10.15108, 9.84655, 1.75378],
							"easing": "linear"
						},
						"1.0": {
							"vector": [10.15108, 9.84655, 1.75378],
							"easing": "linear"
						},
						"1.25": {
							"vector": [10.34527, -14.76689, -2.66399],
							"easing": "linear"
						},
						"2.0": {
							"vector": [10.34527, -14.76689, -2.66399],
							"easing": "linear"
						}
					}
				},
				"bone15": {
					"rotation": {
						"0.0": {
							"vector": [15.34721, -12.06754, -3.28396]
						},
						"0.25": {
							"vector": [15.34721, 12.06754, 3.28396],
							"easing": "linear"
						},
						"1.0": {
							"vector": [15.34721, 12.06754, 3.28396],
							"easing": "linear"
						},
						"1.25": {
							"vector": [15.34721, -12.06754, -3.28396],
							"easing": "linear"
						},
						"2.0": {
							"vector": [15.34721, -12.06754, -3.28396],
							"easing": "linear"
						}
					}
				}
			}
		},
		"walk": {
			"loop": true,
			"animation_length": 0.5,
			"bones": {
				"bone": {
					"rotation": {
						"0.0": {
							"vector": [0, 0, 37.5]
						},
						"0.25": {
							"vector": [0, 0, 52.5],
							"easing": "easeInSine"
						},
						"0.5": {
							"vector": [0, 0, 37.5]
						}
					},
					"position": {
						"0.0": {
							"vector": [1.05, -1.5, 0]
						},
						"0.25": {
							"vector": [1.35, -2.3, 0],
							"easing": "easeInSine"
						},
						"0.5": {
							"vector": [1.05, -1.5, 0]
						}
					}
				},
				"bone3": {
					"rotation": {
						"0.0": {
							"vector": [0, 0, -10]
						},
						"0.25": {
							"vector": [0, 0, 5],
							"easing": "easeInSine"
						},
						"0.5": {
							"vector": [0, 0, -10]
						}
					}
				},
				"bone4": {
					"rotation": {
						"0.0": {
							"vector": [0, 0, -12.5]
						},
						"0.25": {
							"vector": [0, 0, 15],
							"easing": "easeInSine"
						},
						"0.5": {
							"vector": [0, 0, -12.5]
						}
					},
					"position": {
						"0.0": {
							"vector": [0.2, 0, 0]
						},
						"0.25": {
							"vector": [-0.1, 0, 0],
							"easing": "easeInSine"
						},
						"0.5": {
							"vector": [0.2, 0, 0]
						}
					}
				},
				"bone5": {
					"rotation": {
						"0.0": {
							"vector": [0, 0, -37.5]
						},
						"0.25": {
							"vector": [0, 0, -50],
							"easing": "easeInSine"
						},
						"0.5": {
							"vector": [0, 0, -37.5]
						}
					},
					"position": {
						"0.0": {
							"vector": [-1.25, -1.5, 0]
						},
						"0.25": {
							"vector": [-1.65, -2, 0],
							"easing": "easeInSine"
						},
						"0.5": {
							"vector": [-1.25, -1.5, 0]
						}
					}
				},
				"bone7": {
					"rotation": {
						"0.0": {
							"vector": [0, 0, 10]
						},
						"0.25": {
							"vector": [0, 0, -5],
							"easing": "easeInSine"
						},
						"0.5": {
							"vector": [0, 0, 10]
						}
					}
				},
				"bone8": {
					"rotation": {
						"0.0": {
							"vector": [0, 0, 15]
						},
						"0.25": {
							"vector": [0, 0, -7.5],
							"easing": "easeInSine"
						},
						"0.5": {
							"vector": [0, 0, 15]
						}
					},
					"position": {
						"0.0": {
							"vector": [-0.1, 0, 0]
						},
						"0.25": {
							"vector": [0.1, 0, 0],
							"easing": "easeInSine"
						},
						"0.5": {
							"vector": [-0.1, 0, 0]
						}
					}
				},
				"bone9": {
					"rotation": {
						"0.0": {
							"vector": [12.5, 0, 0]
						},
						"0.25": {
							"vector": [-7.5, 0, 0],
							"easing": "easeInSine"
						},
						"0.5": {
							"vector": [12.5, 0, 0],
							"easing": "linear"
						}
					}
				},
				"bone10": {
					"rotation": {
						"0.0": {
							"vector": [10, 0, 0]
						},
						"0.25": {
							"vector": [0, 0, 0],
							"easing": "easeInSine"
						},
						"0.5": {
							"vector": [10, 0, 0],
							"easing": "linear"
						}
					}
				},
				"bone11": {
					"rotation": {
						"0.0": {
							"vector": [-7.5, 0, 0]
						},
						"0.125": {
							"vector": [7.5, 0, 0]
						},
						"0.25": {
							"vector": [7.5, 0, 0]
						},
						"0.375": {
							"vector": [-7.5, 0, 0]
						},
						"0.5": {
							"vector": [-7.5, 0, 0]
						}
					}
				},
				"bone12": {
					"rotation": {
						"0.0": {
							"vector": [-7.5, 0, 0]
						},
						"0.125": {
							"vector": [7.5, 0, 0]
						},
						"0.25": {
							"vector": [7.5, 0, 0]
						},
						"0.375": {
							"vector": [-7.5, 0, 0]
						},
						"0.5": {
							"vector": [-7.5, 0, 0]
						}
					}
				},
				"bone13": {
					"rotation": {
						"0.0": {
							"vector": [-7.5, 0, 0]
						},
						"0.125": {
							"vector": [12.5, 0, 0]
						},
						"0.25": {
							"vector": [12.5, 0, 0]
						},
						"0.375": {
							"vector": [-7.5, 0, 0]
						},
						"0.5": {
							"vector": [-7.5, 0, 0]
						}
					}
				},
				"bone14": {
					"rotation": {
						"0.0": {
							"vector": [-12.5, 0, 0]
						},
						"0.125": {
							"vector": [7.5, 0, 0]
						},
						"0.25": {
							"vector": [7.5, 0, 0]
						},
						"0.375": {
							"vector": [-12.5, 0, 0]
						},
						"0.5": {
							"vector": [-12.5, 0, 0]
						}
					}
				},
				"bone15": {
					"rotation": {
						"0.0": {
							"vector": [-20, 0, 0]
						},
						"0.125": {
							"vector": [15, 0, 0]
						},
						"0.25": {
							"vector": [15, 0, 0]
						},
						"0.375": {
							"vector": [-20, 0, 0]
						},
						"0.5": {
							"vector": [-20, 0, 0]
						}
					}
				}
			}
		}
	},
	"geckolib_format_version": 2
}