{
	"format_version": "1.8.0",
	"animations": {
		"idle": {
			"loop": true,
			"animation_length": 12,
			"bones": {
				"bone": {
					"rotation": {
						"0.0": {
							"vector": [0, 0, 0]
						},
						"9.0": {
							"vector": [0, 0, 0]
						},
						"9.0833": {
							"vector": [0, 0, 0]
						},
						"9.1667": {
							"vector": [-12.25481, 10.30055, 0.29332]
						},
						"9.25": {
							"vector": [0, 0, 0]
						}
					}
				},
				"bone3": {
					"position": {
						"0.0": {
							"vector": [0, 0, 0]
						},
						"9.0": {
							"vector": [0, 0, 0]
						},
						"9.0833": {
							"vector": [0, -1, 0]
						},
						"9.1667": {
							"vector": [0, 0, 0]
						}
					}
				},
				"bone8": {
					"rotation": {
						"0.0": {
							"vector": [0, 0, 0]
						},
						"9.0": {
							"vector": [0, 0, 0]
						},
						"9.0833": {
							"vector": [21.51237, -11.72333, -19.77816]
						},
						"9.1667": {
							"vector": [-17.65108, 9.84655, -1.75378]
						},
						"9.25": {
							"vector": [0, 0, 0]
						}
					},
					"position": {
						"0.0": {
							"vector": [0, 0, 0]
						},
						"9.0": {
							"vector": [0, 0, 0]
						},
						"9.0833": {
							"vector": [-1, -1.25, -2.25]
						},
						"9.1667": {
							"vector": [0.25, 0, 2]
						},
						"9.25": {
							"vector": [0, 0, 0]
						}
					}
				},
				"bone9": {
					"rotation": {
						"0.0": {
							"vector": [0, 0, 0]
						},
						"9.0": {
							"vector": [0, 0, 0]
						},
						"9.0833": {
							"vector": [42.99472, -10.57429, -37.60823]
						},
						"9.1667": {
							"vector": [-23.30696, 9.30727, 20.57639]
						},
						"9.25": {
							"vector": [0, 0, 0]
						}
					},
					"position": {
						"0.0": {
							"vector": [0, 0, 0]
						},
						"9.0": {
							"vector": [0, 0, 0]
						},
						"9.0833": {
							"vector": [-1.5, -1, -2]
						},
						"9.1667": {
							"vector": [1.8, -0.5, 1.05]
						},
						"9.25": {
							"vector": [0, 0, 0]
						}
					}
				},
				"bone10": {
					"rotation": {
						"0.0": {
							"vector": [21.88023, 23.39896, 9.06159]
						},
						"1.0": {
							"vector": [23.34288, -30.32448, -12.2921]
						},
						"2.0": {
							"vector": [21.88023, 23.39896, 9.06159]
						},
						"3.0": {
							"vector": [23.34288, -30.32448, -12.2921]
						},
						"4.0": {
							"vector": [21.88023, 23.39896, 9.06159]
						},
						"5.0": {
							"vector": [23.34288, -30.32448, -12.2921]
						},
						"6.0": {
							"vector": [21.88023, 23.39896, 9.06159]
						},
						"7.0": {
							"vector": [23.34288, -30.32448, -12.2921]
						},
						"8.0": {
							"vector": [21.88023, 23.39896, 9.06159]
						},
						"9.0": {
							"vector": [23.34288, -30.32448, -12.2921]
						},
						"10.0": {
							"vector": [21.88023, 23.39896, 9.06159]
						},
						"11.0": {
							"vector": [23.34288, -30.32448, -12.2921]
						},
						"12.0": {
							"vector": [21.88023, 23.39896, 9.06159]
						}
					}
				},
				"bone11": {
					"rotation": {
						"0.0": {
							"vector": [7.64591, 14.95645, 0.67467]
						},
						"1.0": {
							"vector": [7.63994, -14.7889, -3.27066]
						},
						"2.0": {
							"vector": [7.64591, 14.95645, 0.67467]
						},
						"3.0": {
							"vector": [7.63994, -14.7889, -3.27066]
						},
						"4.0": {
							"vector": [7.64591, 14.95645, 0.67467]
						},
						"5.0": {
							"vector": [7.63994, -14.7889, -3.27066]
						},
						"6.0": {
							"vector": [7.64591, 14.95645, 0.67467]
						},
						"7.0": {
							"vector": [7.63994, -14.7889, -3.27066]
						},
						"8.0": {
							"vector": [7.64591, 14.95645, 0.67467]
						},
						"9.0": {
							"vector": [7.63994, -14.7889, -3.27066]
						},
						"10.0": {
							"vector": [7.64591, 14.95645, 0.67467]
						},
						"11.0": {
							"vector": [7.63994, -14.7889, -3.27066]
						},
						"12.0": {
							"vector": [7.64591, 14.95645, 0.67467]
						}
					}
				},
				"bone12": {
					"rotation": {
						"0.0": {
							"vector": [7.67676, 17.45627, 0.68329]
						},
						"1.0": {
							"vector": [7.32757, -2.37603, -1.93764]
						},
						"2.0": {
							"vector": [7.67676, 17.45627, 0.68329]
						},
						"3.0": {
							"vector": [7.32757, -2.37603, -1.93764]
						},
						"4.0": {
							"vector": [7.67676, 17.45627, 0.68329]
						},
						"5.0": {
							"vector": [7.32757, -2.37603, -1.93764]
						},
						"6.0": {
							"vector": [7.67676, 17.45627, 0.68329]
						},
						"7.0": {
							"vector": [7.32757, -2.37603, -1.93764]
						},
						"8.0": {
							"vector": [7.67676, 17.45627, 0.68329]
						},
						"9.0": {
							"vector": [7.32757, -2.37603, -1.93764]
						},
						"10.0": {
							"vector": [7.67676, 17.45627, 0.68329]
						},
						"11.0": {
							"vector": [7.32757, -2.37603, -1.93764]
						},
						"12.0": {
							"vector": [7.67676, 17.45627, 0.68329]
						}
					}
				},
				"bone13": {
					"rotation": {
						"0.0": {
							"vector": [7.5, -20, 0]
						},
						"0.25": {
							"vector": [7.28591, 14.72666, 4.43969]
						},
						"1.0": {
							"vector": [7.28591, 14.72666, 4.43969]
						},
						"1.25": {
							"vector": [7.5, -20, 0]
						},
						"2.0": {
							"vector": [7.5, -20, 0]
						},
						"2.25": {
							"vector": [7.28591, 14.72666, 4.43969]
						},
						"3.0": {
							"vector": [7.28591, 14.72666, 4.43969]
						},
						"3.25": {
							"vector": [7.5, -20, 0]
						},
						"4.0": {
							"vector": [7.5, -20, 0]
						},
						"4.25": {
							"vector": [7.28591, 14.72666, 4.43969]
						},
						"5.0": {
							"vector": [7.28591, 14.72666, 4.43969]
						},
						"5.25": {
							"vector": [7.5, -20, 0]
						},
						"6.0": {
							"vector": [7.5, -20, 0]
						},
						"6.25": {
							"vector": [7.28591, 14.72666, 4.43969]
						},
						"7.0": {
							"vector": [7.28591, 14.72666, 4.43969]
						},
						"7.25": {
							"vector": [7.5, -20, 0]
						},
						"8.0": {
							"vector": [7.5, -20, 0]
						},
						"8.25": {
							"vector": [7.28591, 14.72666, 4.43969]
						},
						"9.0": {
							"vector": [7.28591, 14.72666, 4.43969]
						},
						"9.25": {
							"vector": [7.5, -20, 0]
						},
						"10.0": {
							"vector": [7.5, -20, 0]
						},
						"10.25": {
							"vector": [7.28591, 14.72666, 4.43969]
						},
						"11.0": {
							"vector": [7.28591, 14.72666, 4.43969]
						},
						"11.25": {
							"vector": [7.5, -20, 0]
						},
						"12.0": {
							"vector": [7.5, -20, 0]
						}
					}
				},
				"bone14": {
					"rotation": {
						"0.0": {
							"vector": [7.5, -12.5, 0]
						},
						"0.25": {
							"vector": [7.9112, 22.20321, 4.63816]
						},
						"1.0": {
							"vector": [7.9112, 22.20321, 4.63816]
						},
						"1.25": {
							"vector": [7.5, -12.5, 0]
						},
						"2.0": {
							"vector": [7.5, -12.5, 0]
						},
						"2.25": {
							"vector": [7.9112, 22.20321, 4.63816]
						},
						"3.0": {
							"vector": [7.9112, 22.20321, 4.63816]
						},
						"3.25": {
							"vector": [7.5, -12.5, 0]
						},
						"4.0": {
							"vector": [7.5, -12.5, 0]
						},
						"4.25": {
							"vector": [7.9112, 22.20321, 4.63816]
						},
						"5.0": {
							"vector": [7.9112, 22.20321, 4.63816]
						},
						"5.25": {
							"vector": [7.5, -12.5, 0]
						},
						"6.0": {
							"vector": [7.5, -12.5, 0]
						},
						"6.25": {
							"vector": [7.9112, 22.20321, 4.63816]
						},
						"7.0": {
							"vector": [7.9112, 22.20321, 4.63816]
						},
						"7.25": {
							"vector": [7.5, -12.5, 0]
						},
						"8.0": {
							"vector": [7.5, -12.5, 0]
						},
						"8.25": {
							"vector": [7.9112, 22.20321, 4.63816]
						},
						"9.0": {
							"vector": [7.9112, 22.20321, 4.63816]
						},
						"9.25": {
							"vector": [7.5, -12.5, 0]
						},
						"10.0": {
							"vector": [7.5, -12.5, 0]
						},
						"10.25": {
							"vector": [7.9112, 22.20321, 4.63816]
						},
						"11.0": {
							"vector": [7.9112, 22.20321, 4.63816]
						},
						"11.25": {
							"vector": [7.5, -12.5, 0]
						},
						"12.0": {
							"vector": [7.5, -12.5, 0]
						}
					}
				},
				"bone15": {
					"rotation": {
						"0.0": {
							"vector": [7.5, -12.5, 0]
						},
						"0.25": {
							"vector": [7.66805, 17.24928, 3.91845]
						},
						"1.0": {
							"vector": [7.66805, 17.24928, 3.91845]
						},
						"1.25": {
							"vector": [7.5, -12.5, 0]
						},
						"2.0": {
							"vector": [7.5, -12.5, 0]
						},
						"2.25": {
							"vector": [7.66805, 17.24928, 3.91845]
						},
						"3.0": {
							"vector": [7.66805, 17.24928, 3.91845]
						},
						"3.25": {
							"vector": [7.5, -12.5, 0]
						},
						"4.0": {
							"vector": [7.5, -12.5, 0]
						},
						"4.25": {
							"vector": [7.66805, 17.24928, 3.91845]
						},
						"5.0": {
							"vector": [7.66805, 17.24928, 3.91845]
						},
						"5.25": {
							"vector": [7.5, -12.5, 0]
						},
						"6.0": {
							"vector": [7.5, -12.5, 0]
						},
						"6.25": {
							"vector": [7.66805, 17.24928, 3.91845]
						},
						"7.0": {
							"vector": [7.66805, 17.24928, 3.91845]
						},
						"7.25": {
							"vector": [7.5, -12.5, 0]
						},
						"8.0": {
							"vector": [7.5, -12.5, 0]
						},
						"8.25": {
							"vector": [7.66805, 17.24928, 3.91845]
						},
						"9.0": {
							"vector": [7.66805, 17.24928, 3.91845]
						},
						"9.25": {
							"vector": [7.5, -12.5, 0]
						},
						"10.0": {
							"vector": [7.5, -12.5, 0]
						},
						"10.25": {
							"vector": [7.66805, 17.24928, 3.91845]
						},
						"11.0": {
							"vector": [7.66805, 17.24928, 3.91845]
						},
						"11.25": {
							"vector": [7.5, -12.5, 0]
						},
						"12.0": {
							"vector": [7.5, -12.5, 0]
						}
					}
				},
				"bone16": {
					"rotation": {
						"0.0": {
							"vector": [10, -15, 0]
						},
						"0.25": {
							"vector": [9.97979, 14.56521, 5.14676]
						},
						"1.0": {
							"vector": [9.97979, 14.56521, 5.14676]
						},
						"1.25": {
							"vector": [10, -15, 0]
						},
						"2.0": {
							"vector": [10, -15, 0]
						},
						"2.25": {
							"vector": [9.97979, 14.56521, 5.14676]
						},
						"3.0": {
							"vector": [9.97979, 14.56521, 5.14676]
						},
						"3.25": {
							"vector": [10, -15, 0]
						},
						"4.0": {
							"vector": [10, -15, 0]
						},
						"4.25": {
							"vector": [9.97979, 14.56521, 5.14676]
						},
						"5.0": {
							"vector": [9.97979, 14.56521, 5.14676]
						},
						"5.25": {
							"vector": [10, -15, 0]
						},
						"6.0": {
							"vector": [10, -15, 0]
						},
						"6.25": {
							"vector": [9.97979, 14.56521, 5.14676]
						},
						"7.0": {
							"vector": [9.97979, 14.56521, 5.14676]
						},
						"7.25": {
							"vector": [10, -15, 0]
						},
						"8.0": {
							"vector": [10, -15, 0]
						},
						"8.25": {
							"vector": [9.97979, 14.56521, 5.14676]
						},
						"9.0": {
							"vector": [9.97979, 14.56521, 5.14676]
						},
						"9.25": {
							"vector": [10, -15, 0]
						},
						"10.0": {
							"vector": [10, -15, 0]
						},
						"10.25": {
							"vector": [9.97979, 14.56521, 5.14676]
						},
						"11.0": {
							"vector": [9.97979, 14.56521, 5.14676]
						},
						"11.25": {
							"vector": [10, -15, 0]
						},
						"12.0": {
							"vector": [10, -15, 0]
						}
					}
				}
			}
		},
		"walk": {
			"loop": true,
			"animation_length": 2,
			"bones": {
				"bone": {
					"rotation": {
						"vector": [0, 0, 0]
					}
				},
				"bone3": {
					"position": {
						"vector": [0, 0, 0]
					}
				},
				"bone8": {
					"rotation": {
						"0.0": {
							"vector": [0, 0, 0]
						},
						"0.25": {
							"vector": [-12.39075, 10.01334, 10.60598]
						},
						"0.5": {
							"vector": [0, 0, 0]
						},
						"0.75": {
							"vector": [-12.39075, 10.01334, 10.60598]
						},
						"1.0": {
							"vector": [0, 0, 0]
						},
						"1.25": {
							"vector": [-12.39075, 10.01334, 10.60598]
						},
						"1.5": {
							"vector": [0, 0, 0]
						},
						"1.75": {
							"vector": [-12.39075, 10.01334, 10.60598]
						},
						"2.0": {
							"vector": [0, 0, 0]
						}
					},
					"position": {
						"0.0": {
							"vector": [0, 0, 0]
						},
						"0.25": {
							"vector": [1.5, -0.1, 1.7]
						},
						"0.5": {
							"vector": [0, 0, 0]
						},
						"0.75": {
							"vector": [1.5, -0.1, 1.7]
						},
						"1.0": {
							"vector": [0, 0, 0]
						},
						"1.25": {
							"vector": [1.5, -0.1, 1.7]
						},
						"1.5": {
							"vector": [0, 0, 0]
						},
						"1.75": {
							"vector": [1.5, -0.1, 1.7]
						},
						"2.0": {
							"vector": [0, 0, 0]
						}
					}
				},
				"bone9": {
					"rotation": {
						"0.0": {
							"vector": [0, 0, 0]
						},
						"0.25": {
							"vector": [-14.33501, 4.46375, 16.93839]
						},
						"0.5": {
							"vector": [0, 0, 0]
						},
						"0.75": {
							"vector": [-14.33501, 4.46375, 16.93839]
						},
						"1.0": {
							"vector": [0, 0, 0]
						},
						"1.25": {
							"vector": [-14.33501, 4.46375, 16.93839]
						},
						"1.5": {
							"vector": [0, 0, 0]
						},
						"1.75": {
							"vector": [-14.33501, 4.46375, 16.93839]
						},
						"2.0": {
							"vector": [0, 0, 0]
						}
					},
					"position": {
						"0.0": {
							"vector": [0, 0, 0]
						},
						"0.25": {
							"vector": [0, 0, 0.4]
						},
						"0.5": {
							"vector": [0, 0, 0]
						},
						"0.75": {
							"vector": [0, 0, 0.4]
						},
						"1.0": {
							"vector": [0, 0, 0]
						},
						"1.25": {
							"vector": [0, 0, 0.4]
						},
						"1.5": {
							"vector": [0, 0, 0]
						},
						"1.75": {
							"vector": [0, 0, 0.4]
						},
						"2.0": {
							"vector": [0, 0, 0]
						}
					}
				},
				"bone10": {
					"rotation": {
						"0.0": {
							"vector": [21.88023, 23.39896, 9.06159]
						},
						"1.0": {
							"vector": [23.34288, -30.32448, -12.2921]
						},
						"2.0": {
							"vector": [21.88023, 23.39896, 9.06159]
						}
					},
					"position": {
						"0.0": {
							"vector": [0, 0, 0]
						},
						"0.25": {
							"vector": [0, 1, 0]
						},
						"0.5": {
							"vector": [0, 0, 0]
						},
						"0.75": {
							"vector": [0, 1, 0]
						},
						"1.0": {
							"vector": [0, 0, 0]
						},
						"1.25": {
							"vector": [0, 1, 0]
						},
						"1.5": {
							"vector": [0, 0, 0]
						},
						"1.75": {
							"vector": [0, 1, 0]
						},
						"2.0": {
							"vector": [0, 0, 0]
						}
					}
				},
				"bone11": {
					"rotation": {
						"0.0": {
							"vector": [7.64591, 14.95645, 0.67467]
						},
						"1.0": {
							"vector": [7.63994, -14.7889, -3.27066]
						},
						"2.0": {
							"vector": [7.64591, 14.95645, 0.67467]
						}
					}
				},
				"bone12": {
					"rotation": {
						"0.0": {
							"vector": [7.67676, 17.45627, 0.68329]
						},
						"1.0": {
							"vector": [7.32757, -2.37603, -1.93764]
						},
						"2.0": {
							"vector": [7.67676, 17.45627, 0.68329]
						}
					}
				},
				"bone13": {
					"rotation": {
						"0.0": {
							"vector": [7.5, -20, 0]
						},
						"0.25": {
							"vector": [7.28591, 14.72666, 4.43969]
						},
						"1.0": {
							"vector": [7.28591, 14.72666, 4.43969]
						},
						"1.25": {
							"vector": [7.5, -20, 0]
						},
						"2.0": {
							"vector": [7.5, -20, 0]
						}
					}
				},
				"bone14": {
					"rotation": {
						"0.0": {
							"vector": [7.5, -12.5, 0]
						},
						"0.25": {
							"vector": [7.9112, 22.20321, 4.63816]
						},
						"1.0": {
							"vector": [7.9112, 22.20321, 4.63816]
						},
						"1.25": {
							"vector": [7.5, -12.5, 0]
						},
						"2.0": {
							"vector": [7.5, -12.5, 0]
						}
					}
				},
				"bone15": {
					"rotation": {
						"0.0": {
							"vector": [7.5, -12.5, 0]
						},
						"0.25": {
							"vector": [7.66805, 17.24928, 3.91845]
						},
						"1.0": {
							"vector": [7.66805, 17.24928, 3.91845]
						},
						"1.25": {
							"vector": [7.5, -12.5, 0]
						},
						"2.0": {
							"vector": [7.5, -12.5, 0]
						}
					}
				},
				"bone16": {
					"rotation": {
						"0.0": {
							"vector": [10, -15, 0]
						},
						"0.25": {
							"vector": [9.97979, 14.56521, 5.14676]
						},
						"1.0": {
							"vector": [9.97979, 14.56521, 5.14676]
						},
						"1.25": {
							"vector": [10, -15, 0]
						},
						"2.0": {
							"vector": [10, -15, 0]
						}
					}
				},
				"bone5": {
					"rotation": {
						"0.0": {
							"vector": [0, 0, 0]
						},
						"0.25": {
							"vector": [-18.88172, -6.71771, -18.88172]
						},
						"0.5": {
							"vector": [0, 0, 0]
						},
						"0.75": {
							"vector": [-18.88172, -6.71771, -18.88172]
						},
						"1.0": {
							"vector": [0, 0, 0]
						},
						"1.25": {
							"vector": [-18.88172, -6.71771, -18.88172]
						},
						"1.5": {
							"vector": [0, 0, 0]
						},
						"1.75": {
							"vector": [-18.88172, -6.71771, -18.88172]
						},
						"2.0": {
							"vector": [0, 0, 0]
						}
					},
					"position": {
						"0.0": {
							"vector": [0, 0, 0]
						},
						"0.25": {
							"vector": [-0.75, 0, 0.5]
						},
						"0.5": {
							"vector": [0, 0, 0]
						},
						"0.75": {
							"vector": [-0.75, 0, 0.5]
						},
						"1.0": {
							"vector": [0, 0, 0]
						},
						"1.25": {
							"vector": [-0.75, 0, 0.5]
						},
						"1.5": {
							"vector": [0, 0, 0]
						},
						"1.75": {
							"vector": [-0.75, 0, 0.5]
						},
						"2.0": {
							"vector": [0, 0, 0]
						}
					}
				},
				"bone6": {
					"rotation": {
						"0.0": {
							"vector": [0, 0, 0]
						},
						"0.25": {
							"vector": [-15.34721, -12.06754, -16.71604]
						},
						"0.5": {
							"vector": [0, 0, 0]
						},
						"0.75": {
							"vector": [-15.34721, -12.06754, -16.71604]
						},
						"1.0": {
							"vector": [0, 0, 0]
						},
						"1.25": {
							"vector": [-15.34721, -12.06754, -16.71604]
						},
						"1.5": {
							"vector": [0, 0, 0]
						},
						"1.75": {
							"vector": [-15.34721, -12.06754, -16.71604]
						},
						"2.0": {
							"vector": [0, 0, 0]
						}
					},
					"position": {
						"0.0": {
							"vector": [0, 0, 0]
						},
						"0.25": {
							"vector": [0, 0, 0.8]
						},
						"0.5": {
							"vector": [0, 0, 0]
						},
						"0.75": {
							"vector": [0, 0, 0.8]
						},
						"1.0": {
							"vector": [0, 0, 0]
						},
						"1.25": {
							"vector": [0, 0, 0.8]
						},
						"1.5": {
							"vector": [0, 0, 0]
						},
						"1.75": {
							"vector": [0, 0, 0.8]
						},
						"2.0": {
							"vector": [0, 0, 0]
						}
					}
				}
			}
		},
		"sprint": {
			"loop": true,
			"animation_length": 0.5,
			"bones": {
				"bone2": {
					"position": {
						"0.0": {
							"vector": [0, 1, 0]
						},
						"0.25": {
							"vector": [0, 0, 0]
						},
						"0.5": {
							"vector": [0, 1, 0]
						}
					}
				},
				"bone5": {
					"rotation": {
						"vector": [-32.19929, -19.08724, -3.69117]
					},
					"position": {
						"vector": [-0.6, -0.3, 1.5]
					}
				},
				"bone": {
					"position": {
						"0.0": {
							"vector": [0, 1, 0]
						},
						"0.25": {
							"vector": [0, 0, 0]
						},
						"0.5": {
							"vector": [0, 1, 0]
						}
					}
				},
				"bone6": {
					"rotation": {
						"vector": [-22.52906, 1.57962, -16.53032]
					},
					"position": {
						"vector": [0, 0, 0.9]
					}
				},
				"bone8": {
					"rotation": {
						"vector": [-15.77826, 23.16084, 9.16253]
					},
					"position": {
						"vector": [1.4, 0, 2]
					}
				},
				"bone9": {
					"rotation": {
						"vector": [-22.81179, 9.23186, 11.13968]
					},
					"position": {
						"vector": [0, 0, 1]
					}
				},
				"bone10": {
					"rotation": {
						"0.0": {
							"vector": [22.5, 0, 0]
						},
						"0.25": {
							"vector": [-7.5, 0, 0],
							"easing": "linear"
						},
						"0.5": {
							"vector": [22.5, 0, 0],
							"easing": "linear"
						}
					}
				},
				"bone11": {
					"rotation": {
						"0.0": {
							"vector": [10, 0, 0]
						},
						"0.25": {
							"vector": [-12.5, 0, 0],
							"easing": "linear"
						},
						"0.5": {
							"vector": [10, 0, 0],
							"easing": "linear"
						}
					}
				},
				"bone12": {
					"rotation": {
						"0.0": {
							"vector": [-7.5, 0, 0]
						},
						"0.0833": {
							"vector": [15, 0, 0],
							"easing": "linear"
						},
						"0.25": {
							"vector": [15, 0, 0],
							"easing": "linear"
						},
						"0.3333": {
							"vector": [-7.5, 0, 0],
							"easing": "easeOutSine"
						},
						"0.5": {
							"vector": [-7.5, 0, 0],
							"easing": "linear"
						}
					}
				},
				"bone13": {
					"rotation": {
						"0.0": {
							"vector": [-15, 0, 0]
						},
						"0.0833": {
							"vector": [7.5, 0, 0],
							"easing": "linear"
						},
						"0.25": {
							"vector": [7.5, 0, 0],
							"easing": "linear"
						},
						"0.3333": {
							"vector": [-15, 0, 0],
							"easing": "linear"
						},
						"0.5": {
							"vector": [-15, 0, 0],
							"easing": "linear"
						}
					}
				},
				"bone14": {
					"rotation": {
						"0.0": {
							"vector": [-10, 0, 0]
						},
						"0.0833": {
							"vector": [12.5, 0, 0],
							"easing": "linear"
						},
						"0.25": {
							"vector": [12.5, 0, 0],
							"easing": "linear"
						},
						"0.3333": {
							"vector": [-10, 0, 0],
							"easing": "linear"
						},
						"0.5": {
							"vector": [-10, 0, 0],
							"easing": "linear"
						}
					}
				},
				"bone15": {
					"rotation": {
						"0.0": {
							"vector": [-12.5, 0, 0]
						},
						"0.0833": {
							"vector": [5, 0, 0],
							"easing": "linear"
						},
						"0.25": {
							"vector": [5, 0, 0],
							"easing": "linear"
						},
						"0.3333": {
							"vector": [-12.5, 0, 0],
							"easing": "linear"
						},
						"0.5": {
							"vector": [-12.5, 0, 0],
							"easing": "linear"
						}
					}
				},
				"bone16": {
					"rotation": {
						"0.0": {
							"vector": [-20, 0, 0]
						},
						"0.0833": {
							"vector": [12.5, 0, 0],
							"easing": "linear"
						},
						"0.25": {
							"vector": [12.5, 0, 0],
							"easing": "linear"
						},
						"0.3333": {
							"vector": [-20, 0, 0],
							"easing": "linear"
						},
						"0.5": {
							"vector": [-20, 0, 0],
							"easing": "linear"
						}
					}
				}
			}
		}
	},
	"geckolib_format_version": 2
}