{
	"format_version": "1.12.0",
	"minecraft:geometry": [
		{
			"description": {
				"identifier": "geometry.unknown",
				"texture_width": 64,
				"texture_height": 64,
				"visible_bounds_width": 3,
				"visible_bounds_height": 3.5,
				"visible_bounds_offset": [0, 1.25, 0]
			},
			"bones": [
				{
					"name": "bipedHead",
					"pivot": [0, 24, 0]
				},
				{
					"name": "armorHead",
					"parent": "bipedHead",
					"pivot": [0, 24, 0],
					"cubes": [
						{"origin": [-3.91397, 31.80985, 2], "size": [1, 1, 1], "uv": [0, 62]},
						{"origin": [2.91397, 31.80985, 2], "size": [1, 1, 1], "uv": [0, 62], "mirror": true},
						{"origin": [3.7, 32.8, -0.75], "size": [0.5, 0.5, 0.5], "pivot": [3.625, 33, -0.5], "rotation": [0, 0, 17.5], "uv": [1, 63]},
						{"origin": [3.2, 31.8, -1], "size": [1, 1, 1], "pivot": [3.625, 33, -0.5], "rotation": [0, 0, 17.5], "uv": [0, 62]},
						{"origin": [-4.25, 32.75, -0.75], "size": [0.5, 0.5, 0.5], "pivot": [-3.625, 33, -0.5], "rotation": [0, 0, -17.5], "uv": [2, 63]},
						{"origin": [-4.25, 31.75, -1], "size": [1, 1, 1], "pivot": [-3.625, 33, -0.5], "rotation": [0, 0, -17.5], "uv": [0, 62]}
					]
				},
				{
					"name": "bone25",
					"parent": "armorHead",
					"pivot": [3.81963, 29.03197, 0.65559],
					"rotation": [0, 0, 17.5],
					"cubes": [
						{"origin": [2.31963, 27.96819, 0.00161], "size": [1, 2, 1], "pivot": [3.81963, 28.96819, 0.50161], "rotation": [-22.09999, -21.40584, 108.84359], "uv": [54, 58]},
						{"origin": [4.37511, 26.83577, 0.5], "size": [2, 2, 1], "pivot": [5.06711, 29.04667, 0.875], "rotation": [-7.09999, -21.40584, 108.84359], "uv": [52, 61]},
						{"origin": [4.31963, 27.96819, 0.00161], "size": [1, 2, 1], "pivot": [3.81963, 28.96819, 0.50161], "rotation": [-22.09999, -21.40584, 108.84359], "uv": [58, 58]}
					]
				},
				{
					"name": "bone26",
					"parent": "bone25",
					"pivot": [5.06711, 29.04667, 0.875],
					"cubes": [
						{"origin": [3.7615, 28.45319, 0.25], "size": [1, 2, 1], "pivot": [5.06711, 29.04667, 0.875], "rotation": [-1.03509, -22.47741, 92.70569], "uv": [54, 58]},
						{"origin": [4.2615, 28.45319, 0.5], "size": [2, 2, 1], "pivot": [5.06711, 29.04667, 0.875], "rotation": [-1.03509, -22.47741, 92.70569], "uv": [58, 61]},
						{"origin": [5.7615, 28.45319, 0.25], "size": [1, 2, 1], "pivot": [5.06711, 29.04667, 0.875], "rotation": [-1.03509, -22.47741, 92.70569], "uv": [58, 58]}
					]
				},
				{
					"name": "bone27",
					"parent": "bone26",
					"pivot": [7.46504, 28.76858, 0.85489],
					"cubes": [
						{"origin": [6.47362, 27.90228, 0.25], "size": [1, 2, 1], "pivot": [5.06711, 29.04667, 0.875], "rotation": [22.48072, -0.95645, 2.30991], "uv": [58, 58]},
						{"origin": [7.47362, 28.40228, 0.25], "size": [1, 1, 1], "pivot": [5.06711, 29.04667, 0.875], "rotation": [22.48072, -0.95645, 2.30991], "uv": [58, 58]}
					]
				},
				{
					"name": "bone28",
					"parent": "armorHead",
					"pivot": [-3.81963, 29.03197, 0.65559],
					"rotation": [0, 0, -17.5],
					"cubes": [
						{"origin": [-3.31963, 27.96819, 0.00161], "size": [1, 2, 1], "pivot": [-3.81963, 28.96819, 0.50161], "rotation": [-22.09999, 21.40584, -108.84359], "uv": [54, 58], "mirror": true},
						{"origin": [-6.37511, 26.83577, 0.5], "size": [2, 2, 1], "pivot": [-5.06711, 29.04667, 0.875], "rotation": [-7.09999, 21.40584, -108.84359], "uv": [52, 61], "mirror": true},
						{"origin": [-5.31963, 27.96819, 0.00161], "size": [1, 2, 1], "pivot": [-3.81963, 28.96819, 0.50161], "rotation": [-22.09999, 21.40584, -108.84359], "uv": [58, 58], "mirror": true}
					]
				},
				{
					"name": "bone29",
					"parent": "bone28",
					"pivot": [-5.46476, 28.64325, 0.91761],
					"cubes": [
						{"origin": [-4.71392, 28.44719, 0.25], "size": [1, 2, 1], "pivot": [-5.01952, 29.04067, 0.875], "rotation": [-1.03509, 22.47741, -92.70569], "uv": [54, 58], "mirror": true},
						{"origin": [-6.21392, 28.44719, 0.5], "size": [2, 2, 1], "pivot": [-5.01952, 29.04067, 0.875], "rotation": [-1.03509, 22.47741, -92.70569], "uv": [58, 61], "mirror": true},
						{"origin": [-6.71392, 28.44719, 0.25], "size": [1, 2, 1], "pivot": [-5.01952, 29.04067, 0.875], "rotation": [-1.03509, 22.47741, -92.70569], "uv": [58, 58], "mirror": true}
					]
				},
				{
					"name": "bone30",
					"parent": "bone29",
					"pivot": [-7.41745, 28.76258, 0.85489],
					"cubes": [
						{"origin": [-7.42604, 27.89628, 0.25], "size": [1, 2, 1], "pivot": [-5.01952, 29.04067, 0.875], "rotation": [22.48072, 0.95645, -2.30991], "uv": [58, 58], "mirror": true},
						{"origin": [-8.42604, 28.39628, 0.25], "size": [1, 1, 1], "pivot": [-5.01952, 29.04067, 0.875], "rotation": [22.48072, 0.95645, -2.30991], "uv": [58, 58], "mirror": true}
					]
				},
				{
					"name": "bone3",
					"parent": "armorHead",
					"pivot": [-5.09582, 17.20921, 4.79227],
					"cubes": [
						{"origin": [-4.71397, 30.90861, 3.28906], "size": [1, 2, 1], "pivot": [-4.21397, 32.3657, 4.07743], "rotation": [-80, -27.5, 0], "uv": [12, 61]}
					]
				},
				{
					"name": "bone4",
					"parent": "bone3",
					"pivot": [-4.44867, 31.51419, 4.52829],
					"cubes": [
						{"origin": [-4.71397, 31.80704, 3.26549], "size": [1, 3, 1], "pivot": [-4.21397, 32.3657, 4.07743], "rotation": [-167.5, -27.5, 0], "uv": [12, 60]}
					]
				},
				{
					"name": "bone5",
					"parent": "bone4",
					"pivot": [-5.09582, 17.20921, 4.79227],
					"cubes": [
						{"origin": [-5.57448, 12.70921, 3.76998], "size": [2, 4, 2], "pivot": [-4.57448, 21.70921, 4.76998], "rotation": [180, 2.5, 0], "uv": [8, 44]}
					]
				},
				{
					"name": "bone6",
					"parent": "bone5",
					"pivot": [-4.57448, 24.70921, 4.76998],
					"cubes": [
						{"origin": [-6.07448, 16.70921, 3.76998], "size": [3, 4, 2], "pivot": [-4.57448, 21.70921, 4.76998], "rotation": [180, 2.5, 0], "uv": [8, 44]}
					]
				},
				{
					"name": "bone7",
					"parent": "bone6",
					"pivot": [-4.57448, 20.70921, 4.76998],
					"cubes": [
						{"origin": [-6.07448, 20.70921, 3.76998], "size": [3, 4, 2], "pivot": [-4.57448, 21.70921, 4.76998], "rotation": [180, 2.5, 0], "uv": [8, 44]}
					]
				},
				{
					"name": "bone8",
					"parent": "bone7",
					"pivot": [-5.09582, 17.20921, 4.79227],
					"cubes": [
						{"origin": [-5.57448, 24.70921, 3.76998], "size": [2, 4, 2], "pivot": [-4.57448, 21.70921, 4.76998], "rotation": [180, 2.5, 0], "uv": [8, 44]}
					]
				},
				{
					"name": "bone12",
					"parent": "bone8",
					"pivot": [-4.57448, 9.70921, 4.76998],
					"cubes": [
						{"origin": [-5.57448, 28.70921, 3.76998], "size": [2, 4, 2], "pivot": [-4.57448, 21.70921, 4.76998], "rotation": [180, 2.5, 0], "uv": [8, 44]}
					]
				},
				{
					"name": "bone13",
					"parent": "bone12",
					"pivot": [-4.57448, 9.70921, 4.76998],
					"cubes": [
						{"origin": [-5.07448, 8.70921, 4.26998], "size": [1, 4, 1], "pivot": [-4.57448, 9.70921, 4.76998], "rotation": [180, 10, 0], "uv": [12, 57]}
					]
				},
				{
					"name": "bone9",
					"parent": "bone8",
					"pivot": [-7.8383, 15.93467, 4.91201],
					"cubes": [
						{"origin": [-5.19582, 16.70921, 4.29227], "size": [1, 3, 1], "pivot": [-5.09582, 17.20921, 4.79227], "rotation": [179.35257, -2.41476, -164.98635], "uv": [10, 46]}
					]
				},
				{
					"name": "bone10",
					"parent": "bone9",
					"pivot": [-6.15312, 17.00927, 4.83843],
					"cubes": [
						{"origin": [-5.19582, 15.20921, 4.29227], "size": [1, 2, 1], "pivot": [-5.09582, 17.20921, 4.79227], "rotation": [177.89114, -1.34295, -122.47528], "uv": [10, 46]}
					]
				},
				{
					"name": "bone11",
					"parent": "bone10",
					"pivot": [-7.8383, 15.93467, 4.91201],
					"cubes": [
						{"origin": [-7.3383, 14.93467, 4.41201], "size": [1, 2, 1], "pivot": [-7.8383, 15.93467, 4.91201], "rotation": [177.69009, 0.95645, -67.51928], "uv": [10, 46]}
					]
				},
				{
					"name": "bone14",
					"parent": "armorHead",
					"pivot": [5.09582, 17.20921, 4.79227],
					"cubes": [
						{"origin": [3.71397, 30.90861, 3.28906], "size": [1, 2, 1], "pivot": [4.21397, 32.3657, 4.07743], "rotation": [-80, 27.5, 0], "uv": [12, 61], "mirror": true}
					]
				},
				{
					"name": "bone15",
					"parent": "bone14",
					"pivot": [4.44867, 31.51419, 4.52829],
					"cubes": [
						{"origin": [3.71397, 31.80704, 3.26549], "size": [1, 3, 1], "pivot": [4.21397, 32.3657, 4.07743], "rotation": [-167.5, 27.5, 0], "uv": [12, 60], "mirror": true}
					]
				},
				{
					"name": "bone16",
					"parent": "bone15",
					"pivot": [5.09582, 17.20921, 4.79227],
					"cubes": [
						{"origin": [3.57448, 12.70921, 3.76998], "size": [2, 4, 2], "pivot": [4.57448, 21.70921, 4.76998], "rotation": [180, -2.5, 0], "uv": [8, 44], "mirror": true}
					]
				},
				{
					"name": "bone17",
					"parent": "bone16",
					"pivot": [4.57448, 24.70921, 4.76998],
					"cubes": [
						{"origin": [3.07448, 16.70921, 3.76998], "size": [3, 4, 2], "pivot": [4.57448, 21.70921, 4.76998], "rotation": [180, -2.5, 0], "uv": [8, 44], "mirror": true}
					]
				},
				{
					"name": "bone18",
					"parent": "bone17",
					"pivot": [5.09582, 17.20921, 4.79227],
					"cubes": [
						{"origin": [3.07448, 20.70921, 3.76998], "size": [3, 4, 2], "pivot": [4.57448, 21.70921, 4.76998], "rotation": [180, -2.5, 0], "uv": [8, 44], "mirror": true}
					]
				},
				{
					"name": "bone19",
					"parent": "bone18",
					"pivot": [5.09582, 17.20921, 4.79227],
					"cubes": [
						{"origin": [3.57448, 24.70921, 3.76998], "size": [2, 4, 2], "pivot": [4.57448, 21.70921, 4.76998], "rotation": [180, -2.5, 0], "uv": [8, 44], "mirror": true}
					]
				},
				{
					"name": "bone20",
					"parent": "bone19",
					"pivot": [4.57448, 9.70921, 4.76998],
					"cubes": [
						{"origin": [3.57448, 28.70921, 3.76998], "size": [2, 4, 2], "pivot": [4.57448, 21.70921, 4.76998], "rotation": [180, -2.5, 0], "uv": [8, 44], "mirror": true}
					]
				},
				{
					"name": "bone21",
					"parent": "bone20",
					"pivot": [4.57448, 9.70921, 4.76998],
					"cubes": [
						{"origin": [4.07448, 8.70921, 4.26998], "size": [1, 4, 1], "pivot": [4.57448, 9.70921, 4.76998], "rotation": [180, -10, 0], "uv": [12, 57], "mirror": true}
					]
				},
				{
					"name": "bone22",
					"parent": "bone19",
					"pivot": [7.8383, 15.93467, 4.91201],
					"cubes": [
						{"origin": [4.19582, 16.70921, 4.29227], "size": [1, 3, 1], "pivot": [5.09582, 17.20921, 4.79227], "rotation": [179.35257, 2.41476, 164.98635], "uv": [10, 46], "mirror": true}
					]
				},
				{
					"name": "bone23",
					"parent": "bone22",
					"pivot": [6.15312, 17.00927, 4.83843],
					"cubes": [
						{"origin": [4.19582, 15.20921, 4.29227], "size": [1, 2, 1], "pivot": [5.09582, 17.20921, 4.79227], "rotation": [177.89114, 1.34295, 122.47528], "uv": [10, 46], "mirror": true}
					]
				},
				{
					"name": "bone24",
					"parent": "bone23",
					"pivot": [7.8383, 15.93467, 4.91201],
					"cubes": [
						{"origin": [6.3383, 14.93467, 4.41201], "size": [1, 2, 1], "pivot": [7.8383, 15.93467, 4.91201], "rotation": [177.69009, -0.95645, 67.51928], "uv": [10, 46], "mirror": true}
					]
				},
				{
					"name": "bipedBody",
					"pivot": [0, 24, 0]
				},
				{
					"name": "armorBody",
					"parent": "bipedBody",
					"pivot": [0, 24, 0]
				},
				{
					"name": "bone",
					"parent": "armorBody",
					"pivot": [0, 25, -4],
					"cubes": [
						{"origin": [-4, 18.75, -7.5], "size": [8, 3, 3], "pivot": [0, 25, -4], "rotation": [45, 0, 0], "uv": [42, 38]}
					]
				},
				{
					"name": "bone2",
					"parent": "bone",
					"pivot": [0, 22.34835, -2.76256],
					"cubes": [
						{"origin": [-1, 21.75, -6.5], "size": [2, 1, 3], "pivot": [0, 25, -4], "rotation": [45, 0, 0], "uv": [42, 44]}
					]
				},
				{
					"name": "bipedLeftArm",
					"pivot": [-4, 22, 0]
				},
				{
					"name": "armorLeftArm",
					"parent": "bipedLeftArm",
					"pivot": [-4, 22, 0]
				},
				{
					"name": "bipedRightArm",
					"pivot": [4, 22, 0]
				},
				{
					"name": "armorRightArm",
					"parent": "bipedRightArm",
					"pivot": [4, 22, 0]
				},
				{
					"name": "bipedLeftLeg",
					"pivot": [-2, 12, 0]
				},
				{
					"name": "armorLeftLeg",
					"parent": "bipedLeftLeg",
					"pivot": [-2, 12, 0]
				},
				{
					"name": "armorLeftBoot",
					"parent": "bipedLeftLeg",
					"pivot": [-2, 12, 0]
				},
				{
					"name": "bipedRightLeg",
					"pivot": [2, 12, 0]
				},
				{
					"name": "armorRightLeg",
					"parent": "bipedRightLeg",
					"pivot": [2, 12, 0]
				},
				{
					"name": "armorRightBoot",
					"parent": "bipedRightLeg",
					"pivot": [2, 12, 0]
				}
			]
		}
	]
}